order_id,customer_id,order_status,order_purchase_timestamp,order_approved_at,order_delivered_carrier_date,order_delivered_customer_date,order_estimated_delivery_date
e481f51cbdc54678b7cc49136f2d6af7,9ef432eb6251297304e76186b10a928d,delivered,02-10-2017 10:56,02-10-2017 11:07,04-10-2017 19:55,10-10-2017 21:25,18-10-2017 00:00
53cdb2fc8bc7dce0b6741e2150273451,b0830fb4747a6c6d20dea0b8c802d7ef,delivered,24-07-2018 20:41,26-07-2018 03:24,26-07-2018 14:31,07-08-2018 15:27,13-08-2018 00:00
47770eb9100c2d0c44946d9cf07ec65d,41ce2a54c0b03bf3443c3d931a367089,delivered,08-08-2018 08:38,08-08-2018 08:55,08-08-2018 13:50,17-08-2018 18:06,04-09-2018 00:00
949d5b44dbf5de918fe9c16f97b45f8a,f88197465ea7920adcdbec7375364d82,delivered,18-11-2017 19:28,18-11-2017 19:45,22-11-2017 13:39,02-12-2017 00:28,15-12-2017 00:00
ad21c59c0840e6cb83a9ceb5573f8159,8ab97904e6daea8866dbdbc4fb7aad2c,delivered,13-02-2018 21:18,13-02-2018 22:20,14-02-2018 19:46,16-02-2018 18:17,26-02-2018 00:00
a4591c265e18cb1dcee52889e2d8acc3,503740e9ca751ccdda7ba28e9ab8f608,delivered,09-07-2017 21:57,09-07-2017 22:10,11-07-2017 14:58,26-07-2017 10:57,01-08-2017 00:00
136cce7faa42fdb2cefd53fdc79a6098,ed0271e0b7da060a393796590e7b737a,invoiced,11-04-2017 12:22,13-04-2017 13:25,,,09-05-2017 00:00
6514b8ad8028c9f2cc2374ded245783f,9bdf08b4b3b52b5526ff42d37d47f222,delivered,16-05-2017 13:10,16-05-2017 13:22,22-05-2017 10:07,26-05-2017 12:55,07-06-2017 00:00
76c6e866289321a7c93b82b54852dc33,f54a9f0e6b351c431402b8461ea51999,delivered,23-01-2017 18:29,25-01-2017 02:50,26-01-2017 14:16,02-02-2017 14:08,06-03-2017 00:00
e69bfb5eb88e0ed6a785585b27e16dbf,31ad1d1b63eb9962463f764d4e6e0c9d,delivered,29-07-2017 11:55,29-07-2017 12:05,10-08-2017 19:45,16-08-2017 17:14,23-08-2017 00:00
e6ce16cb79ec1d90b1da9085a6118aeb,494dded5b201313c64ed7f100595b95c,delivered,16-05-2017 19:41,16-05-2017 19:50,18-05-2017 11:40,29-05-2017 11:18,07-06-2017 00:00
34513ce0c4fab462a55830c0989c7edb,7711cf624183d843aafe81855097bc37,delivered,13-07-2017 19:58,13-07-2017 20:10,14-07-2017 18:43,19-07-2017 14:04,08-08-2017 00:00
82566a660a982b15fb86e904c8d32918,d3e3b74c766bc6214e0c830b17ee2341,delivered,07-06-2018 10:06,09-06-2018 03:13,11-06-2018 13:29,19-06-2018 12:05,18-07-2018 00:00
5ff96c15d0b717ac6ad1f3d77225a350,19402a48fe860416adf93348aba37740,delivered,25-07-2018 17:44,25-07-2018 17:55,26-07-2018 13:16,30-07-2018 15:52,08-08-2018 00:00
432aaf21d85167c2c86ec9448c4e42cc,3df704f53d3f1d4818840b34ec672a9f,delivered,01-03-2018 14:14,01-03-2018 15:10,02-03-2018 21:09,12-03-2018 23:36,21-03-2018 00:00
dcb36b511fcac050b97cd5c05de84dc3,3b6828a50ffe546942b7a473d70ac0fc,delivered,07-06-2018 19:03,12-06-2018 23:31,11-06-2018 14:54,21-06-2018 15:34,04-07-2018 00:00
403b97836b0c04a622354cf531062e5f,738b086814c6fcc74b8cc583f8516ee3,delivered,02-01-2018 19:00,02-01-2018 19:09,03-01-2018 18:19,20-01-2018 01:38,06-02-2018 00:00
116f0b09343b49556bbad5f35bee0cdf,3187789bec990987628d7a9beb4dd6ac,delivered,26-12-2017 23:41,26-12-2017 23:50,28-12-2017 18:33,08-01-2018 22:36,29-01-2018 00:00
85ce859fd6dc634de8d2f1e290444043,059f7fc5719c7da6cbafe370971a8d70,delivered,21-11-2017 00:03,21-11-2017 00:14,23-11-2017 21:32,27-11-2017 18:28,11-12-2017 00:00
83018ec114eee8641c97e08f7b4e926f,7f8c8b9c2ae27bf3300f670c3d478be8,delivered,26-10-2017 15:54,26-10-2017 16:08,26-10-2017 21:46,08-11-2017 22:22,23-11-2017 00:00
203096f03d82e0dffbc41ebc2e2bcfb7,d2b091571da224a1b36412c18bc3bbfe,delivered,18-09-2017 14:31,19-09-2017 04:04,06-10-2017 17:50,09-10-2017 22:23,28-09-2017 00:00
f848643eec1d69395095eb3840d2051e,4fa1cd166fa598be6de80fa84eaade43,delivered,15-03-2018 08:52,15-03-2018 09:09,15-03-2018 19:52,19-03-2018 18:08,29-03-2018 00:00
2807d0e504d6d4894d41672727bc139f,72ae281627a6102d9b3718528b420f8a,delivered,03-02-2018 20:37,03-02-2018 20:50,05-02-2018 22:37,08-02-2018 16:13,21-02-2018 00:00
95266dbfb7e20354baba07964dac78d5,a166da34890074091a942054b36e4265,delivered,08-01-2018 07:55,08-01-2018 08:07,24-01-2018 23:16,26-01-2018 17:32,21-02-2018 00:00
f3e7c359154d965827355f39d6b1fdac,62b423aab58096ca514ba6aa06be2f98,delivered,09-08-2018 11:44,10-08-2018 03:24,10-08-2018 12:29,13-08-2018 18:24,17-08-2018 00:00
fbf9ac61453ac646ce8ad9783d7d0af6,3a874b4d4c4b6543206ff5d89287f0c3,delivered,20-02-2018 23:46,22-02-2018 02:30,26-02-2018 22:25,21-03-2018 22:03,12-03-2018 00:00
acce194856392f074dbf9dada14d8d82,7e20bf5ca92da68200643bda76c504c6,delivered,04-06-2018 00:00,05-06-2018 00:35,05-06-2018 13:24,16-06-2018 15:20,18-07-2018 00:00
dd78f560c270f1909639c11b925620ea,8b212b9525f9e74e85e37ed6df37693e,delivered,12-03-2018 01:50,12-03-2018 03:28,12-03-2018 21:06,21-03-2018 14:41,28-03-2018 00:00
91b2a010e1e45e6ba3d133fa997597be,cce89a605105b148387c52e286ac8335,delivered,02-05-2018 11:45,03-05-2018 12:55,10-05-2018 16:16,16-05-2018 20:56,23-05-2018 00:00
ecab90c9933c58908d3d6add7c6f5ae3,761df82feda9778854c6dafdaeb567e4,delivered,25-02-2018 13:50,25-02-2018 14:47,26-02-2018 22:28,27-03-2018 23:29,13-04-2018 00:00
f70a0aff17df5a6cdd9a7196128bd354,456dc10730fbdba34615447ea195d643,delivered,10-08-2017 11:58,12-08-2017 02:45,17-08-2017 15:35,18-08-2017 14:28,23-08-2017 00:00
1790eea0b567cf50911c057cf20f90f9,52142aa69d8d0e1247ab0cada0f76023,delivered,16-04-2018 21:15,16-04-2018 22:10,18-04-2018 13:05,05-05-2018 12:28,15-05-2018 00:00
989225ba6d0ebd5873335f7e01de2ae7,816f8653d5361cbf94e58c33f2502a5c,delivered,12-12-2017 13:56,14-12-2017 13:54,16-12-2017 00:18,03-01-2018 18:03,08-01-2018 00:00
d887b52c6516beb39e8cd44a5f8b60f7,d9ef95f98d8da3b492bb8c0447910498,delivered,03-02-2018 12:38,03-02-2018 12:50,05-02-2018 21:26,22-02-2018 00:07,07-03-2018 00:00
b276e4f8c0fb86bd82fce576f21713e0,cf8ffeddf027932e51e4eae73b384059,delivered,29-07-2018 23:34,29-07-2018 23:45,30-07-2018 14:43,31-07-2018 22:48,06-08-2018 00:00
8563039e855156e48fccee4d611a3196,5f16605299d698660e0606f7eae2d2f9,delivered,17-02-2018 15:59,17-02-2018 16:15,20-02-2018 23:03,20-03-2018 00:59,20-03-2018 00:00
60550084e6b4c0cb89a87df1f3e5ebd9,f5458ddc3545711efa883dd7ae7c4497,delivered,21-02-2018 18:15,23-02-2018 02:10,27-02-2018 18:52,13-03-2018 23:58,29-03-2018 00:00
5acce57f8d9dfd55fa48e212a641a69d,295ae9b35379e077273387ff64354b6f,delivered,31-07-2017 21:37,02-08-2017 02:56,03-08-2017 18:32,08-08-2017 21:24,22-08-2017 00:00
434d158e96bdd6972ad6e6d73ddcfd22,2a1dfb647f32f4390e7b857c67458536,delivered,01-06-2018 12:23,05-06-2018 03:35,08-06-2018 11:49,18-06-2018 21:32,17-07-2018 00:00
7206b86ea789983f7a273ea7fa0bc2a8,3391c4bc11a817e7973e498b0b023158,delivered,26-03-2018 17:12,26-03-2018 17:28,28-03-2018 17:22,05-04-2018 22:11,12-04-2018 00:00
1e7aff52cdbb2451ace09d0f848c3699,ddaff536587109b89777e0353215e150,delivered,19-05-2017 18:53,19-05-2017 19:05,22-05-2017 10:16,31-05-2017 13:58,12-06-2017 00:00
6ea2f835b4556291ffdc53fa0b3b95e8,c7340080e394356141681bd4c9b8fe31,delivered,24-11-2017 21:27,25-11-2017 00:21,13-12-2017 21:14,28-12-2017 18:59,21-12-2017 00:00
948097deef559c742e7ce321e5e58919,8644be24d48806bc3a88fd59fb47ceb1,delivered,04-08-2017 17:10,04-08-2017 17:25,07-08-2017 17:52,12-08-2017 14:08,01-09-2017 00:00
d22e9fa5731b9e30e8b27afcdc2f8563,756fb9391752dad934e0fe3733378e57,delivered,04-08-2018 23:25,04-08-2018 23:35,06-08-2018 15:03,13-08-2018 23:34,13-09-2018 00:00
ee64d42b8cf066f35eac1cf57de1aa85,caded193e8e47b8362864762a83db3c5,shipped,04-06-2018 16:44,05-06-2018 04:31,05-06-2018 14:32,,28-06-2018 00:00
6ebaec694d7025e2ad4a05dba887c032,4f28355e5c17a4a42d3ce2439a1d4501,delivered,18-05-2017 13:55,18-05-2017 14:05,19-05-2017 12:01,29-05-2017 12:47,09-06-2017 00:00
d17dc4a904426827ca80f2ccb3a6be56,569cf68214806a39acc0f39344aea67f,delivered,14-05-2017 20:28,14-05-2017 20:42,16-05-2017 08:17,25-05-2017 09:14,12-06-2017 00:00
25f4376934e13d3508486352e11a5db0,12fd2740039676063a874b9567dfa651,delivered,17-05-2018 16:59,18-05-2018 01:17,18-05-2018 13:02,21-05-2018 15:22,25-05-2018 00:00
5820a1100976432c7968a52da59e9364,2b56e94c2f66f2d97cfa63356f69cee8,delivered,29-07-2018 11:24,29-07-2018 11:44,30-07-2018 13:47,02-08-2018 22:09,13-08-2018 00:00
2ce1ad82022c1ba30c2079502ac725aa,7f2178c5d771e17f507d3c1637339298,delivered,09-08-2017 20:19,11-08-2017 04:15,11-08-2017 17:52,16-08-2017 17:16,31-08-2017 00:00
138849fd84dff2fb4ca70a0a34c4aa1c,9b18f3fc296990b97854e351334a32f6,delivered,01-02-2018 14:02,03-02-2018 02:53,06-02-2018 19:13,14-02-2018 13:41,23-02-2018 00:00
47aa4816b27ba60ec948cd019cc1afc1,148348ff65384b4249b762579532e248,delivered,26-06-2018 13:42,27-06-2018 08:35,27-06-2018 13:20,03-07-2018 18:37,20-07-2018 00:00
9faeb9b2746b9d7526aef5acb08e2aa0,79183cd650e2bb0d475b0067d45946ac,delivered,26-07-2018 14:39,26-07-2018 14:55,27-07-2018 12:04,31-07-2018 22:26,16-08-2018 00:00
641fb0752bf5b5940c376b3a8bb9dc52,f5afca14dfa9dc64251cf2b45c54c363,delivered,15-12-2017 00:06,15-12-2017 00:14,19-12-2017 01:58,03-01-2018 15:09,16-01-2018 00:00
e425680f760cbc130be3e53a9773c584,f178c1827f67a8467b0385b7378d951a,delivered,31-08-2017 08:15,31-08-2017 08:30,31-08-2017 20:06,04-09-2017 20:59,20-09-2017 00:00
40c5e18f7d112b59b3e5113a59a905b3,67407057a7d5ee17d1cd09523f484d13,delivered,11-06-2018 10:25,11-06-2018 10:58,14-06-2018 13:03,19-06-2018 00:31,16-07-2018 00:00
734e7d1bbaeb2ff82521ca0fe6fb6f79,2932d241d1f31e6df6c701d52370ae02,delivered,11-06-2018 08:18,11-06-2018 08:31,11-06-2018 14:54,14-06-2018 21:32,05-07-2018 00:00
66e4624ae69e7dc89bd50222b59f581f,684fa6da5134b9e4dab731e00011712d,delivered,09-03-2018 14:50,09-03-2018 15:40,15-03-2018 00:31,03-04-2018 13:28,02-04-2018 00:00
a685d016c8a26f71a0bb67821070e398,911e4c37f5cafe1604fe6767034bf1ae,delivered,13-03-2017 18:14,13-03-2017 18:14,22-03-2017 14:03,06-04-2017 13:37,30-03-2017 00:00
2edfd6d1f0b4cd0db4bf37b1b224d855,241e78de29b3090cfa1b5d73a8130c72,delivered,13-06-2017 21:11,15-06-2017 03:05,16-06-2017 14:55,19-06-2017 18:51,06-07-2017 00:00
68873cf91053cd11e6b49a766db5af1a,4632eb5a8f175f6fe020520ae0c678f3,delivered,30-11-2017 22:02,02-12-2017 02:51,04-12-2017 22:07,05-12-2017 20:28,18-12-2017 00:00
f346ad4ee8f630e5e4ddaf862a34e6dd,dd5095632e3953fc0947b8ab5176b0be,delivered,05-08-2018 13:09,05-08-2018 13:24,06-08-2018 13:41,10-08-2018 18:35,15-08-2018 00:00
8f06cc6465925031568537b815f1198d,9916715c2ab6ee1710c9c32f0a534ad2,delivered,15-11-2017 11:31,15-11-2017 11:46,16-11-2017 22:03,22-11-2017 22:41,05-12-2017 00:00
ccbabeb0b02433bd0fcbac46e70339f2,c77ee2d8ba1614a4d489a44166894938,delivered,19-02-2018 20:31,21-02-2018 06:15,22-02-2018 21:04,09-03-2018 22:22,13-03-2018 00:00
688052146432ef8253587b930b01a06d,81e08b08e5ed4472008030d70327c71f,delivered,22-04-2018 08:48,24-04-2018 18:25,23-04-2018 19:19,24-04-2018 19:31,15-05-2018 00:00
f271576bed568e896f99eb710cd3a6f8,5dda11942d4f77bee3a46d71e442aec4,delivered,07-01-2018 21:44,07-01-2018 21:51,10-01-2018 21:56,17-01-2018 20:26,14-02-2018 00:00
686541986ecfb7d9296eb67719973bf0,74805bc388861fa350ed2fade8444e0b,delivered,10-02-2018 13:26,10-02-2018 13:35,14-02-2018 20:47,20-02-2018 22:13,12-03-2018 00:00
68e48e68da1f50f7c5838ea75e3a20dd,4afc1dcca5fe8926fc97d60a4497f8ab,delivered,18-06-2018 16:02,18-06-2018 17:00,19-06-2018 15:55,22-06-2018 21:18,13-07-2018 00:00
b52cc4919de82b4d696a4380d10804a3,be8c14c16a4d47194ccdfe10f1fc5b1a,delivered,13-06-2018 13:47,15-06-2018 02:37,15-06-2018 14:22,18-06-2018 22:32,26-06-2018 00:00
fdf128b3630c21adc9ca4fb8a51b68ec,a9d37ddc8ba4d9f6dbac7d8ec378cc95,delivered,15-07-2018 08:33,16-07-2018 14:31,17-07-2018 15:33,24-07-2018 16:41,02-08-2018 00:00
a6aeb116d2cb5013eb8a94585b71ffef,bb2f5e670f7155dc622c57e4b31d0a69,delivered,13-09-2017 14:27,13-09-2017 14:44,15-09-2017 18:42,16-09-2017 15:40,25-09-2017 00:00
fa516182d28f96f5f5c651026b0749ee,55e6b290205c84ddd23ddf5eb134efd4,delivered,13-04-2018 08:44,13-04-2018 13:30,13-04-2018 22:19,19-04-2018 20:41,08-05-2018 00:00
6abaad69b8b349c3a529b4b91ce18e46,f5618502bee8eafdee72fb6955e2ebdf,delivered,15-02-2018 10:33,15-02-2018 10:47,20-02-2018 14:15,24-02-2018 19:15,07-03-2018 00:00
974c1993ab8024d3ed16229183c2308d,a90391a47de936d56c66a5366cba1462,delivered,20-02-2017 11:45,22-02-2017 03:10,23-02-2017 06:47,09-03-2017 14:27,21-03-2017 00:00
82bce245b1c9148f8d19a55b9ff70644,388025bec8128ff20ec1a316ed4dcf02,delivered,20-04-2017 17:15,21-04-2017 05:15,24-04-2017 09:34,10-05-2017 09:17,12-05-2017 00:00
a910f58086d58b3ae6f37aa712d377b9,afb19a4b667cb708caab312757ec3d3f,delivered,15-09-2017 09:19,15-09-2017 09:35,18-09-2017 18:20,25-09-2017 20:14,11-10-2017 00:00
bd4bd0194d6d29f83b8557d4b89b572a,636e15840ab051faa13d3f781b6e4233,delivered,28-07-2018 16:52,31-07-2018 03:50,01-08-2018 16:01,06-08-2018 18:44,08-08-2018 00:00
634e8f4c0f6744a626f77f39770ac6aa,05e996469a2bf9559c7122b87e156724,delivered,09-08-2017 18:32,09-08-2017 18:45,10-08-2017 20:21,16-08-2017 18:17,31-08-2017 00:00
6d25592267349b322799e2beb687871e,5bb39c890c91b1d26801aa19a9336eac,delivered,26-08-2018 22:04,28-08-2018 04:10,28-08-2018 12:56,29-08-2018 12:40,30-08-2018 00:00
b8801cccd8068de30112e4f49903d74a,f26a435864aebedff7f7c84f82ee229f,delivered,30-07-2017 03:06,30-07-2017 03:25,31-07-2017 16:42,01-08-2017 14:27,16-08-2017 00:00
2711a938db643b3f0b62ee2c8a2784aa,29cb486c739f9774c8eb542e07b56cd2,delivered,22-12-2017 00:17,23-12-2017 02:15,27-12-2017 19:54,09-01-2018 19:52,19-01-2018 00:00
3bc77ce8be27211bac313c2daa402d1a,bf141bf67fbe428d558bcf0e018eab60,delivered,06-04-2017 22:39,06-04-2017 22:50,07-04-2017 14:54,11-04-2017 12:31,27-04-2017 00:00
10c320f977c6a18f91b2d14be13128c6,b673f0597cb0c4d12778f731045f361a,delivered,09-05-2017 20:48,09-05-2017 21:02,10-05-2017 11:22,18-05-2017 13:22,01-06-2017 00:00
0a4a2fccb27bd83a892fa503987a595b,6772a0a230a2667d16c3620f000e1348,delivered,20-04-2017 20:42,20-04-2017 20:55,25-04-2017 08:23,11-05-2017 13:07,25-05-2017 00:00
e4de6d53ecff736bc68804b0b6e9f635,9f6618c17568ac301465fe7ad056c674,delivered,16-10-2017 14:56,17-10-2017 03:49,27-10-2017 22:14,08-11-2017 21:25,21-11-2017 00:00
6b860b35691d486e45dc98e3514ec5f6,fee181bf648906d1c57f84f216976286,delivered,08-12-2017 09:42,09-12-2017 02:49,11-12-2017 15:19,19-12-2017 18:43,03-01-2018 00:00
ec341c54a5ebf8ee0a67a8632aa7579b,df9b032b2ad0fd6bf37dfb48e5f83845,delivered,26-08-2017 16:53,27-08-2017 17:04,30-08-2017 13:26,08-09-2017 20:39,21-09-2017 00:00
cadbb3657dac2dbbd5b84b12e7b78aad,93ada7a24817edda9f4ab998fa823d16,delivered,27-02-2018 12:55,01-03-2018 02:48,03-03-2018 02:27,16-03-2018 14:59,29-03-2018 00:00
9defaf92cff22420e4e8ef7784815a55,64fb950e760ec8b0db79154a1fa9c1bf,delivered,11-05-2018 13:10,11-05-2018 13:36,16-05-2018 14:43,21-05-2018 16:09,05-06-2018 00:00
20e0101b20700188cadb288126949685,48558a50a7ba1aab61891936d2ca7681,delivered,22-01-2018 19:22,22-01-2018 19:36,24-01-2018 23:32,15-02-2018 20:08,19-02-2018 00:00
0e782c3705510e717d28907746cbda82,3a897024068ed42a183de61d5727d866,delivered,01-05-2018 08:12,01-05-2018 08:52,02-05-2018 19:01,04-05-2018 14:02,16-05-2018 00:00
d3d6788577c9592da441752e8a1dd5e3,8628fac2267e8c8804525da99c10ed0e,delivered,19-09-2017 22:17,20-09-2017 07:55,22-09-2017 17:23,10-10-2017 18:43,13-10-2017 00:00
86f21bf63784876b9fd6d35f46581d72,332df68ccac2f2f7d9e11299188f8bce,delivered,11-04-2018 22:32,11-04-2018 22:49,14-04-2018 00:02,27-04-2018 23:14,21-05-2018 00:00
8447ff843b2616c50c0ced28ab1dae03,e28dd4261bed9c7ba89ecaf411b88f7c,delivered,20-12-2017 23:45,22-12-2017 02:37,23-12-2017 13:10,09-01-2018 18:14,22-01-2018 00:00
f169bd689fb8b32ccd62df9050aebc0b,82f0b75bb50fcb30711e5277e36b3983,delivered,22-04-2018 23:23,24-04-2018 19:24,27-04-2018 13:46,30-04-2018 17:57,07-05-2018 00:00
77e9941864fc840be8e4b1ba5347c0f7,3135962ee745ef39b85576df7ddbaa99,delivered,03-08-2018 08:59,03-08-2018 09:31,03-08-2018 10:10,17-08-2018 00:49,27-08-2018 00:00
41bb5cee06dbf170878a9ef93ac7e7f5,1833a0540067becaf59368fe4cd4303a,delivered,14-05-2018 08:35,14-05-2018 08:52,16-05-2018 14:46,18-05-2018 14:48,08-06-2018 00:00
6a0a8bfbbe700284feb0845d95e0867f,68451b39b1314302c08c65a29f1140fc,delivered,22-11-2017 11:32,22-11-2017 11:46,27-11-2017 13:39,28-12-2017 19:43,11-12-2017 00:00
f7959f8385f34c4f645327465a1c9fc4,0bf19317b1830a69e55b40710576aa7a,delivered,30-03-2017 07:50,30-03-2017 08:05,30-03-2017 10:55,10-04-2017 02:59,26-04-2017 00:00
23f553848a03aaab35bb3f9f87725125,c622b892a190735ef81c0087973fa16d,delivered,05-06-2018 09:10,05-06-2018 09:32,06-06-2018 15:37,18-06-2018 12:36,23-07-2018 00:00
e3447938231fb6ba2fee0231b51eca59,2c3642e1392097fb4af76a76fec16a46,delivered,26-08-2018 11:04,26-08-2018 11:15,27-08-2018 15:52,28-08-2018 21:06,30-08-2018 00:00
e346cd9299371b18c0b28e8e29a5e376,fb9590a1e30e0ba8304ea73a31325797,delivered,17-05-2017 08:36,17-05-2017 08:45,17-05-2017 10:13,23-05-2017 13:32,06-06-2017 00:00
a5474c0071dd5d1074e12d417078bbd0,ef15b3240b2083e0487762ee2978d2b8,delivered,30-07-2018 22:41,01-08-2018 02:50,02-08-2018 10:35,03-08-2018 19:28,02-08-2018 00:00
0760a852e4e9d89eb77bf631eaaf1c84,d2a79636084590b7465af8ab374a8cf5,invoiced,03-08-2018 17:44,07-08-2018 06:15,,,21-08-2018 00:00
bb7c5cf4dff9994daeab7c8ee9d287aa,9a4900710ff76d73cb3a0d152e73adf0,delivered,01-03-2018 22:14,02-03-2018 22:08,05-03-2018 17:32,09-03-2018 14:48,26-03-2018 00:00
66d03fb3c4b0f80b5db04ef9c260336d,c39bde0d4030d5e31e654f0c20db9786,delivered,06-02-2018 21:09,06-02-2018 21:29,07-02-2018 17:13,16-02-2018 20:24,07-03-2018 00:00
a6cd683d4bd3b9b1f0aa37b27f8116d3,48f239e15744ed5e7ffbafc6bb6e882b,delivered,28-01-2017 23:45,29-01-2017 01:31,01-02-2017 14:25,10-02-2017 17:30,10-03-2017 00:00
bfe42c22ecbf90bc9f35cf591270b6a7,803ac05904124294f8767894d6da532b,delivered,27-01-2018 22:04,27-01-2018 22:16,03-02-2018 03:56,09-02-2018 20:16,26-02-2018 00:00
e1da8361c76cab67aa3588a1fbf1af54,dd854e24b40e3bc2b306946dee252015,delivered,01-07-2017 15:42,04-07-2017 04:10,04-07-2017 14:52,12-07-2017 20:17,25-07-2017 00:00
af5b0604e113e1526593d505a26ef39d,b896b244963dc7543d400ad82d6710e0,delivered,27-09-2017 12:07,27-09-2017 12:26,29-09-2017 22:25,30-09-2017 17:13,16-10-2017 00:00
9d531c565e28c3e0d756192f84d8731f,d4faa220408c20e53595d2950f361f3b,delivered,28-11-2017 21:00,01-12-2017 09:31,14-12-2017 20:37,23-01-2018 21:38,22-12-2017 00:00
4da3bd761ca73d692ae0f5c252495546,65ee4aa816cda8ad41e05c75e1cb691e,delivered,01-02-2018 12:31,01-02-2018 12:54,02-02-2018 00:39,02-02-2018 16:12,19-02-2018 00:00
80d817467dc3d0a4bb5ab8986c962b1f,a4a2abd07b1cdd4902cf245cdfa1451d,delivered,22-08-2018 16:10,22-08-2018 16:25,23-08-2018 14:33,28-08-2018 14:52,05-09-2018 00:00
c75acba615d2db29345327974641467d,2b47ff70d422cc3ada976dea40f48782,delivered,06-07-2018 23:36,07-07-2018 10:10,10-07-2018 14:25,13-07-2018 17:18,10-08-2018 00:00
210e60465099814a1d2c7635e4065153,fc849c5fbc7e2b0c7cfebc138886c693,delivered,09-05-2018 18:27,09-05-2018 18:54,10-05-2018 16:07,22-05-2018 00:08,29-05-2018 00:00
8fc207e94fa91a7649c5a5dab690272a,c69f8b33e62ecb30ff78ae46d7fb9241,delivered,26-11-2017 17:49,26-11-2017 17:58,28-11-2017 23:17,20-01-2018 13:42,19-12-2017 00:00
4b3a605942f29d490cb74bd6ace6b9f0,e8a332c3433fbd37920ec89fc295d075,delivered,29-09-2017 09:32,29-09-2017 09:44,29-09-2017 21:58,30-09-2017 16:55,17-10-2017 00:00
1c35ac660d7ef6691b25d20df3d6eccb,68c85132eb3b96fbe6cbddc09a568d24,delivered,27-06-2017 23:11,27-06-2017 23:35,28-06-2017 14:28,29-06-2017 10:16,10-07-2017 00:00
01a75ac3dd000b7628a684be97c29234,57ee2ef64f17a5f9a4bf30489b06326c,delivered,23-01-2018 10:32,23-01-2018 10:59,26-01-2018 19:12,07-02-2018 14:59,21-02-2018 00:00
0c6b011f8a4f87010c23995f5807d152,a78b75a2ad06180de06b82857ca442b3,delivered,20-08-2018 18:24,20-08-2018 18:35,21-08-2018 11:53,28-08-2018 13:43,13-09-2018 00:00
ee0c5c649e17808bc4a363d3a80ebf85,cc3590e4afbb4b3e056b50a80a6a7d0c,delivered,30-01-2018 07:51,30-01-2018 08:13,31-01-2018 15:06,20-02-2018 15:25,21-02-2018 00:00
f2fa3795760c35b8c05fa8e2f09d5143,fac60d7c4df3896a5af5db6c91e03797,delivered,31-03-2018 14:20,03-04-2018 05:10,05-04-2018 00:44,07-04-2018 00:06,04-05-2018 00:00
3923e3ade70348985bd2ca389905cf19,6454e6cba392b35aa21527063026fc92,delivered,07-03-2018 23:00,09-03-2018 03:00,14-03-2018 02:08,19-03-2018 18:46,29-03-2018 00:00
e37797aedc7cd4ef82278fbc169eecaf,4c9c7c2b6de6ee2568681b5599bb7495,delivered,08-05-2018 22:12,08-05-2018 22:31,10-05-2018 13:35,14-05-2018 18:55,23-05-2018 00:00
35660aec0cc42b6257e24281ee0e6255,b53cc3c992caaa45ec73cfdde4d839b5,delivered,30-03-2017 14:46,30-03-2017 14:55,10-04-2017 18:53,27-04-2017 11:08,12-05-2017 00:00
b01875821b8dcb6abc61776f0f971bce,818596f5b68adfe2c11498ebb6d39e02,delivered,24-11-2017 21:55,25-11-2017 01:31,28-11-2017 22:37,01-12-2017 21:11,15-12-2017 00:00
5164933efe0cd14f31424b9badf81f19,d0e71d7a6dbca8ac513ac63d08a81fa0,delivered,25-04-2018 22:18,25-04-2018 22:31,26-04-2018 12:35,27-04-2018 16:50,14-05-2018 00:00
06a6627d9cc91a04e9d146bf65fee0a2,61449fa1b8b8998c9c3f3a7f0ae954ef,delivered,16-07-2017 10:27,16-07-2017 10:35,18-07-2017 12:34,21-07-2017 19:59,04-08-2017 00:00
15bed8e2fec7fdbadb186b57c46c92f2,f3f0e613e0bdb9c7cee75504f0f90679,processing,03-09-2017 14:22,03-09-2017 14:30,,,03-10-2017 00:00
5447160f15621601fa9ba2b94f4906b3,9c338ea8093192e203bc16add78c123c,delivered,21-11-2017 12:08,21-11-2017 12:40,22-11-2017 20:17,28-11-2017 20:33,14-12-2017 00:00
01855f880aae9a984c7c33b26fcf2e02,2e068340b3037f667ce3224bd59260af,delivered,19-10-2017 15:08,19-10-2017 15:35,23-10-2017 13:14,24-10-2017 15:57,31-10-2017 00:00
65312c6e4ce03c0fb633a4ac541949d8,228da462edabbbc68e6d265087499705,delivered,22-07-2018 15:19,23-07-2018 12:32,25-07-2018 10:06,02-08-2018 21:08,13-08-2018 00:00
741fd1b80f015f170a7f458cf86769b8,df5c9e02596851fcbfc98804e4108bbd,delivered,02-12-2017 14:28,02-12-2017 14:38,04-12-2017 21:54,11-12-2017 16:17,04-01-2018 00:00
b16cec67cb3f5a4bb31abe8988b43d19,62ffae18a7ca4b2e681c6296180ae346,delivered,26-03-2018 09:14,26-03-2018 09:28,27-03-2018 17:21,29-03-2018 20:08,20-04-2018 00:00
e6190dea235662449d160357e46eaec8,b80feb27fb4955a21bca55fdb039af17,delivered,09-01-2018 06:37,09-01-2018 07:27,09-01-2018 18:35,15-01-2018 14:56,06-02-2018 00:00
8eeda294fab8a5ed70259afb59a10ff8,6feea03756fd7ef4fb37d8f7e44aaeb9,delivered,06-02-2018 18:25,07-02-2018 02:35,07-02-2018 22:15,14-02-2018 19:07,08-03-2018 00:00
89165e6d4c28047da0adf13ac8b3e1b3,4924a47e8cd5630b3564e26fac55c5ec,delivered,18-07-2018 13:39,18-07-2018 13:50,24-07-2018 14:14,26-07-2018 18:26,30-07-2018 00:00
f376081d7c5f1767fbc7fae2d19ca32e,d68901955dc622165460ba6cb4ac49f3,delivered,28-03-2017 16:03,28-03-2017 16:15,29-03-2017 13:23,31-03-2017 10:07,17-04-2017 00:00
4b87488fb6269f8321508923b95da4d6,e42998ccffc48dc87bf70b37e2d61f33,delivered,08-06-2018 12:19,08-06-2018 12:37,11-06-2018 08:23,15-06-2018 20:58,05-07-2018 00:00
e9ce52cd563d0124dced659e69eab10a,9a80c8377644236e27f59e83862f1ae2,delivered,10-07-2017 12:23,12-07-2017 02:10,13-07-2017 18:35,17-07-2017 17:03,28-07-2017 00:00
9344ccd01ff5fa7ec2aef0ee7e1c49c3,4fd75fb5ef1f01c7585bf746092a1544,delivered,16-05-2018 16:10,18-05-2018 04:54,21-05-2018 07:09,24-05-2018 19:04,04-06-2018 00:00
f4471dae8c482f51aa1826cd9f5d4433,167b9485947ed0a354a3f8dad04eb199,delivered,05-07-2018 18:40,05-07-2018 18:55,10-07-2018 15:10,11-07-2018 21:16,19-07-2018 00:00
aeb4c9d05ab11d7c6c9ca24f8c43bd70,fa5c31ea5a141cb29a683b6420f2693a,delivered,20-09-2017 17:12,21-09-2017 14:44,22-09-2017 17:54,28-09-2017 19:47,18-10-2017 00:00
33a3edb84b9df4cb49546859b990ac6d,35ec6c1ca9e5844c5ca94214cce16dca,delivered,21-02-2018 17:15,22-02-2018 16:10,23-02-2018 22:42,22-03-2018 00:03,16-03-2018 00:00
9885fff91f7c807525f8320e5292a3db,83257fb6f3a1edd3a75464178aa3f382,delivered,10-01-2018 14:18,11-01-2018 02:48,12-01-2018 14:15,24-01-2018 23:16,31-01-2018 00:00
e7a65190baa4e6fd192246157c0b81fb,7d986867cfcd083f25ad4f692bd2df06,delivered,26-04-2017 16:14,27-04-2017 17:22,28-04-2017 12:43,12-05-2017 14:04,29-05-2017 00:00
62a12e4d2a742b2491d7c00d2d79bf52,b60550c21000f91484c7d2aa2b8c522e,delivered,27-11-2017 19:24,27-11-2017 19:39,28-11-2017 22:58,08-12-2017 15:41,27-12-2017 00:00
90349f264a3d6a2525a34598d09dda6b,d19f254a07da73a055409256e9bfe40a,delivered,11-05-2018 16:35,12-05-2018 03:32,14-05-2018 15:16,15-05-2018 18:38,21-05-2018 00:00
95cf9f239f724799131f7ca949209bd9,7251aa758779438faea714941f1051c4,delivered,25-05-2018 08:54,25-05-2018 09:16,28-05-2018 15:43,30-05-2018 15:06,12-06-2018 00:00
04a59fe46fc5aa341da5378c195ed53c,2d8748fb35d51c2fd273ee67fff78b7a,delivered,26-11-2017 09:32,28-11-2017 09:35,28-11-2017 19:18,11-12-2017 19:03,19-12-2017 00:00
86b37610c0e86e94afe3d5ba4b73fa14,86ff82570097f39b2193254f540e4a69,delivered,17-11-2017 21:14,22-11-2017 02:49,22-11-2017 17:37,05-12-2017 20:23,20-12-2017 00:00
5c2d1d55c31db1cbe069dc9b6454b897,15bea20cd005ed59d34db54c6b32ec98,delivered,23-07-2018 18:27,24-07-2018 10:32,25-07-2018 14:10,01-08-2018 19:31,10-08-2018 00:00
1d067305b599c1e0dceb3864056ea527,0489975a325480c9e385e9f135bb13c3,delivered,14-02-2018 13:05,14-02-2018 13:15,20-02-2018 20:12,09-03-2018 21:52,09-03-2018 00:00
abc5ec9ecaec740b498a37f19c29a8c0,85aa7dc7ea24c96b5ac7864f13922495,delivered,30-04-2017 22:43,30-04-2017 22:55,02-05-2017 13:58,12-05-2017 12:04,05-06-2017 00:00
6942b8da583c2f9957e990d028607019,52006a9383bf149a4fb24226b173106f,shipped,10-01-2018 11:33,11-01-2018 02:32,11-01-2018 19:39,,07-02-2018 00:00
c3cb4c7c4b963ab08b07a5dca5baf05d,38ccd077e65d89b8a720be73bfaa9c6f,delivered,15-05-2017 16:29,16-05-2017 03:35,17-05-2017 09:24,23-05-2017 12:51,08-06-2017 00:00
af66c46c49bdb3bf2f862efb1eb67d81,9e3a06f863456c3934b9d26037c119cd,delivered,22-07-2017 19:16,22-07-2017 19:25,25-07-2017 19:14,31-07-2017 18:17,11-08-2017 00:00
14e6e050a57912543937e93051cc7b2c,d006bd8339ac9891923132af6408f557,delivered,24-06-2018 19:01,24-06-2018 19:20,25-06-2018 15:57,28-06-2018 13:03,27-07-2018 00:00
cefa8ee1540139ac77fa0c1b4ff1f04b,3b9388d1014c8090f77595c5e9f2ce94,delivered,02-07-2018 12:54,02-07-2018 13:10,03-07-2018 15:04,06-07-2018 11:52,25-07-2018 00:00
265f4e28ef8cf69f8445e2951bbe7343,c572fd6cdd98e87ea2bc433b6da21078,delivered,06-03-2017 00:14,06-03-2017 00:33,06-03-2017 09:54,20-03-2017 09:28,11-04-2017 00:00
34276839abbc2d596eb36540d36c624c,6968ea6ff6368619de4d031a15d5c9a6,delivered,04-10-2017 23:02,04-10-2017 23:14,05-10-2017 18:37,20-10-2017 16:18,09-11-2017 00:00
556bbf53c2c22fbb9ef31a414dd444a6,5883f965ac70043c2e908c3657c5d548,delivered,21-12-2017 17:43,21-12-2017 17:56,26-12-2017 16:59,04-01-2018 21:56,22-01-2018 00:00
36530871a5e80138db53bcfd8a104d90,4dafe3c841d2d6cc8a8b6d25b35704b9,shipped,09-05-2017 11:48,11-05-2017 11:45,11-05-2017 13:21,,08-06-2017 00:00
b2bd1f09c1b8a4a36940f6f6e49d5dec,8ed14e450a6268ec13f325e7c2eafeed,delivered,02-02-2018 16:15,02-02-2018 16:36,06-02-2018 01:28,20-02-2018 18:09,07-03-2018 00:00
e69e2290db6b2d3b7593a40112e1a82a,3a017955f82b5bf61bb51aec865a01ca,delivered,01-06-2018 11:26,02-06-2018 03:15,04-06-2018 13:08,05-06-2018 17:44,04-07-2018 00:00
c8627adf430caff83161acbeb344d8f5,078d86e7bf40b188f0e5ed6d866c21c4,delivered,09-08-2018 16:23,09-08-2018 17:30,10-08-2018 12:32,14-08-2018 19:12,21-08-2018 00:00
1370fae9b19ee5e01a2d609eb18b7c8a,22eb8142d6313bab19fa6c657170ae6b,delivered,15-11-2017 13:47,15-11-2017 13:55,17-11-2017 15:12,06-12-2017 01:12,14-12-2017 00:00
a7cd6af6e0519313887b3c3a120f20ca,a559b10d4f093640a0ed4693ce16ed02,delivered,26-04-2018 11:59,26-04-2018 12:11,27-04-2018 11:49,03-05-2018 02:52,07-05-2018 00:00
663830a477534735bbdec9de01113fa2,c1ddb7521d14db9071dccad0a94305c2,delivered,15-07-2018 12:37,16-07-2018 12:30,16-07-2018 14:33,23-07-2018 23:56,13-08-2018 00:00
b2f3763408103bc7173bb36ed02dbeea,d0e6cb83a3fc27f56be011b2941f54c6,delivered,30-05-2018 22:33,30-05-2018 22:55,11-06-2018 14:44,18-06-2018 23:07,16-07-2018 00:00
0dad6beca7ed0e352668498c29089900,2528510465c7572dedee4431a7d52e08,delivered,02-12-2017 14:08,02-12-2017 14:17,08-12-2017 21:21,13-12-2017 09:44,27-12-2017 00:00
93ec3e2c9a4beee38c28973d307093e1,330ca6b207006779da875ef48faef608,delivered,29-03-2018 14:27,29-03-2018 14:35,04-04-2018 23:16,06-04-2018 22:52,11-04-2018 00:00
5561adcb0fd46da4cad3048fa4e7fc00,819b0aa9b717f6d78c0f72211bafebe3,delivered,25-06-2018 15:36,25-06-2018 15:58,26-06-2018 14:58,27-06-2018 17:18,11-07-2018 00:00
6245ae0abd9de1ae647b5da78c0ea69b,d68585c54450af4bfc04cc6cccbcd607,delivered,11-09-2017 07:54,11-09-2017 08:10,13-09-2017 18:22,16-09-2017 16:12,27-09-2017 00:00
ce9feeba53c652dd6569cca62e2bb287,f7398fc942c8fa80e5419ae52e49f7fb,delivered,15-04-2018 19:42,15-04-2018 19:55,19-04-2018 14:32,20-04-2018 23:12,26-04-2018 00:00
565923f847aad52e7638eb189cce3b51,a2cb2bc236e62cf807925d6cecc245c6,delivered,13-01-2018 08:19,13-01-2018 08:29,15-01-2018 22:55,23-01-2018 18:22,15-02-2018 00:00
36ebb4199031e72a1fa964549b88c377,eecf2b94cdbe9ef6245fabb5e091c987,delivered,04-04-2018 08:39,04-04-2018 08:50,07-04-2018 00:49,16-04-2018 23:35,02-05-2018 00:00
232b75e8b6faa6ca2063184414e634a7,0a11cb0fb65032da800b780afcc1a1b7,delivered,26-09-2017 12:32,27-09-2017 03:35,04-10-2017 08:03,09-10-2017 18:32,20-10-2017 00:00
ee990334acb0ff9333b01afa465f3006,a8331c35b57d8fe09e8df1c06509de29,delivered,28-02-2018 17:00,02-03-2018 02:10,02-03-2018 22:18,22-03-2018 10:18,02-04-2018 00:00
780fe22baa36991bdbb1559f5b549596,e1862648f338ecaf4242e8e2b59126ca,delivered,22-04-2017 19:26,22-04-2017 19:41,24-04-2017 11:04,28-04-2017 14:37,15-05-2017 00:00
58ac1947c1a9067b9f416cba6d844a3f,ee8e1d37f563ecc11cc4dcb4dfd794c2,delivered,13-09-2017 09:18,13-09-2017 13:45,14-09-2017 21:20,21-09-2017 21:16,25-09-2017 00:00
ba4ddff2b9082f079de9a84d7a5605fd,fbfba770bf13f470f63d1854a765a2d3,delivered,18-01-2018 09:30,18-01-2018 09:38,18-01-2018 23:43,20-01-2018 17:56,02-02-2018 00:00
75351e48296ef42211a0b80c427aae57,cf9e2b07f78cce347089900f49fb4746,delivered,14-03-2017 16:25,14-03-2017 16:25,30-03-2017 13:22,03-04-2017 13:37,10-04-2017 00:00
64a2b20e6611bf80d933549f4c45ad84,de62761e79f4ae4169cab45ed5f36026,delivered,20-12-2017 12:30,21-12-2017 02:11,22-12-2017 20:41,09-01-2018 15:44,19-01-2018 00:00
775130c792f4c6460c63162e994a1114,d4cd9729eeca5306a2c039fe6e55601e,delivered,04-12-2017 17:24,04-12-2017 18:30,05-12-2017 16:09,11-12-2017 18:52,04-01-2018 00:00
b0928556a10706af462ca2ab2c91903b,0b9e85491c194a97516c87f30a93abfa,delivered,03-08-2018 22:23,03-08-2018 22:35,06-08-2018 13:40,14-08-2018 18:16,23-08-2018 00:00
5487a8ac1699754d975f853ce8bb9321,a51b373c427132a77b112ca10f502c4f,delivered,29-03-2018 14:29,03-04-2018 05:48,04-04-2018 01:13,08-04-2018 16:22,20-04-2018 00:00
00571ded73b3c061925584feab0db425,3c628393675b42c6b5ef89461f68ecef,delivered,18-05-2017 20:59,18-05-2017 21:10,22-05-2017 15:50,30-05-2017 09:12,12-06-2017 00:00
74ebfa44a323c96a7760bd693d690a3d,13fd7ce9f08449dec2533119379a2527,delivered,16-06-2017 00:22,16-06-2017 00:35,16-06-2017 15:37,26-06-2017 13:49,18-07-2017 00:00
37104fd8b73d0691fda9491fe8906808,328d7a69cb9cbaf088eed3ed778804bb,delivered,05-07-2017 09:16,07-07-2017 02:50,07-07-2017 21:03,17-07-2017 17:23,07-08-2017 00:00
b6b3633f97c686d8e188ac6fa29ff20d,8d3d362741da05c706eb55001bdfa1b9,delivered,27-07-2018 12:45,27-07-2018 13:04,02-08-2018 13:33,06-08-2018 17:20,17-08-2018 00:00
37e32b54f25d2472acbc642f7e539a36,0f5b40f9925b49675464fb74869c6547,delivered,08-07-2017 14:12,08-07-2017 14:25,11-07-2017 14:36,17-07-2017 20:39,03-08-2017 00:00
43d88b0e949865904334dd5b3ca63f50,aa601b3c45980c0918042d5ca7a25054,delivered,15-03-2018 16:59,15-03-2018 17:15,19-03-2018 15:03,20-03-2018 16:13,02-04-2018 00:00
5e99f3c445038a0709b2aea8e34ed593,243ee97e01766bf68c3e30f0fe572490,delivered,25-06-2017 19:30,25-06-2017 19:45,26-06-2017 18:41,04-07-2017 10:51,14-07-2017 00:00
f61b61c2cbb4192ccaf9c2c76a4cc971,525125633cfc0f64d4a991240953f2b5,delivered,28-02-2018 21:27,28-02-2018 21:48,07-03-2018 01:38,09-03-2018 13:46,13-03-2018 00:00
6d7de866a140b19d09e825b2a4e944c7,9e5ce657315b2bdb94033a494041ac25,delivered,16-04-2018 21:07,16-04-2018 22:10,17-04-2018 20:54,24-04-2018 20:38,15-05-2018 00:00
3f849648ffbabb0562c7668f212e3e88,a338f42b6e47cb49d5c5128a348b76ba,delivered,15-05-2018 19:55,16-05-2018 08:36,18-05-2018 15:26,07-06-2018 13:58,06-06-2018 00:00
7c18eddfcd24680d80a502346221614e,b7ee9b824b4a83b389379ac70585bf3b,delivered,13-07-2018 15:45,13-07-2018 16:04,16-07-2018 09:53,24-07-2018 20:16,09-08-2018 00:00
6fa204b6cf6dcfe6c9adca7dc53aa32a,56dfafb543cfa4c2edcc08b9b2c5f0c6,delivered,01-08-2017 18:52,03-08-2017 03:04,03-08-2017 16:17,05-08-2017 12:14,21-08-2017 00:00
58d4c4747ee059eeeb865b349b41f53a,1755fad7863475346bc6c3773fe055d3,delivered,21-07-2018 12:49,26-07-2018 23:31,24-07-2018 12:57,25-07-2018 23:58,31-07-2018 00:00
a840a7a89e3d9137358eb7b9408681fe,5e320e6a4f03e2e74bc22e1158237fbe,delivered,09-03-2017 22:17,09-03-2017 22:17,10-03-2017 16:23,16-03-2017 08:24,28-03-2017 00:00
40001f4b6e1a35f0b99fc4f44078ab27,1690401c1e48c9526a79e72ba8c069a2,delivered,09-12-2017 17:27,09-12-2017 17:37,12-12-2017 17:17,04-01-2018 21:23,01-02-2018 00:00
287c56aa824d8d1ea40246ad12013f62,5232c22d7ed2b631db6b2cab74b2c5f2,delivered,01-08-2018 10:48,02-08-2018 10:45,03-08-2018 10:30,07-08-2018 13:59,10-08-2018 00:00
694630e7a7713c116a9b7f0ba3377382,5a771152dd93d31af819d708942afec6,delivered,09-04-2018 13:56,11-04-2018 05:50,11-04-2018 22:46,16-04-2018 20:58,03-05-2018 00:00
f26f92a3da58e9c771820a7b4d9a6800,597950088114c1a9e2b27459051f40ff,delivered,10-02-2018 19:27,10-02-2018 19:35,14-02-2018 23:09,19-02-2018 15:07,26-02-2018 00:00
d1f54c6a2a7015c5687439d6d4e971ba,be0db8a12224c280772baf2ccb468e5e,delivered,27-04-2017 11:08,27-04-2017 11:22,27-04-2017 11:51,15-05-2017 12:00,16-06-2017 00:00
37d6c8f1b209eab8d1b6522a1a3e4d88,fe4b93d8b5d38fc72f20a95f93511cae,delivered,06-12-2017 15:26,08-12-2017 02:54,11-12-2017 23:10,13-12-2017 18:03,27-12-2017 00:00
f9f76d0f8ab416a42a2a3dad0d710162,e4a32f8f3648818820a821cd577ccdba,delivered,30-11-2017 22:37,01-12-2017 10:31,01-12-2017 20:13,08-12-2017 20:56,26-12-2017 00:00
a03ad7057fae696dd18f8967826c209f,7df71d1652cfba8b2a70cf665c960f74,delivered,05-06-2017 13:24,07-06-2017 19:42,08-06-2017 16:18,16-06-2017 14:04,28-06-2017 00:00
c93e4c73cba512f76817291e0de8bec4,9f5a2f912f123d541a318029712fe90b,delivered,12-09-2017 16:32,12-09-2017 16:45,13-09-2017 22:39,22-09-2017 16:43,04-10-2017 00:00
412fccb2b44a99b36714bca3fef8ad7b,c6865c523687cb3f235aa599afef1710,delivered,22-07-2018 22:30,23-07-2018 12:31,23-07-2018 12:24,24-07-2018 19:26,31-07-2018 00:00
67b47f35ec923e39f1203f3cfa80f5e3,0dd5a932b1e29daa12845dbf696cbb54,delivered,03-06-2018 18:24,03-06-2018 18:49,04-06-2018 15:11,08-06-2018 18:58,11-07-2018 00:00
b616f638cd86d92c7cbd06cf7484ee34,8458f7ae02bda5950ce48c01a720559a,delivered,23-05-2018 16:37,23-05-2018 16:56,24-05-2018 16:13,06-06-2018 14:06,08-06-2018 00:00
258f2e5dd769d9314b349f5650005dcc,148ecba880f508ca2d5b6744b6a7b6c5,delivered,03-02-2018 10:51,03-02-2018 11:10,06-02-2018 18:49,23-02-2018 20:59,13-03-2018 00:00
f90202d14e468090464aeb4b1f0372ab,d4c5a2a1316f738e72e179d6bb3b6d8f,delivered,17-05-2018 08:33,17-05-2018 08:59,23-05-2018 12:24,01-06-2018 23:27,04-06-2018 00:00
615ae1b88a25a4ac47fbf55c9c847b6e,25daddfce277eafad87c4d28d71d8229,delivered,10-08-2018 13:42,10-08-2018 13:55,13-08-2018 10:37,20-08-2018 23:38,30-08-2018 00:00
52f166ce5fa053bbb27d317e4fd231b7,1b848bc58de81ae1b800cf3a4571bedf,delivered,18-04-2018 20:13,18-04-2018 20:32,20-04-2018 22:38,26-04-2018 20:11,11-05-2018 00:00
22d17396ac4c177e0ea83929cd4f845d,a8b396cd7edcd4340e02a07685084cd6,delivered,27-09-2017 14:43,27-09-2017 14:56,30-09-2017 15:55,13-10-2017 21:13,27-10-2017 00:00
9ceb8ab5165cefecdddb546cb5a6362b,eb1c0e1ca3e17eccaefb7f0d4dc659b1,delivered,05-02-2018 17:27,06-02-2018 17:32,07-02-2018 23:34,18-02-2018 14:28,06-03-2018 00:00
95a74a28d622001aafb5dd088ea0d88c,b3519c0352b07bc3017acebea4ce6724,delivered,16-11-2017 14:32,17-11-2017 14:25,20-11-2017 12:49,29-11-2017 00:44,06-12-2017 00:00
d493148aa5f8d08914d29ec0524e1196,d7b9004ff34610bb3451b130ee2bf38e,delivered,31-01-2018 13:21,01-02-2018 13:35,05-02-2018 17:12,14-02-2018 18:04,26-02-2018 00:00
a0d5b8474423ddf55228373b81a46272,3f7d26944f7f68bd2ac23b5e8b500ab0,delivered,11-01-2018 16:51,12-01-2018 02:38,15-01-2018 17:24,22-01-2018 21:18,07-02-2018 00:00
cbec453ddd874ca620b8afc6393e3218,0fc25a3451d81cfe409466e229afdbb0,delivered,04-06-2017 10:05,04-06-2017 10:22,05-06-2017 09:12,12-06-2017 17:45,26-06-2017 00:00
61988b318aaf57d18336c629bc42cf1b,02731f7e9105dec7fc7fa715ccd821b3,delivered,29-03-2018 16:17,29-03-2018 16:35,04-04-2018 00:08,13-04-2018 20:03,19-04-2018 00:00
b88d7ae9bd78eac18e8b6ceb04695fb8,6dbe3c4683c66130a8e242bf4bb218d9,delivered,17-07-2017 21:55,17-07-2017 22:10,20-07-2017 20:19,27-07-2017 18:41,08-08-2017 00:00
908e767e28908dc5ec61fe0ef8ef03f9,64d181ef52b1829800c598942459061b,delivered,09-05-2018 14:32,10-05-2018 11:36,11-05-2018 10:44,17-05-2018 22:05,28-05-2018 00:00
c82a457d646f77c8f151e12a3e517ed2,c178d6d544925594fafab0ba493cd645,delivered,08-08-2018 21:11,08-08-2018 21:25,10-08-2018 17:10,15-08-2018 15:02,15-08-2018 00:00
edc531c3153d23614049077e7e1e6405,68b315ac209c92f15ec1f364f5d45e67,delivered,17-04-2018 11:25,19-04-2018 02:51,25-04-2018 08:54,03-05-2018 21:54,09-05-2018 00:00
e22b71f6e4a481445ec4527cb4c405f7,1faf89c8f142db3fca6cf314c51a37b6,delivered,22-04-2017 13:48,22-04-2017 14:01,24-04-2017 19:08,02-05-2017 15:45,11-05-2017 00:00
6efcd938092fe73904610b4bd39b2e7f,8ebe25aca53cef9a055de5c20eca76e7,delivered,11-12-2017 21:43,11-12-2017 21:55,13-12-2017 15:12,18-12-2017 16:53,04-01-2018 00:00
1e8c81805b92ff169971231458670460,33b0d5c2438d9cd6426c6568dfbb908d,delivered,04-05-2018 10:29,04-05-2018 10:51,07-05-2018 14:14,16-05-2018 20:37,23-05-2018 00:00
4d630f57194f5aba1a3d12ce23e71cd9,6d491c9fe2f04f6e2af6ec033cd8907c,shipped,17-11-2017 19:53,18-11-2017 19:50,22-11-2017 17:28,,13-12-2017 00:00
1da00355018ed3e0fdd548cf3ddada99,2c5c2fb51bbbcdcc297f3b37449627bb,delivered,17-12-2017 19:40,17-12-2017 20:50,18-12-2017 16:36,27-12-2017 13:47,24-01-2018 00:00
21c71f62d2554e1ad6c8ba9dc7af2c62,aa3d8c9eec8e52e90b117efe5e97a560,delivered,21-12-2017 04:59,22-12-2017 04:51,23-12-2017 13:12,03-01-2018 22:54,19-01-2018 00:00
93a21c10557cc1b1ecfe2c3a808c648a,45c9fcdb0cd88a5630cb4405c4d2e4a7,delivered,27-02-2018 10:05,27-02-2018 10:15,01-03-2018 20:39,05-03-2018 20:53,22-03-2018 00:00
38c4ae942b818085578157aabd4abf9e,c0cc17e4ee16598f33ce7ccc36e3b4d0,delivered,18-03-2018 20:59,18-03-2018 21:10,21-03-2018 21:05,29-03-2018 13:49,24-04-2018 00:00
f175d67589e059cbbda956f10f0702e6,a4555d257db29ef5f838cec4101c5208,delivered,05-01-2017 13:34,07-01-2017 03:45,11-01-2017 16:25,17-01-2017 15:52,13-02-2017 00:00
c263211bd219538f7c031591e87ef0d7,ed8c52327eecff596e141636d5b556d2,delivered,24-11-2017 16:56,28-11-2017 03:48,08-12-2017 23:28,18-12-2017 20:24,19-12-2017 00:00
7835af1856de332f2f3c9204b740a3a2,d1b370c90ad7dacb840010a6e89c7e89,delivered,24-12-2017 17:34,24-12-2017 17:48,26-12-2017 19:49,03-01-2018 21:12,19-01-2018 00:00
507240e305d631056d7ced5d5ab0eb9a,5cff2efe34e8e604619520cc86201235,delivered,29-03-2018 15:08,29-03-2018 15:29,02-04-2018 23:24,05-04-2018 19:34,11-04-2018 00:00
17c2ee64306efa76f1389315a974eeba,79c102ed4db4e20845856cd68660f8f6,delivered,29-11-2017 17:43,29-11-2017 19:16,02-12-2017 14:24,12-12-2017 22:32,26-12-2017 00:00
5ec8f4e8fe5ee3fd5460b244d0804f9e,3fd2baf81d32adb95c43e1d490a8979e,delivered,03-04-2018 13:47,05-04-2018 02:27,05-04-2018 23:22,13-04-2018 23:45,03-05-2018 00:00
7156f3e0b94405abcbad1a8c94557338,5134baea6a4f11251fc92a2f358dfb4c,delivered,20-04-2017 16:18,20-04-2017 16:30,24-04-2017 09:53,03-05-2017 11:43,10-05-2017 00:00
def622b4b003c4749c889dd9a0b43eca,e28087daa16ea2d4ef377fd789af20b4,delivered,25-01-2018 23:13,27-01-2018 02:45,29-01-2018 20:37,08-02-2018 18:38,21-02-2018 00:00
434d3eec8dd031c322077fb2452e53a0,7a7893d13f178fdf58daeff7347e2d94,delivered,08-05-2018 14:38,08-05-2018 14:55,08-05-2018 16:46,09-05-2018 15:15,16-05-2018 00:00
3ef7c7b43ae449415675a6c34720b78e,cae507afa38570ca8b08ae0cbcadd5d5,delivered,16-06-2018 19:05,18-06-2018 12:37,21-06-2018 14:12,26-06-2018 17:08,12-07-2018 00:00
7e3e92dc3eaf5389f32da97228f7dd0e,62d50e9a714ac024c196d9548594e2aa,delivered,02-07-2017 20:47,02-07-2017 21:03,03-07-2017 11:42,11-07-2017 20:22,25-07-2017 00:00
4d95703047b8a80cf5796b7478900ec7,da18c242eff18510c1df2f0337a9be95,delivered,23-01-2018 23:59,24-01-2018 00:16,24-01-2018 16:47,30-01-2018 14:36,19-02-2018 00:00
955e2b622db1a1f4031ef035ce9a861f,8d0c2ae2c7b532f0e90bdd06bc9a04b7,delivered,16-01-2018 22:34,17-01-2018 03:34,17-01-2018 17:26,22-01-2018 23:23,06-02-2018 00:00
cf8f7b73e35cb19ff895c2f45c1ded72,2d9cd6d6d59bfd360ba595e45d097409,delivered,22-02-2018 15:04,23-02-2018 07:08,26-02-2018 21:04,28-02-2018 21:09,08-03-2018 00:00
fd9b8ed51e5ffedf7a56bea36cc5b6f9,0385c03f2b10a0a50ee72d8e3649a4b3,delivered,30-03-2018 23:11,30-03-2018 23:26,04-04-2018 20:04,19-04-2018 18:03,27-04-2018 00:00
bb4f0c21ae6014e40ef007ff6fbcbeb9,94f7f1cb719dd707fd437e918d282537,delivered,12-02-2017 18:48,12-02-2017 19:02,16-02-2017 14:42,01-03-2017 14:09,16-03-2017 00:00
f31535f21d145b2345e2bf7f09d62322,ed532487db04478dfba09d112649fc13,delivered,01-02-2018 07:47,01-02-2018 08:10,02-02-2018 00:24,23-04-2018 15:49,05-03-2018 00:00
d86359a45e3f6c6d8b35f7b13e41abf5,a1acf95041edd043087a040e89449636,delivered,06-06-2018 14:21,06-06-2018 14:35,08-06-2018 13:20,15-06-2018 14:28,12-07-2018 00:00
248ff7b41bfa395f5ee828720889e664,754862f813b4662e840ff16a52db05f0,delivered,17-11-2017 13:12,17-11-2017 13:35,21-11-2017 18:18,27-11-2017 20:41,12-12-2017 00:00
2d5cdc856665603f1580e3586bde89a5,caecab08cac2be52d89f87462765b4f4,delivered,30-01-2018 17:36,30-01-2018 17:57,01-02-2018 18:13,05-02-2018 19:38,21-02-2018 00:00
b06112f703115e6d92f3baf4e2458a5a,1224a9f43655b57c469ab096e6ba5dc2,delivered,07-03-2018 12:08,07-03-2018 12:29,08-03-2018 19:58,13-03-2018 18:56,21-03-2018 00:00
45ac1d4b219993bf334080eac1585166,a7d1dc2de29fc011bf5f947f8a8636c7,delivered,10-01-2018 09:04,10-01-2018 10:31,10-01-2018 22:48,17-01-2018 15:44,08-02-2018 00:00
51fc12a7908ea200b269a6ecfb3e7740,abbfa19a38ba17ff02883ba523a9d42f,delivered,08-02-2017 18:00,10-02-2017 02:55,15-02-2017 12:37,20-02-2017 18:14,17-03-2017 00:00
c228d309379c3ae545cc6ca2d5aae1b2,eca5e1383292be5fc6c5b1aa3e1215b5,delivered,30-06-2018 21:57,30-06-2018 22:10,02-07-2018 13:39,04-07-2018 21:48,24-07-2018 00:00
f419e615bbdeb34741d4bdd661ff8599,271f76c70ce217ee656713b99097eaef,delivered,08-08-2018 10:49,08-08-2018 11:05,10-08-2018 13:40,16-08-2018 19:18,17-08-2018 00:00
c10ff28c81d0b9bd2a265bb0836c8b0c,05535d34af5324aaf6988e1d890a0d6e,delivered,05-10-2017 05:23,05-10-2017 06:21,06-10-2017 17:16,09-10-2017 18:32,30-10-2017 00:00
638f79643fd5681c6e6c6ef1f1ab700d,69d8d9775287ba592a957eba2211d351,delivered,10-04-2018 14:58,10-04-2018 15:11,17-04-2018 13:16,27-04-2018 23:17,11-05-2018 00:00
a094215e786240fcfefb83d18036a1cd,86acfb656743da0c113d176832c9d535,delivered,08-02-2018 18:56,08-02-2018 19:32,09-02-2018 21:41,19-02-2018 13:28,22-02-2018 00:00
86e574a0701d15590bf31783bc7de5dc,cacade100f1ef4bb325438538d726a76,delivered,12-07-2018 20:24,12-07-2018 20:35,17-07-2018 10:32,23-07-2018 18:09,27-07-2018 00:00
fb9b2930f4a30f96c7cc98eaaa85e5f0,02ed2cff54eb047cdbe79dd0535945d4,delivered,24-11-2017 14:15,24-11-2017 16:19,30-11-2017 18:18,17-12-2017 10:47,14-12-2017 00:00
8e24261a7e58791d10cb1bf9da94df5c,64a254d30eed42cd0e6c36dddb88adf0,unavailable,16-11-2017 15:09,16-11-2017 15:26,,,05-12-2017 00:00
02aec12849744e266394182861265286,076dcea2eb6c8dbe9354f7c0d8670a00,delivered,31-08-2017 17:46,31-08-2017 18:05,04-09-2017 19:22,12-09-2017 20:59,27-09-2017 00:00
f11b36b3bc7bacf06deef862ed611f02,ae8db0691449a44352e7d535ddf78c5e,delivered,15-05-2018 09:10,16-05-2018 03:14,16-05-2018 15:47,22-05-2018 20:37,30-05-2018 00:00
2c3a5e5f5bc3ae78ed5748461e62d47d,5f2bc926ec92aa65c33b70ed59e74175,delivered,22-01-2018 19:22,22-01-2018 19:36,24-01-2018 00:34,06-02-2018 15:49,06-02-2018 00:00
4eeecb9e657525024b9b538730c5f974,b7a7e149c4a6120ec3938bd2752683c2,delivered,16-06-2018 00:01,16-06-2018 00:23,18-06-2018 12:23,28-06-2018 16:41,13-07-2018 00:00
6f954a919130aa1e8def4ed1b9fca432,d929280e89af72c9509d90a5912adaa4,delivered,28-07-2018 18:21,31-07-2018 03:50,31-07-2018 11:13,01-08-2018 23:57,02-08-2018 00:00
56bd45163229b35ca0ab490c1e3d3233,f8975f0842ae1e4670a410a02b1b5053,delivered,28-11-2017 21:07,28-11-2017 21:17,04-12-2017 21:37,12-12-2017 20:22,18-12-2017 00:00
6bb1e842418aac0c9c820afd3bb63a2d,032f25110f17bb0d65268257b10738bc,delivered,11-02-2018 14:13,11-02-2018 14:25,21-02-2018 18:49,05-03-2018 22:04,23-03-2018 00:00
28fa410eec232354726af94904c6fa9b,229755021cdd010bc07d4f5b35c78ef6,delivered,17-03-2018 15:21,20-03-2018 03:48,05-04-2018 00:32,06-04-2018 01:23,16-04-2018 00:00
f93af565de05d2427790ad8d0368a80e,abd4fba77f31f5efdc766a09851e4da3,delivered,03-06-2018 11:52,03-06-2018 12:10,04-06-2018 15:05,05-06-2018 18:19,28-06-2018 00:00
3f3913e8c7fd221ac82a34ffa20b93ee,a9c6cd6cf9583fa5820d55c21238f78e,delivered,07-05-2018 21:49,07-05-2018 22:11,11-05-2018 13:49,17-05-2018 16:56,24-05-2018 00:00
ed91235fc08276eed0470b26a6dbd4a3,977275bd3cd425aa9926a3388658f485,delivered,09-03-2018 14:58,10-03-2018 14:50,13-03-2018 19:18,29-03-2018 23:31,05-04-2018 00:00
7107c5823a581db0314f8f0fa95f61e7,2368e38c19fd581f0953057716cad811,delivered,27-02-2018 15:53,27-02-2018 16:15,01-03-2018 20:07,22-03-2018 22:12,03-04-2018 00:00
3a830ecb5338f0ff69822d388b64822e,f8c3d249c98f91b25409df45d4a095e3,delivered,24-01-2018 11:40,24-01-2018 15:08,07-02-2018 18:44,15-02-2018 15:08,20-02-2018 00:00
955ea2e3177592d909296220d7fcdebd,58ffe52cbd8077e75af00321bd152ce2,delivered,09-06-2018 11:02,09-06-2018 11:15,11-06-2018 14:05,19-06-2018 11:22,04-07-2018 00:00
6d231a099f98f5a590ad78db56ae82f1,6ee311afc0adb5663ad53868d46ba39d,delivered,11-11-2017 22:16,11-11-2017 22:30,13-11-2017 21:32,16-11-2017 21:48,27-11-2017 00:00
4bb6e6f5af26e1f5951d934386615406,f962bd6ee98fa707c3e2eb532bab37b0,delivered,28-06-2018 11:08,28-06-2018 11:31,28-06-2018 11:57,09-07-2018 16:02,31-07-2018 00:00
c4d2f075fc3bf3a06d1e68e113c35cbd,aa6edca5d83d4c8e9a2262b9847febd6,delivered,01-08-2018 14:58,01-08-2018 15:31,02-08-2018 16:46,15-08-2018 00:18,27-08-2018 00:00
52e5445828db681d83dccb33a15ecac4,d42ee2c04270ba237933c8bdd5e1c761,delivered,24-11-2017 17:37,24-11-2017 20:56,27-11-2017 15:12,19-12-2017 14:19,27-12-2017 00:00
879195f2460f97ab2f3bf119f2e8638b,09cdb569d94234872c468f2711ca0f91,delivered,03-02-2018 14:56,03-02-2018 15:11,05-02-2018 15:54,23-02-2018 22:59,01-03-2018 00:00
22ff7c206b68858435452298296c2fcb,5ad934ace4646e3dad70148a823eb138,delivered,27-04-2017 10:24,27-04-2017 10:35,28-04-2017 14:07,11-05-2017 17:22,25-05-2017 00:00
ebc8d4b1397747291b758772e9d87984,4d225460f83ea2b1ac705ad1d5eef02f,delivered,10-04-2018 16:22,10-04-2018 16:35,11-04-2018 16:58,23-04-2018 13:47,04-05-2018 00:00
9f882c1f904b7dd156572ada58d7a7ae,843ff05b30ce4f75b6170b39c78a8ee5,delivered,13-11-2017 10:07,13-11-2017 10:16,01-12-2017 23:19,11-12-2017 17:38,22-12-2017 00:00
5691d72069359cd293ac9a14f1bd5e9b,a8f76d9cb0f8db57cbbfe8d67b257893,delivered,23-07-2018 10:21,25-07-2018 02:55,25-07-2018 13:19,02-08-2018 00:42,14-08-2018 00:00
884cb4ce4a06390d35206de06f785d13,d19813c8754cc82d0add67df8bd8a38c,delivered,03-04-2018 20:44,04-04-2018 03:29,04-04-2018 19:12,05-04-2018 20:09,13-04-2018 00:00
8e9e2a5d159d5718b34b926a34a0498f,3e8da88b70b67f67a05f66a138bd7f14,delivered,12-01-2018 19:27,12-01-2018 19:37,15-01-2018 23:19,17-01-2018 22:08,31-01-2018 00:00
c0aa0e99afe6f6dac845326a854690fd,316540a76ab1fe860a9cddf7f2f6717a,delivered,24-07-2017 17:19,24-07-2017 17:30,26-07-2017 00:58,08-08-2017 15:07,11-08-2017 00:00
1d251ab94983c4adb11e4b168abb1439,230ab395e91b2421bd00ea45b60b23cb,delivered,07-03-2018 23:46,08-03-2018 00:49,08-03-2018 20:12,16-03-2018 13:58,28-03-2018 00:00
d9cfa4b0f995deb2fa9758d5534e1d13,24d47eeeee1e60eb5caf099281d0b3b8,delivered,05-06-2018 11:36,05-06-2018 19:15,06-06-2018 14:59,11-06-2018 21:38,16-07-2018 00:00
8a49984afb76dae66f3810e1b7093ec4,3cc640f13134a74f3bc34b9b0094d412,delivered,15-02-2018 23:27,17-02-2018 03:35,19-02-2018 23:53,14-03-2018 16:52,20-03-2018 00:00
c26b94aa87e95d1c1eb1b592f43eb223,7aed8da5ae4e0e34226c47f3bf041956,delivered,29-06-2017 00:10,29-06-2017 00:23,29-06-2017 15:41,10-07-2017 17:36,19-07-2017 00:00
06ae7271902bbb087fc093137fee6e81,1a1b5f9e903aa3c203caf5cb63fca2b1,delivered,19-01-2018 21:07,20-01-2018 09:09,29-01-2018 20:17,20-02-2018 19:27,22-02-2018 00:00
8373f5d7df6d9249999fd38f8513e6d7,690515766f9073c82cc07cfa11c4fc11,delivered,29-03-2018 12:00,29-03-2018 12:48,02-04-2018 16:46,09-04-2018 19:26,17-04-2018 00:00
3b4ad687e7e5190db827e1ae5a8989dd,1a87b8517b7d31373b50396eb15cb445,shipped,28-06-2018 12:52,28-06-2018 13:11,04-07-2018 15:20,,03-08-2018 00:00
4570fa83dbb31a563e06db0a554b951e,cdfe21141f5df77ba0fb20bef6621a9f,delivered,15-03-2018 20:23,16-03-2018 20:31,20-03-2018 23:42,29-03-2018 19:22,06-04-2018 00:00
04040ee654b248cdc512a68ecc83e4cc,53379b14e4048e025dc5a2185f461bb7,delivered,27-03-2018 22:14,27-03-2018 22:30,29-03-2018 01:04,29-03-2018 18:28,09-04-2018 00:00
0b584b729bdfec204ec2aa5d21d6ca56,da2fbad9b2235c67c9bc7c7a274ee389,delivered,03-08-2018 13:32,04-08-2018 05:05,06-08-2018 13:43,14-08-2018 00:28,23-08-2018 00:00
bd2623f3663c5daa3f89e6b527fd49da,b7b15ab12fa50616eee696a22f098e07,delivered,21-01-2017 17:08,21-01-2017 17:22,24-01-2017 07:47,27-01-2017 18:12,02-03-2017 00:00
343076b69aa1f03ee4beb49cf6baee58,a4156bb8aff5d6722dc68f605d8fa241,delivered,26-09-2017 11:08,26-09-2017 11:24,28-09-2017 19:33,03-10-2017 18:35,23-10-2017 00:00
b68d69564a79dea4776afa33d1d2fcab,de1e5517fb50896bbdcff5814fb31802,shipped,28-02-2018 08:57,28-02-2018 10:40,05-03-2018 16:10,,23-03-2018 00:00
f04bfdbef5359607d39e66fccc9cc0de,ddbd5d378c4a0981ba1ef29fb8e40b8f,delivered,13-09-2017 15:07,13-09-2017 15:25,14-09-2017 19:27,22-09-2017 16:48,04-10-2017 00:00
d74d2985a4c187334dc59722076a2e5f,5f49d01f1579c231565f6629a6cb3c0f,delivered,09-08-2018 20:36,09-08-2018 20:50,15-08-2018 06:23,25-08-2018 00:46,05-09-2018 00:00
bd3e89bd89fac4760b244047d795e2fe,046911a55a7bc12ca917758e9c4cb5ee,delivered,07-12-2017 09:40,07-12-2017 10:31,07-12-2017 20:21,11-12-2017 18:52,02-01-2018 00:00
fb6ba131bbeb30fd6db9c8900b5c5b92,af5b08db5f1a31a3b6856a8a6dc33167,delivered,30-05-2018 02:41,30-05-2018 03:24,30-05-2018 13:39,22-06-2018 22:41,18-07-2018 00:00
82daed31f80350ce51f518369a8d181c,d1240cdcdb9e6f08aa9a329bf1751c0e,delivered,27-06-2017 10:45,27-06-2017 11:04,27-06-2017 14:56,29-06-2017 16:45,10-07-2017 00:00
4906eeadde5f70b308c20c4a8f20be02,4e7656e34357b93f14b40c6400ca3f6e,delivered,08-12-2017 04:45,12-12-2017 03:50,12-12-2017 17:43,09-01-2018 18:04,03-01-2018 00:00
ae17bb94dfb3eaf396cd393eace1de80,9cd169cea5076bf383e40a261d7b7142,delivered,09-03-2018 15:09,09-03-2018 17:00,12-03-2018 18:42,26-03-2018 21:07,03-04-2018 00:00
6379750dac6a8a1e11378e34278ae8df,6729078b4efa4371e61e6ec7df327846,delivered,11-09-2017 11:50,11-09-2017 12:05,14-09-2017 20:57,19-09-2017 21:47,04-10-2017 00:00
7ac1f3de2cdc809de6aa1e6719451f53,13a4684a5a46fcbafb42d8e30af15219,delivered,12-06-2018 09:52,12-06-2018 10:21,12-06-2018 15:31,19-06-2018 17:57,12-07-2018 00:00
aa466a92af916f9f68e56fce7d3a21b1,2c5491a76ec0a56db58282ea7ae70617,delivered,03-07-2018 01:17,03-07-2018 01:30,03-07-2018 13:58,11-07-2018 22:52,08-08-2018 00:00
c619ac0f9cdcfcebdfb9490451166da4,e5f6020aa61432f0dcb0fcda1c5113d9,delivered,23-05-2017 15:28,24-05-2017 15:35,01-06-2017 16:27,12-06-2017 16:48,23-06-2017 00:00
31ef15cb5a3faa4df17e96b09cd8c1a1,19c6be9e0d7588d54ad848d44abeae95,delivered,29-11-2017 18:27,29-11-2017 19:31,30-11-2017 22:32,11-12-2017 21:44,22-12-2017 00:00
dc400373e624e9b0435847a79813c658,4a00f00d951c167739888a1f16c56e8e,delivered,14-01-2018 18:49,14-01-2018 18:59,16-01-2018 20:15,20-01-2018 14:28,30-01-2018 00:00
09d3f9f1be63c067456cc619076685a1,b6f05b99667a02c3722610a7bb6b4062,delivered,23-08-2017 15:40,23-08-2017 17:33,24-08-2017 16:25,29-08-2017 21:36,13-09-2017 00:00
e3a83a19707a6f27e4fde8d6b13d43f4,39f944145e00598d075faec0bb1f447a,delivered,10-09-2017 22:32,12-09-2017 04:50,13-09-2017 18:26,18-09-2017 18:48,28-09-2017 00:00
7d2286ec219f58023352077d938dee48,5d6e19aed6284c2fcb4b1a0eba6820de,delivered,21-08-2018 16:45,21-08-2018 17:08,22-08-2018 15:18,23-08-2018 21:03,27-08-2018 00:00
ec1fc57b72a7bbe5b32f9c606510db76,559f9d302aa523b2dd718e956f248db5,delivered,27-05-2018 17:59,27-05-2018 18:14,06-06-2018 16:10,12-06-2018 20:48,03-07-2018 00:00
16c24987724018f73b746aacfbb5f8e8,ffdc2af7160aed3bad21cbc8ec68c0c5,delivered,20-05-2017 02:48,23-05-2017 03:50,05-06-2017 13:58,16-06-2017 16:52,09-06-2017 00:00
d3c8851a6651eeff2f73b0e011ac45d0,957f8e082185574de25992dc659ebbc0,processing,05-10-2016 22:44,06-10-2016 15:51,,,09-12-2016 00:00
75f433fd5ff62807235cb08b520c3c49,c40c7807639289e3f1308ac6e5bc104f,delivered,28-07-2017 11:25,28-07-2017 11:35,28-07-2017 19:58,07-08-2017 20:41,17-08-2017 00:00
bca3dc20a3ec02261c5b17dc270e9e65,90065cd5c7c581bf099b1b9bd589a3fe,delivered,05-12-2017 10:34,06-12-2017 02:50,08-12-2017 21:41,04-01-2018 16:57,05-01-2018 00:00
bbd64b019b5ea3ed83a114cc665328ff,3e87356efef361b40b30fd699f9e5638,delivered,07-03-2018 15:37,07-03-2018 15:55,08-03-2018 23:25,10-03-2018 00:05,20-03-2018 00:00
74c951ce0835b2741d3014321ae9c480,e26eb46e8146dedecc6524e5d9771047,delivered,20-08-2018 17:38,20-08-2018 17:50,21-08-2018 13:09,22-08-2018 19:29,24-08-2018 00:00
4e2160ff7a61b2bf4fbd2e527ea924d3,ea36ec29b56eded534644f21b9561efc,delivered,09-02-2018 13:48,09-02-2018 14:15,09-02-2018 22:53,22-02-2018 17:14,06-03-2018 00:00
b75b4f6e7c5fe3fa05707992a88d9d38,83da8aec5d2e8b2847e6ca45bea5588f,delivered,02-08-2018 14:41,03-08-2018 14:35,06-08-2018 08:31,10-08-2018 22:12,16-08-2018 00:00
6f841dde94727854eaff3f66432c80ea,a9c9532060c9d245f06526c633d2dfba,delivered,02-01-2018 19:20,02-01-2018 19:32,03-01-2018 17:34,27-01-2018 14:27,05-02-2018 00:00
2b72a32a2c3e93fa260ca7655073886f,5265029daa29cc08d86b9f96cd99d03f,delivered,18-04-2018 15:40,19-04-2018 08:15,25-04-2018 13:34,03-05-2018 13:03,18-05-2018 00:00
f373335aac9a659de916f7170b8bc07a,f06a94a401e52fb019c72f2e8bbf6a2f,shipped,17-03-2018 15:32,17-03-2018 15:48,20-03-2018 21:08,,13-04-2018 00:00
3d087f98b006ae162b5e3b56e7bfdb4a,993a76ab0714792eb45d4ebdd58e9a1c,delivered,05-01-2018 11:04,05-01-2018 11:15,05-01-2018 21:33,23-01-2018 17:41,14-02-2018 00:00
a7076e7aba13de8b66d95a55811290ed,1ae196062dab95e434e781a5319f0ab9,delivered,14-05-2018 11:04,15-05-2018 04:35,15-05-2018 16:22,21-05-2018 20:32,04-06-2018 00:00
d7f4e2f755cf2f40aa7c39804cfe01c4,18ad705482141f60ad05945506ef2b9e,delivered,26-11-2017 12:50,26-11-2017 13:14,01-12-2017 16:52,08-12-2017 17:02,20-12-2017 00:00
6f5a2dbe5ccce73a9d053a542baabd1c,4d6793a25de1f63ca63869c6cd4b7b1f,delivered,26-06-2018 10:58,26-06-2018 11:18,05-07-2018 15:51,07-07-2018 17:37,26-07-2018 00:00
66f6b3a33b0339acbf55dd71977c4293,282d52f23f7c0ece9340d411c4d2cdd9,delivered,01-12-2017 20:39,01-12-2017 20:50,05-12-2017 00:23,18-12-2017 22:29,03-01-2018 00:00
2f246ee329fce6932458bc7a10625d2a,45f9053fc8b24a6d5afa05b6d1b330ab,delivered,26-05-2017 18:35,26-05-2017 18:45,29-05-2017 09:37,09-06-2017 08:26,28-06-2017 00:00
d65c179a817be22977e263fbc1a4fef4,e20e5dab42cf2fc3a11d1c89e087122b,delivered,09-08-2017 21:43,09-08-2017 22:03,10-08-2017 16:18,18-08-2017 21:09,04-09-2017 00:00
2babe10ce6bcb68b1e3bd35e24424466,debcdbb31583da1dbb6560b95ee39b18,delivered,09-08-2018 22:52,09-08-2018 23:05,13-08-2018 19:05,15-08-2018 00:27,20-08-2018 00:00
ac64f79a33bfa575fc5a17e7926df3d5,51a8d592336a414fea21f12534b0f797,delivered,01-04-2018 18:27,02-04-2018 17:55,03-04-2018 18:25,04-04-2018 19:47,12-04-2018 00:00
727412faf7aef5ef3c7e0f03350d80c7,df01594ad086f53bdbbf927198981446,delivered,19-04-2017 13:45,21-04-2017 05:22,27-04-2017 05:53,09-05-2017 09:03,25-05-2017 00:00
cedd898e1a953e9a8f3d763a364f6717,d44c356f894fa28cffe33c455abb72ba,delivered,17-08-2017 17:03,17-08-2017 18:05,18-08-2017 19:57,25-08-2017 17:45,13-09-2017 00:00
858505c5992f35429d07aae37bad60a8,0fa5382628eea6bbb19fde8b076dfdfb,delivered,16-08-2018 10:39,16-08-2018 10:50,22-08-2018 13:47,27-08-2018 22:53,21-09-2018 00:00
6cb134bb285a64b0425d1fdaa00d4214,d854800a320bbb07b484f76894e4638f,delivered,01-07-2018 20:54,02-07-2018 20:50,03-07-2018 10:48,10-07-2018 22:12,26-07-2018 00:00
f11e9516ca2b6091b64f2e2ea0ebebb3,7d527c98f408420a9d5c953e5b89215e,delivered,22-02-2018 20:53,22-02-2018 21:28,23-02-2018 23:19,28-03-2018 22:04,19-03-2018 00:00
4d4ef6cd8147028ffd8c18dc0f6e3050,9afa8a81202f94d96ffed6977f09ea63,delivered,24-08-2018 19:01,24-08-2018 19:15,25-08-2018 09:02,31-08-2018 01:13,12-09-2018 00:00
0438fc3e115633e11a93c878a1591016,369ec69ef76c47e51980b88a5740dc1b,delivered,11-08-2018 20:58,13-08-2018 10:10,15-08-2018 13:54,20-08-2018 22:57,28-08-2018 00:00
3faf126d8a3b0684272791cd3c6cf3fe,824841f5112b77c04e832f5a46c2d733,delivered,25-02-2018 14:13,25-02-2018 14:28,28-02-2018 19:59,07-03-2018 18:31,28-03-2018 00:00
0b0f3c7a9bcb6ad1fccab28f9240da6f,7bb3b0d45b4e1a13cd914e4a135e6bd9,delivered,11-07-2018 17:22,11-07-2018 17:35,12-07-2018 16:19,13-07-2018 20:56,23-07-2018 00:00
65f78a0e1f8b80c4f6d8d5c6073b8601,1910935b7377a45bca463c844d7a071e,delivered,31-07-2018 16:16,31-07-2018 17:30,02-08-2018 12:35,06-08-2018 17:36,14-08-2018 00:00
b7e4aca3e798d20643faacb681272a9c,be64f74b2773efd8d765f8417b65d276,delivered,11-10-2017 17:31,11-10-2017 17:46,16-10-2017 22:14,25-10-2017 20:21,08-11-2017 00:00
b52d29abb97a3978df1d8922bfe36fbe,ed034127e0801850ca9162dd9de7a106,delivered,09-05-2018 17:11,09-05-2018 17:36,10-05-2018 14:28,21-05-2018 15:38,29-05-2018 00:00
3f596c69e8e78788530d898331118c7c,6230e4c4b38009c58b83aa90c2603ed9,delivered,25-11-2017 16:23,25-11-2017 16:34,01-12-2017 00:16,12-12-2017 00:35,21-12-2017 00:00
0c228d925a49aa5e3b35febb948f4f72,ee4a4b5842e03fbaff366b9459e08b95,delivered,24-07-2018 12:45,24-07-2018 13:24,25-07-2018 07:24,30-07-2018 16:56,08-08-2018 00:00
6cc4eb51469dec50a6130fe1cd07b7f9,a207382f0f563c1f430ef732ade9d9ff,delivered,08-05-2017 12:22,08-05-2017 13:05,09-05-2017 08:22,19-05-2017 15:55,19-05-2017 00:00
4709741e829775567b92abc42437b461,bd13582471af02ce718568d9cf8bbd93,delivered,29-03-2018 22:46,29-03-2018 22:55,03-04-2018 14:58,09-04-2018 23:52,25-04-2018 00:00
0341b60065c49221a27293793f11b117,cf4604a56d4e374de013f1ec35280d00,delivered,22-04-2018 14:26,24-04-2018 17:34,25-04-2018 00:52,20-05-2018 18:19,24-05-2018 00:00
25ebb07a1069a75d3cb9baf0a94f22d0,d76dc2ed3d9f58905f39deea067fd40f,delivered,22-07-2018 06:24,23-07-2018 11:32,25-07-2018 06:36,30-07-2018 18:05,14-08-2018 00:00
c2d07d9078b700b9198a126183867c16,20c5718e5f50e1e3800046039376e216,delivered,14-08-2018 17:48,14-08-2018 18:23,16-08-2018 09:02,21-08-2018 14:06,30-08-2018 00:00
25d47ee9a060a0359e8a10a858fc39a1,3271f9dc34c1d718be03cff03dec7acd,delivered,19-12-2017 13:02,21-12-2017 02:11,21-12-2017 16:59,12-01-2018 10:46,17-01-2018 00:00
cf0ac4e12ad66c28302fc103670222fa,70ab5e994ea383619a19687837eedbbc,delivered,25-10-2017 13:32,26-10-2017 03:09,26-10-2017 20:42,28-10-2017 13:03,07-11-2017 00:00
43488f856ed3fa3e7d3f8228755d383b,5a58afc695ee03b9baca01d4afa52cec,delivered,31-07-2017 19:05,01-08-2017 15:15,04-08-2017 17:29,14-08-2017 15:07,01-09-2017 00:00
32bda40452bf0485c310bca24eb53886,ebfb3f2e532c37d5a959ded000c9f603,delivered,06-07-2018 18:16,10-07-2018 08:45,11-07-2018 11:51,16-07-2018 13:11,27-07-2018 00:00
2728209b1b0553533bce4afc52716b60,8e2e23cac1496c337274b16fb7d57886,delivered,24-10-2017 14:23,26-10-2017 02:56,26-10-2017 19:23,01-11-2017 19:18,14-11-2017 00:00
b335cf4d393acc627b82e83b3b3711fe,47c42b50ab59928b531c450e672ce223,delivered,12-06-2018 20:54,13-06-2018 02:36,15-06-2018 13:13,22-06-2018 15:48,05-07-2018 00:00
59d34e1064930d037d30041b73683aa7,8397274a8680c08c3208912c33d63809,delivered,09-11-2017 21:08,09-11-2017 21:31,10-11-2017 21:58,16-11-2017 16:52,29-11-2017 00:00
6f6665c1d76e55561978ccb45bdcafc6,12ae89712aa5a178c22147486d3cd310,delivered,23-02-2017 08:03,23-02-2017 08:15,23-02-2017 09:10,02-03-2017 09:23,03-04-2017 00:00
db5fdbee9ab29d55f24c329246e6fe51,3487bedbddf4797d7308d0aa43dcf30b,delivered,17-06-2017 13:16,17-06-2017 13:25,19-06-2017 12:49,26-06-2017 15:58,11-07-2017 00:00
9cf566da5a3277749dbd61fa060e8110,a4c79e8a9d9fcb82de5dddf33918fb47,delivered,29-05-2017 12:35,29-05-2017 13:05,05-06-2017 15:52,12-06-2017 13:28,29-06-2017 00:00
15fb9c745e91eff5482a9af2a5fad0e6,3c14bd3e2287a1b895bc9af622d3f79a,delivered,24-05-2018 12:16,25-05-2018 08:14,29-05-2018 10:09,04-06-2018 17:16,05-07-2018 00:00
141ad0192cfa16174e4fd0a1a7e7ba4a,00eb2bf26ade27447b6532561c6a402d,delivered,03-06-2018 21:08,03-06-2018 21:30,04-06-2018 14:56,05-06-2018 20:32,28-06-2018 00:00
5869074071e0f56e9085dc3742c97b2a,7203eb38fea2b4a15dd6c39575314aa4,shipped,08-06-2018 20:06,12-06-2018 04:35,12-06-2018 14:09,,28-06-2018 00:00
e5d931ebd7214cd492fff71fb6a2aeff,f19622365d4c40c686c8ca3bec559e48,delivered,14-05-2018 17:56,16-05-2018 03:15,16-05-2018 13:25,23-05-2018 20:31,14-06-2018 00:00
7842147864c0425541edd55923f3c0f1,218874412ede29f4f2cf826409ad90aa,delivered,29-01-2018 13:38,29-01-2018 13:57,30-01-2018 21:18,17-02-2018 09:32,22-02-2018 00:00
6b7c5703bdc03335b37020877a06625e,9ce1401cf82bd5420fe255e02d6292ba,delivered,24-11-2017 01:34,24-11-2017 01:49,30-11-2017 23:38,03-12-2017 15:36,15-12-2017 00:00
cbbb524a0e1646aa6cf7a3c0bbe517ad,dacb079d55ffb1d3955c5d923df3ebb7,delivered,05-10-2016 07:31,06-10-2016 02:46,10-10-2016 02:46,16-10-2016 14:36,07-12-2016 00:00
77af7c6e42549e58f42977d5be538d0d,fbf8e675c5adcf8c482b04c517814924,delivered,07-03-2018 16:27,08-03-2018 17:40,09-03-2018 17:01,18-03-2018 16:21,28-03-2018 00:00
7e05645577366863a93350aac5cc7de5,21809d6b8acb4ca628358610aea9435c,delivered,22-03-2017 17:25,22-03-2017 17:25,24-03-2017 15:42,06-04-2017 10:35,25-04-2017 00:00
ed01ce003df13cab401ba2ff57ea2542,fd24f53c8ce3ad467b44627306e0db30,delivered,06-11-2017 18:20,07-11-2017 03:31,10-11-2017 14:06,14-11-2017 18:05,17-11-2017 00:00
b7a4a9ecb1cd3ef6a3e36a48e200e3be,c3d8fc500d86b1c961ee144395c13a57,delivered,19-05-2017 18:13,20-05-2017 11:35,30-05-2017 12:43,08-06-2017 07:53,16-06-2017 00:00
f09942b1e1419e69f7509158f2a9c1d6,b40a130a36dc28cdbdabe856f1eee283,delivered,16-12-2017 13:51,16-12-2017 13:58,19-12-2017 21:04,23-12-2017 16:21,05-01-2018 00:00
d10090be5f75fb89b6817469f0ce1a30,321d2bc7c3bcd8475d52d2cf4a179c37,delivered,18-04-2018 13:13,18-04-2018 13:31,19-04-2018 00:51,23-04-2018 14:44,04-06-2018 00:00
5342acb7b183acec77f59e4d78f7c804,4d493a5e3a53373d3bc26a01575a71dc,delivered,29-03-2018 20:53,31-03-2018 10:07,04-04-2018 17:44,24-04-2018 16:10,24-04-2018 00:00
72ee4a26e767e55282ac10e63c7b1227,ab4e4f11610404b4184fb812e47bb0ed,delivered,23-06-2018 19:24,23-06-2018 19:39,25-06-2018 13:48,09-07-2018 18:21,24-07-2018 00:00
6cd474b81add3c3d62536cab3e34aa23,796e0c6b3690401bd5592b7ce89be9f2,delivered,06-08-2018 09:12,06-08-2018 09:44,13-08-2018 15:33,14-08-2018 18:11,22-08-2018 00:00
4f7e398a1ddb1c349465b42b6865c60b,364fbe9334877bc7ca3da92913b2cdbf,delivered,02-06-2017 14:00,02-06-2017 14:42,07-06-2017 12:37,12-06-2017 17:38,05-07-2017 00:00
05387d537bd2e5027aadbfb6a5123e4b,1fc77bb785f297743a18fac02b30de62,delivered,06-11-2017 16:24,06-11-2017 23:31,08-11-2017 17:55,20-11-2017 18:36,29-11-2017 00:00
59b32faedc12322c672e95ec3716d614,5baa82a2c45fa3220cb57d9881db3211,delivered,27-06-2018 11:10,28-06-2018 02:15,28-06-2018 14:57,06-07-2018 16:37,26-07-2018 00:00
c158e9806f85a33877bdfd4f607b72e7,25456ee3b0cf84658015e46686025224,delivered,14-04-2017 22:06,14-04-2017 22:15,17-04-2017 14:52,08-05-2017 11:10,18-05-2017 00:00
19721d59a9764437477eff0730b48665,b1757da2a461d581e1a3b280ca181b7c,delivered,26-03-2018 11:02,26-03-2018 11:15,26-03-2018 22:58,09-04-2018 21:53,27-04-2018 00:00
08652363092b158440e2422e7c3ccaf4,03b3813a78be4cf5205e70977ad78d29,delivered,04-12-2017 18:26,04-12-2017 19:04,11-12-2017 19:48,19-12-2017 01:15,04-01-2018 00:00
e92f3505810692cd4a0350b19e2d9045,24c63a7108d652ad0ed85589c4575297,delivered,13-06-2018 22:54,13-06-2018 23:18,14-06-2018 13:47,22-06-2018 17:46,11-07-2018 00:00
38c1e3d4ed6a13cd0cf612d4c09766e9,18c934f4cdc994cd04eb13bce3f47a18,delivered,02-02-2018 15:26,02-02-2018 16:00,03-02-2018 01:18,03-02-2018 15:05,20-02-2018 00:00
5a63a60ea2852393994270157cd61e0a,e615ca09613c8f72bf3a0bd5e2d349fb,delivered,10-08-2017 19:47,12-08-2017 02:45,14-08-2017 20:53,21-08-2017 21:00,01-09-2017 00:00
1b9ecfe83cdc259250e1a8aca174f0ad,6d6b50b66d79f80827b6d96751528d30,canceled,04-08-2018 14:29,07-08-2018 04:10,,,14-08-2018 00:00
409e4a6eadbdc33f16ccf0bda01eec1f,0e8ada3654b94e0d569b44233db3c9dc,delivered,05-09-2017 18:24,07-09-2017 02:44,11-09-2017 22:07,17-09-2017 15:31,25-09-2017 00:00
4fc42727f0b542099a7568206da01fa6,fc6788a31c7a99fec01c62063032bc12,delivered,07-12-2017 20:38,07-12-2017 20:51,11-12-2017 18:15,14-12-2017 19:42,05-01-2018 00:00
b0ff8ff92f8d916fa2e8005cd8e1a135,610a4163b8ab832daf93b4fbb48e9119,delivered,19-11-2017 16:12,22-11-2017 02:58,22-11-2017 14:47,24-11-2017 20:32,07-12-2017 00:00
bb27f9e70d5cdc66d0c616aee3dbb387,225743267e630cdf226d130d80c4aa5e,delivered,08-12-2017 23:41,09-12-2017 01:30,19-12-2017 14:14,26-12-2017 23:15,12-01-2018 00:00
b60b53ad0bb7dacacf2989fe27ad567a,2f9902d85fcd930227f711cf47012bdf,delivered,10-05-2017 14:03,10-05-2017 14:15,11-05-2017 16:25,23-05-2017 13:12,18-05-2017 00:00
db0d194c127a36909de3bda3edad30bc,33bfc91146c9eea42397a0430585ee59,delivered,30-11-2017 13:34,30-11-2017 13:56,01-12-2017 21:09,10-12-2017 17:53,22-12-2017 00:00
884b1394fc8888e6a877df86eb19e74c,7ee968b8ed74301e0cbd3e44416cad9d,delivered,19-03-2018 21:50,19-03-2018 22:08,27-03-2018 14:04,29-03-2018 17:32,29-03-2018 00:00
ac7a92560a9e99f0a0ab4988102f491b,6abf781c5304890987047e9aa239caa8,delivered,04-03-2018 15:58,04-03-2018 16:10,06-03-2018 17:14,22-03-2018 23:44,23-03-2018 00:00
197edbaa61a8a349f382553fd2180ee1,42bb82a17b70bebcc6090d38d894ea3f,delivered,02-07-2018 13:58,02-07-2018 14:10,09-07-2018 13:22,11-07-2018 14:18,23-07-2018 00:00
da8be3bb62e9bf01e2e1a3bfd74ebd1a,3f083b9f62e687be8d84684c7d54c8db,delivered,06-04-2017 13:44,06-04-2017 13:55,08-04-2017 01:37,08-05-2017 10:52,04-05-2017 00:00
dcbd516c0f39081a5e542ef76bbc3fe4,75932cfd72b87bd6079cf17786726807,delivered,12-08-2018 12:04,12-08-2018 12:24,14-08-2018 15:54,22-08-2018 17:09,30-08-2018 00:00
c2215076050fa358934105b15c34cf3b,19e7a88b34ef70d108e660c6eb33e82a,delivered,16-07-2017 10:04,16-07-2017 10:15,20-07-2017 17:42,26-07-2017 20:32,04-08-2017 00:00
8bbbef97d763f4dcf2e12cc5b5e0cee6,61ce7eba15a872699599957e5d18f0e8,delivered,28-07-2018 20:07,30-07-2018 18:31,31-07-2018 14:51,07-08-2018 14:17,16-08-2018 00:00
6de3383be650cfe96aed26171ad65c47,cae5d18352d2eb7396bd594c706f3624,delivered,18-10-2017 16:44,18-10-2017 16:56,19-10-2017 22:14,27-10-2017 20:48,06-11-2017 00:00
b8c38cf37cd17fd645f2e84101c8a679,940526d0df4938d234d0a900268106c4,delivered,28-08-2017 22:47,28-08-2017 22:55,01-09-2017 19:58,06-09-2017 20:56,18-09-2017 00:00
21f4a37ec131158f1615d0f186f190af,84b100e334843870e95ff29421ab66bd,delivered,21-12-2017 20:11,21-12-2017 20:30,26-12-2017 21:09,10-01-2018 14:26,17-01-2018 00:00
c186ebe3937470a2f562a2dc0bc74dd7,20b5aae6a3e31111009f9a7ecc31a232,delivered,27-11-2017 13:33,29-11-2017 13:37,01-12-2017 19:32,04-12-2017 20:33,14-12-2017 00:00
56a4ac10a4a8f2ba7693523bb439eede,78438ba6ace7d2cb023dbbc81b083562,delivered,22-07-2018 13:04,27-07-2018 23:31,24-07-2018 14:03,28-07-2018 00:05,06-08-2018 00:00
d62387acb3914789e712406e9882e549,ad4da04c9e20699c6ad1843af39846d2,delivered,08-05-2018 19:48,08-05-2018 20:32,10-05-2018 18:29,14-05-2018 19:05,12-06-2018 00:00
e659b8223be6f632acb24fb80cf50ca9,9ac71dee8847ffe35fb2c087da733cc4,delivered,18-11-2017 11:30,18-11-2017 11:47,20-11-2017 14:59,08-12-2017 17:29,18-12-2017 00:00
b693d6c35867fa1937455e04f2547df2,eec909ab0da04f0d3e92f898c6994d37,delivered,11-05-2017 09:13,11-05-2017 09:25,11-05-2017 10:09,16-05-2017 09:42,31-05-2017 00:00
0f9dc92df0635605588c51ec2e4c58a0,4f31c34bf33334525417bab91b4794da,delivered,27-12-2017 19:19,27-12-2017 19:29,03-01-2018 20:10,10-01-2018 18:10,26-01-2018 00:00
8efc076145638bcd5298053ddde6ff0c,faa299ecd22a2998858efc7cb87011bc,delivered,09-01-2018 11:19,09-01-2018 11:29,10-01-2018 18:19,11-01-2018 13:51,23-01-2018 00:00
35b7d83c8629ba8d0f718d9d293cf436,61544bf6d5b15f5dcec75603b22fcda8,delivered,23-06-2018 18:07,23-06-2018 18:35,25-06-2018 11:40,28-06-2018 18:22,25-07-2018 00:00
418764469a9e73f76f56783c1863bd05,b3c3c1b58dad3d55671825fe3715321c,delivered,03-07-2018 19:34,05-07-2018 16:40,06-07-2018 10:18,11-07-2018 15:08,30-07-2018 00:00
45ed6e85398a87c253db47c2d9f48216,8eab8f9b3c744b76b65f7a2c0c8f2d6c,delivered,08-06-2017 21:18,08-06-2017 21:30,09-06-2017 08:35,22-06-2017 17:44,10-07-2017 00:00
0bc4a984d79279c843421830f595273c,e93fa47188d998ecd355fdb87a5e62e3,delivered,17-10-2017 18:22,17-10-2017 18:35,18-10-2017 21:12,25-10-2017 17:07,03-11-2017 00:00
bb3b61a129aba9eeb10bb81a4770f3b1,e986427e3d822269e0b7e998d86cf267,delivered,08-09-2017 13:37,08-09-2017 13:50,08-09-2017 19:52,15-09-2017 22:36,02-10-2017 00:00
7876404b81dcee26d47be1c7131b16ec,e20b5cad78dd8fc3006244b5397d5a0f,delivered,17-07-2017 09:29,17-07-2017 09:43,17-07-2017 20:17,21-07-2017 17:15,14-08-2017 00:00
0ac645ddb846d1373321decb39c9956f,46d8521966b3f64cce626dfc6b655d1a,delivered,07-05-2018 20:57,07-05-2018 21:14,08-05-2018 14:12,11-05-2018 22:08,29-05-2018 00:00
711f6009f8bf028b3fa426696b581432,5613454932b2c4229250680708f8c0b8,delivered,01-08-2018 16:54,01-08-2018 17:24,06-08-2018 08:27,10-08-2018 16:57,23-08-2018 00:00
cf18c0b77059499a99818871229ab994,d21eee9c29efbbd504b464caab82b5f1,delivered,21-08-2018 10:19,21-08-2018 10:51,22-08-2018 13:30,28-08-2018 15:58,18-09-2018 00:00
6147a4d49752afd35a119d794e481588,938698ae953596e231326da5ff220f68,shipped,25-04-2017 13:35,25-04-2017 13:45,02-05-2017 15:29,,29-05-2017 00:00
d977821da81b766c90bcd3351f0dbf19,5295c0f1f2053aa636bc034c2a85ab44,delivered,04-05-2018 21:40,05-05-2018 21:35,08-05-2018 15:15,16-05-2018 19:08,24-05-2018 00:00
5c1f2bd7eff419c165428371164d750c,ac4e328e156057d602bb4d7b146d5468,delivered,08-03-2018 15:59,08-03-2018 16:31,13-03-2018 01:21,18-03-2018 18:26,20-03-2018 00:00
5a00ef28abf9645038a7d37c1639d2c2,60134a69479bd4d54c03fd5076bbe984,delivered,11-06-2018 13:00,11-06-2018 13:33,15-06-2018 16:40,25-06-2018 15:26,13-07-2018 00:00
5a0e5ad33542c79b10be87a344ee0086,917149651e472bef5b609eb58e742eb4,delivered,13-06-2017 11:13,15-06-2017 03:03,16-06-2017 15:37,19-06-2017 18:06,04-07-2017 00:00
0d25f1b15acb59ceff22667265743132,52dee0d644b6d10016569eae238ebc67,delivered,04-08-2017 21:44,04-08-2017 22:04,07-08-2017 22:23,17-08-2017 18:23,01-09-2017 00:00
f0a82a328fd64b2796242bbfddb7e1d4,500f22fc596ab5a23d2e5ce64ee64859,delivered,06-10-2017 18:22,06-10-2017 18:35,10-10-2017 20:05,30-10-2017 20:54,06-11-2017 00:00
bba5aa837be7e597e91c6ddedf604cd8,94e56a6d6f8b3e26ad64c605e67b48d2,delivered,19-05-2018 12:14,19-05-2018 12:31,21-05-2018 12:10,01-06-2018 19:41,12-06-2018 00:00
72144791fc7fd8048eafc90d7f82ba54,229c98245e2b6995b67be1e1921e62d1,delivered,05-08-2017 19:30,05-08-2017 20:05,08-08-2017 22:27,16-08-2017 17:04,29-08-2017 00:00
664c5e57eb8479a79caeb79fc79699ca,d1460df3c5915f60fcc35d265ac392ea,delivered,31-10-2017 09:59,31-10-2017 10:10,03-11-2017 18:07,13-11-2017 17:38,14-11-2017 00:00
f97a6e53615dfc1488e4bcf3dfe1cb2f,f3223fd3b2517fa73ebb06dd5f1b0e99,delivered,11-09-2017 09:40,12-09-2017 04:30,12-09-2017 19:21,19-09-2017 19:54,09-10-2017 00:00
faa911f9ff46e53aedc9408c5d6a24ad,77dccd21b005b20fc1f1418c979ca354,delivered,07-03-2018 16:42,07-03-2018 17:20,12-03-2018 23:22,18-03-2018 17:17,04-04-2018 00:00
72344ea1113e3227494c465a64ae58aa,99907dc980230daa7bc0c7e6fb0b08fc,delivered,13-01-2018 15:43,13-01-2018 15:51,15-01-2018 23:04,23-01-2018 16:32,08-02-2018 00:00
b3fb87dd5ffb58351fd40c4f9fe03cdf,156a795ddee88514dace920fe888c46e,delivered,19-06-2018 00:26,19-06-2018 00:54,19-06-2018 16:16,24-06-2018 17:41,11-07-2018 00:00
95e42e6aaf6264cd3e77c06b32dc3003,29ef1f160ce630146dafa02052e2c5bf,shipped,24-11-2017 09:23,24-11-2017 10:51,24-11-2017 19:07,,08-12-2017 00:00
690199d6a2c51ff57c6b392d7680cbfd,19bacb562bd43bd4eaf05b6c0a59dad0,delivered,16-03-2018 11:31,16-03-2018 11:49,19-03-2018 19:56,14-05-2018 12:28,11-04-2018 00:00
56ecd129e9283080044e40f77065b350,a57a381a12573edc7711887551fc961c,delivered,12-10-2017 23:11,14-10-2017 03:46,16-10-2017 21:07,26-10-2017 19:09,01-11-2017 00:00
3b881091c6fc2687191b01c705287c13,f31eb05ebdef1ede72cebeba759e7c92,delivered,06-08-2018 22:25,06-08-2018 22:45,08-08-2018 15:01,15-08-2018 20:38,27-08-2018 00:00
86f408a9212aebbcddb41c1e8c65ebe0,a81e8424b6bfd433cfef8d7bcb36b26d,delivered,16-06-2018 18:31,16-06-2018 18:57,19-06-2018 15:10,21-06-2018 17:48,29-06-2018 00:00
1cb6cfd9e6306cfe607017391834999a,05aa1cdcd7c5f9e297b3b5d89ae5e1df,delivered,29-04-2017 20:09,29-04-2017 20:22,11-05-2017 14:57,24-05-2017 12:59,27-06-2017 00:00
6c2953724cd30669e1b904e179a2346f,f5b92e56a780e1573737b5ad7d15ab19,delivered,17-02-2018 10:33,17-02-2018 10:49,20-02-2018 00:09,12-03-2018 12:53,22-03-2018 00:00
567653c46861b54519b6f4cdee500f0a,5471b1f70a167766bc7eb4ed0f4d1b8d,delivered,01-08-2018 17:57,01-08-2018 18:31,06-08-2018 15:02,10-08-2018 20:34,24-08-2018 00:00
7b58fca3faf09217a36d5febee5739a5,0966fbba1c0e8c5e26e31166c2fd3ce8,delivered,04-03-2018 22:59,04-03-2018 23:15,06-03-2018 16:49,12-04-2018 21:04,28-03-2018 00:00
f30607daae66843552e00843c6de88ef,8e1769459d9b9a9989799f6c79a4a663,delivered,21-02-2018 13:18,23-02-2018 02:31,05-03-2018 23:44,12-04-2018 11:36,27-03-2018 00:00
4207ad8e0e4e4070f271c930d25f72d7,2d2b1b42705b2f080c47fb2c46db46f6,delivered,09-10-2017 19:42,10-10-2017 23:09,13-10-2017 13:59,23-10-2017 19:23,31-10-2017 00:00
38b7efdf33dd5561f4f5d4f6e07b0414,021e84751ba0ead75b6d314a6ead88d9,invoiced,01-08-2017 18:17,01-08-2017 18:32,,,28-08-2017 00:00
4f7ce3efe568a5e57290a9fa3e45b1f5,2569d6c5ed547bf0feaf37e32677fdaa,delivered,26-01-2018 13:32,26-01-2018 13:52,29-01-2018 23:16,08-03-2018 11:15,21-02-2018 00:00
3440f090efa1949bc4e9ebd0b89b2b6c,2acac3dfe4fa0e75b07461873a67e7e6,delivered,27-01-2017 00:34,28-01-2017 04:34,30-01-2017 09:57,10-02-2017 18:43,09-03-2017 00:00
b34523b3a1e3a1ad856985080738c879,62d788fe5abe032aad2a3e5ce86b37c6,delivered,18-09-2017 01:02,18-09-2017 01:15,27-09-2017 19:08,03-10-2017 18:24,04-10-2017 00:00
550a019d25590b5b3b6d31c0fd3edbbb,1f7945736d0f303827055ca99168ad20,delivered,03-04-2017 23:09,03-04-2017 23:22,04-04-2017 14:37,11-04-2017 16:18,05-05-2017 00:00
0d09617395364c88c4ad7c457b439314,016c5c3fb572754f302fdac24aa9cfa4,delivered,04-06-2018 08:33,04-06-2018 09:11,05-06-2018 10:15,20-06-2018 18:52,11-07-2018 00:00
e5a7c745f93cb381d78042cdef65b05b,9438adb7579bb0133f0173f39f85ae01,delivered,14-09-2017 18:32,15-09-2017 02:25,15-09-2017 20:59,19-09-2017 14:42,02-10-2017 00:00
f112b9fc8967a675670bedf5a2bc6b2b,4913f37a6cb9e2ba061770efb2ea4e58,delivered,17-02-2017 17:37,17-02-2017 17:50,20-02-2017 10:27,10-03-2017 13:06,24-03-2017 00:00
580c882a5805c78546ea65ec6d3690e4,a4f6fc82eefc6a54376eea73b27df682,delivered,05-02-2018 17:40,05-02-2018 17:50,07-02-2018 22:38,06-03-2018 16:59,02-03-2018 00:00
8adafb3466daa5395694d3a906ff9d40,b7919647bde69acc948baa47823d6c75,delivered,25-01-2017 15:47,25-01-2017 16:02,07-02-2017 08:09,14-02-2017 14:03,23-03-2017 00:00
66cf92fc3ec94fbafc4edd77e0814818,5072cf2f4cbec30b8ba917d5d7b6b125,delivered,27-04-2017 14:17,27-04-2017 14:30,28-04-2017 14:06,09-05-2017 11:17,08-06-2017 00:00
e54613f3313c396f77d8280b9121ea2e,fdb50c069d85c482f1ecfde317595741,delivered,15-06-2018 21:45,15-06-2018 22:20,19-06-2018 14:46,02-07-2018 17:19,17-07-2018 00:00
eb270c4cbf3671961f3883e8b888571b,64e006a132d86c9189f9656a1cb41939,delivered,06-12-2017 09:53,07-12-2017 03:12,07-12-2017 17:21,22-12-2017 17:37,08-01-2018 00:00
a87f63f16c37c383775f476c6f22b635,fd673a07896aec385c5287234605f166,delivered,14-01-2017 15:42,14-01-2017 15:50,16-01-2017 09:38,30-01-2017 11:21,20-02-2017 00:00
dc05a07c0cc70e26e10e274313034ad3,d9abf57c9a7f1cd9865625d2cba96053,delivered,01-08-2018 16:37,01-08-2018 16:50,03-08-2018 12:01,11-08-2018 15:54,20-08-2018 00:00
ec3d63b91b19bedcbe453ea0df14dd50,379792aa619482a6545bd1db3905ab2b,delivered,20-05-2018 10:33,20-05-2018 10:58,22-05-2018 06:21,24-05-2018 00:35,04-06-2018 00:00
d4922affdd87d3e42657243354c7acd1,3a6586139c630a9648d74d1da4a11cd8,delivered,01-07-2018 21:12,01-07-2018 21:29,03-07-2018 10:15,06-07-2018 16:50,30-07-2018 00:00
6e09e14cbfbf46215f17805edfb79aae,90d2e6f72916e728253129378a36fdcc,delivered,21-05-2017 21:10,23-05-2017 04:05,24-05-2017 14:29,02-06-2017 18:03,14-06-2017 00:00
f847298c3beb552989d31c5f673da6fc,c2ea1149b67ac4b480ff15b3b31110ee,delivered,14-03-2018 11:22,14-03-2018 12:00,14-03-2018 23:42,02-04-2018 22:17,03-04-2018 00:00
b1b5b604a5e207c764779ffb50527018,40eb5b16b04bc62c59d4905857958e82,delivered,31-10-2017 21:47,02-11-2017 02:16,08-11-2017 19:35,14-11-2017 01:32,01-12-2017 00:00
c3fd670b03599718895218d479f660b6,8f437c018d57b705d06574998fc4f348,delivered,04-10-2017 17:56,04-10-2017 18:28,05-10-2017 20:24,18-10-2017 20:27,01-11-2017 00:00
a57a5bbb57b15b49050bc6a58a2f240e,d5ef6eb2e7cb3280ee294b63ecc10fbb,delivered,17-01-2018 09:55,17-01-2018 10:10,18-01-2018 22:17,23-01-2018 21:45,01-02-2018 00:00
267e5fff0e80197e6553c5596ed81dbd,e8f72a39e55da80935caccd9abb4d831,delivered,20-07-2018 11:46,20-07-2018 12:03,23-07-2018 08:58,26-07-2018 00:26,30-07-2018 00:00
5a630e3d4aeb6fca86404481eb19cfe7,6928be51d9496f1aab5da8f15a21aba6,delivered,14-12-2017 09:06,14-12-2017 10:14,18-12-2017 22:29,27-12-2017 17:42,09-01-2018 00:00
dcb4a1d21593a108db61f12a4b3d61db,2ed973ea37080a94b7beaef7458b2e15,delivered,19-06-2018 13:22,19-06-2018 13:57,20-06-2018 14:15,25-06-2018 13:11,19-07-2018 00:00
3b14820d642ea72e95df3289b6539c1c,4248fddd68e3375c24e743290ce2d9fa,delivered,02-04-2018 13:01,02-04-2018 13:10,04-04-2018 23:42,12-04-2018 17:12,23-04-2018 00:00
32e4fa9bb468884309b58b9348de70c3,e54367d4b00c5cb76d2dfe71b9bdb89c,delivered,04-07-2018 16:49,05-07-2018 16:33,05-07-2018 14:50,07-07-2018 14:41,23-07-2018 00:00
813f8916cd12b887b0fa271f3263a4d3,bf22881f1f23a79916784ac5b4319c56,delivered,13-04-2017 17:26,13-04-2017 17:42,18-04-2017 14:51,09-05-2017 12:49,10-05-2017 00:00
4df92d82d79c3b52c7138679fa9b07fc,ba0660bf3fffe505ee892e153a2fbd49,delivered,24-07-2018 11:32,29-07-2018 23:30,26-07-2018 14:46,27-07-2018 18:55,06-08-2018 00:00
27f9fff9f14236589804b62bce39f526,f3318c51c9a6779c89f2567475b4a6b9,delivered,05-07-2017 11:55,05-07-2017 17:42,06-07-2017 13:55,17-07-2017 19:02,31-07-2017 00:00
142ac5357e541e5881d26fc5eb5f3754,660c817af06c2d842014a12d5871c1f9,delivered,30-04-2018 20:24,01-05-2018 03:15,03-05-2018 12:27,09-05-2018 19:50,15-05-2018 00:00
f833a0260cb98fa615a517d4e4a8cdf3,6b74fa3521fe75edbeff9948022f13d1,delivered,03-05-2017 14:31,03-05-2017 14:42,04-05-2017 13:08,10-05-2017 11:34,05-06-2017 00:00
9d48a2dfef2e0cb6155f816b9bf8489c,c4e12dfa6412f54cb99c38787dca987f,delivered,25-05-2018 22:10,25-05-2018 22:32,28-05-2018 15:02,01-06-2018 14:46,19-06-2018 00:00
9dc8d1a6f16f1b89874c29c9d8d30447,d9442164acf4b03109425633efaa0cfc,delivered,12-10-2017 13:33,12-10-2017 13:49,17-10-2017 15:42,24-10-2017 20:17,06-11-2017 00:00
d83706c29baf36eedf5e8adfb0da304e,26545a1a15e77138e98380c49a76053a,delivered,13-03-2017 11:36,13-03-2017 11:36,17-03-2017 15:12,27-03-2017 14:12,12-04-2017 00:00
9472d3c8a0ad463cbfc89897334431da,7e016f9ea275279784f42e0642214284,delivered,20-11-2017 16:21,21-11-2017 09:50,22-11-2017 19:48,21-12-2017 14:22,12-12-2017 00:00
e811880120e802367a37c73fdbc0a7a2,6441d665c5a1058502eb8ad0a2e2282b,delivered,26-11-2017 15:47,26-11-2017 15:56,28-11-2017 21:09,14-12-2017 00:37,02-01-2018 00:00
d4ab8a264235be36f72a07621046d082,7a5846ef7b6f7d58630bb4b0aafe2858,delivered,01-06-2018 15:34,01-06-2018 15:52,05-06-2018 05:40,12-06-2018 16:32,12-07-2018 00:00
b417d44c131fe6470b3226c7b59f6a8f,82f6d48ad3a75669934efe3988ce9b25,delivered,23-12-2017 15:50,23-12-2017 15:58,26-12-2017 13:33,30-12-2017 01:39,23-01-2018 00:00
f049e19134a95d09c806851a5ea1872e,cb1b31ec399f6183dee790a4c349e712,delivered,01-12-2017 07:15,01-12-2017 11:32,06-12-2017 23:17,14-12-2017 15:08,26-12-2017 00:00
e5d48f5d3719ee190629a850e362dc57,1670832aa0263adfa1337adf89530561,delivered,03-12-2017 20:22,03-12-2017 20:31,04-12-2017 21:43,11-12-2017 22:47,20-12-2017 00:00
407408433ee2a9ed77984aa5a06e2b2e,9f4c898706bf2b467ace0539e0319fcc,delivered,04-10-2017 11:31,04-10-2017 11:49,04-10-2017 17:48,09-10-2017 23:02,31-10-2017 00:00
a0411a1811cf1c3c1312372cb0495c6f,d156b6d121b154d0eae17d8993d4dd40,delivered,21-08-2018 20:36,21-08-2018 20:50,23-08-2018 11:39,27-08-2018 23:05,31-08-2018 00:00
0fc34e566d3273325c404c113f4a8b2a,ae9cc596d22235c547acce001f90fc33,delivered,02-11-2017 14:51,02-11-2017 15:10,06-11-2017 20:28,01-12-2017 18:06,27-11-2017 00:00
50c71607b83f5edc9a65e7c7d9910b1a,d3a7f01174c7a3d2905734b89cacedad,delivered,23-06-2017 11:23,23-06-2017 11:35,26-06-2017 08:03,30-06-2017 15:27,17-07-2017 00:00
3c3fa8869e142a240f57aef59c095f6c,d1c40bfb050a09047a4c4426fe9a2893,delivered,10-05-2018 16:04,11-05-2018 03:50,17-05-2018 14:56,21-05-2018 23:56,29-05-2018 00:00
5b96fa278c2b3c1e29c190ef1b651d08,207ac9416941d5b76d64875a33fe3659,delivered,13-02-2017 09:35,14-02-2017 04:03,16-02-2017 12:48,01-03-2017 11:37,14-03-2017 00:00
b3206cf64b7cd1480a6c6f9912b20666,da757be0eb9978feb09365ed3bdfc679,delivered,13-09-2017 20:30,13-09-2017 20:44,14-09-2017 19:52,19-09-2017 20:12,29-09-2017 00:00
33209e0f87b2ed543a0876812c9c5c40,bab0c43a2325bbc9ea398b00f8db0717,delivered,11-04-2018 14:59,11-04-2018 15:12,12-04-2018 18:49,13-04-2018 19:04,27-04-2018 00:00
ea337f88a8c5cab4e99da87460f1b99e,9aed6fa0db5da18a5433bbff4ef320b8,delivered,19-03-2017 23:15,19-03-2017 23:15,21-03-2017 09:17,30-03-2017 14:43,10-04-2017 00:00
c82430e4a84f03b67cc2a82fecd873f0,a625f7cf467b00ae83700201dce9a6d0,delivered,03-11-2017 12:56,07-11-2017 07:30,07-11-2017 19:33,21-11-2017 18:23,29-11-2017 00:00
c3664571c21d82f7d8ada5770af419f9,3c6de6b65568723360510737edb81465,delivered,27-11-2017 19:41,27-11-2017 19:58,05-12-2017 20:26,11-12-2017 15:28,15-12-2017 00:00
ad7ddb009f1bcd6c40cb1106471c292c,26495cdb066f046945177209f10b67fb,delivered,18-07-2018 16:16,18-07-2018 16:30,19-07-2018 13:34,24-07-2018 15:08,06-08-2018 00:00
a865adb8bec2475e30e835eaf1b9e7d6,047d2000bf864a26eb2559021ec958e2,delivered,06-05-2018 10:27,06-05-2018 10:53,07-05-2018 15:00,14-05-2018 20:31,04-06-2018 00:00
ac85808794ef111b4689bbdb5ea7f2c9,62082173db63a1a735d81f64754914e4,delivered,11-11-2017 12:10,11-11-2017 12:26,16-11-2017 20:12,25-11-2017 13:51,11-12-2017 00:00
9d513821c0477231fc7c1bfd684d13d8,00a6e2753fc2652cb87386ffbf5792b2,delivered,20-02-2017 21:31,22-02-2017 06:50,23-02-2017 07:23,21-03-2017 10:35,17-03-2017 00:00
39a0eaa2a980c810beaf68d76e52fa96,d1c6e90ab127d42b75ef2e548b4461ac,delivered,07-03-2018 17:53,07-03-2018 18:10,08-03-2018 18:33,14-03-2018 18:48,23-03-2018 00:00
cf3d593f97ce4a58adbd6b488579fa36,4156c48bdc8d1ecbfbcfabfefee2d0c7,delivered,24-06-2018 08:21,26-06-2018 05:37,26-06-2018 13:54,27-06-2018 12:58,05-07-2018 00:00
8ca57f2b32c00588cab243b2115441f5,284e326e8a71e55bdb0b210ddfabaa27,delivered,06-08-2018 18:45,07-08-2018 06:45,08-08-2018 16:18,18-08-2018 11:48,30-08-2018 00:00
65d7e9625cc211f641191203e231ac24,08999a20d9741d9513c368676f5531c1,delivered,04-08-2017 10:46,04-08-2017 11:03,04-08-2017 19:42,15-08-2017 14:43,28-08-2017 00:00
ad2b0f4fd912cd3c834e5976c46b75b7,a942d13c8e40155ee446ae0909993bfc,delivered,03-05-2018 14:31,04-05-2018 11:35,07-05-2018 15:23,09-05-2018 17:08,22-05-2018 00:00
c432ba5b3bb83966c1b66696c395a2fb,973e21d9b220229aedc9ac566294568f,delivered,02-12-2017 07:55,02-12-2017 08:59,04-12-2017 22:09,06-12-2017 19:04,27-12-2017 00:00
62fe29a53926ef67e73c4b5f3e1ba6f3,fda187c74a59672dfd4c786231565791,delivered,01-01-2018 23:15,01-01-2018 23:26,05-01-2018 18:32,09-01-2018 17:09,24-01-2018 00:00
769cad60df1d40dccfd5ec163be24654,ce0518f0279ef8b73d94633720e70b9f,delivered,03-09-2017 15:21,03-09-2017 15:30,19-09-2017 23:57,25-09-2017 20:56,10-10-2017 00:00
48a928c553c276852b35ce90fedfeee2,9ea999ddb251e229b1c8b4925884743e,delivered,03-02-2018 00:18,03-02-2018 00:32,06-02-2018 00:42,24-02-2018 17:38,07-03-2018 00:00
40ef667b4259d5f521a0fd1a093d0415,bb8bd97c39739129411746c4ca7c754f,delivered,11-07-2018 19:25,12-07-2018 04:06,12-07-2018 15:04,13-07-2018 17:45,20-07-2018 00:00
7f97f025c45cac922275120fdee4e062,695449e690b9ed39a1afa2dc5f3e900f,delivered,07-02-2017 12:01,09-02-2017 02:43,10-02-2017 14:04,17-02-2017 17:06,02-03-2017 00:00
00125cb692d04887809806618a2a145f,8afb90a97ee661103014329b1bcea1a2,delivered,23-03-2017 12:21,23-03-2017 13:05,27-03-2017 08:58,07-04-2017 15:32,20-04-2017 00:00
eba75422c6a2414d3cd8289123e64200,d7c4d8b45b0a33ff6df7a3950800d4e8,delivered,30-07-2018 18:25,31-07-2018 03:55,31-07-2018 13:55,07-08-2018 14:21,24-08-2018 00:00
626e4ba4ac663dadb68a6fe4b0d7b8d4,6b9aa554bd8240e377eb1aca688e6e39,delivered,09-02-2018 15:26,09-02-2018 15:54,14-02-2018 16:39,28-02-2018 20:07,09-03-2018 00:00
3ec2c982a9497e2aa32da12b18ce7266,8181e01938f34902ad6d883bf57f803d,delivered,04-05-2018 20:19,04-05-2018 20:30,07-05-2018 14:32,18-05-2018 16:03,25-05-2018 00:00
98e54ac24cb241c366307ed88ae84902,3d2b9ce5685b7810c56c6b8babb0432e,delivered,26-11-2017 12:15,26-11-2017 12:34,11-12-2017 22:27,21-12-2017 21:17,27-12-2017 00:00
18d686f1bb1270182c646fe337459d79,bbf7be5b7db9baf4509ae4573c8570b4,delivered,15-02-2018 15:07,15-02-2018 15:27,17-02-2018 00:14,11-03-2018 19:28,07-03-2018 00:00
93b82c635931ca55e5d20e0d095507ce,7e22aa38ee8f6869c7efd3348b63be3d,delivered,31-08-2017 05:31,31-08-2017 05:44,11-09-2017 17:26,12-09-2017 19:43,13-09-2017 00:00
c5e754f77f6f127371e929ccb707fce3,19ce60e416e5f9342e80d5ddcc814b03,delivered,11-02-2017 10:53,11-02-2017 11:05,20-02-2017 03:54,24-02-2017 10:37,17-03-2017 00:00
0f8532e6a9c1e86b215fda5c13f37fad,48c83ab1910a8d95f8702dde180d658b,delivered,08-05-2017 14:59,10-05-2017 02:42,19-05-2017 17:52,24-05-2017 13:25,29-05-2017 00:00
4fe2fd5509bca02cbd39aa5b3eeb2a8f,c5064807abdc55acd37860160154ed1a,delivered,27-08-2018 13:57,28-08-2018 04:04,28-08-2018 10:34,30-08-2018 00:36,31-08-2018 00:00
46c22ce0488991c798933effd2b57574,d022cc2c5b40e84f1c19866f337c7a68,delivered,06-02-2017 15:43,06-02-2017 15:55,08-02-2017 15:48,20-02-2017 17:08,03-03-2017 00:00
cd864dfff08db3d739750d749ec053b3,e5b70244ffbbac9f5ebde9ecdfc049f9,delivered,16-01-2018 10:02,16-01-2018 10:12,17-01-2018 18:51,23-01-2018 21:25,14-02-2018 00:00
b65067f5a1e9e4aea30dae0dc505119b,cb1d99010eebd5ee5b64dc9e37caa9d4,delivered,18-05-2018 11:26,18-05-2018 13:06,18-05-2018 13:31,21-05-2018 18:08,28-05-2018 00:00
31426d292a5d34315a18ac11d6eef7eb,bf4fe999a2d7bc0465cbd817fac3bbee,delivered,22-01-2018 19:19,22-01-2018 19:36,24-01-2018 16:28,26-01-2018 18:59,14-02-2018 00:00
eafef0e6c44f121531569a69a318c3b3,084dab2db2bf5d42677b135e633a15ba,delivered,29-11-2017 13:03,29-11-2017 13:12,04-12-2017 19:18,09-01-2018 16:32,27-12-2017 00:00
1f6405caa14a2debb88594b0471ed340,5ca6f3218e411dcbb9c27ad61bdc3d1d,delivered,26-12-2017 02:35,27-12-2017 04:08,28-12-2017 12:29,05-01-2018 20:32,05-02-2018 00:00
2ed75ffbf396fcdc6341f17d1a16ef5d,7c5f8c2e42af586aa1b1cc8d6bc40732,delivered,12-12-2017 20:54,12-12-2017 21:11,13-12-2017 17:19,14-12-2017 22:57,29-12-2017 00:00
c0e59bb74c6b71dbd39b3073120e957d,387752a856ae611e11987f531cf59966,delivered,04-08-2018 09:09,04-08-2018 09:45,06-08-2018 14:28,09-08-2018 21:05,16-08-2018 00:00
10918fe4d665fda80034712895c2b92f,e05a24d2c1d2cd3ae0482ecc1b4d069f,shipped,26-06-2017 07:04,26-06-2017 10:32,04-07-2017 11:27,,03-08-2017 00:00
64a9f2b487f66506d463ca18152280e8,90714b0e62fe1fbd304fb45fd644ebdd,delivered,24-02-2018 08:45,24-02-2018 09:47,01-03-2018 21:38,02-03-2018 21:51,27-03-2018 00:00
e5e6a20a4c3fbe6ee280c01f8fe279cc,e1cb13d47d802da7d23d6253ed8d7959,delivered,05-08-2018 11:05,05-08-2018 11:15,07-08-2018 14:21,14-08-2018 18:06,15-08-2018 00:00
6d46f8b7f485ad93146f9880682d4eb2,ed91cd9ea6e333288382a4adbefaffcf,delivered,26-11-2017 11:38,26-11-2017 11:54,27-11-2017 20:12,05-12-2017 19:23,15-12-2017 00:00
011b142c9e082a5c1d10e0a88cd9c8e8,0c7a95280b3f80eadd81c829e093dbec,delivered,23-03-2018 11:43,23-03-2018 11:55,27-03-2018 03:14,14-04-2018 19:18,16-04-2018 00:00
cd0019d8419b82109ff269d8b4e18791,17ebae22126d3df35f5e1fa1efedab94,delivered,17-05-2018 07:17,19-05-2018 02:58,22-05-2018 17:15,03-06-2018 13:06,07-06-2018 00:00
fa859e78da068661b096bfb4466ded18,065415930d45ace4ad39039b5d0d9341,delivered,09-12-2017 17:13,11-12-2017 17:11,13-12-2017 20:16,19-12-2017 11:59,18-01-2018 00:00
7753606fb1d0067848f8a1a7ae5abefa,5c4a6f6b98ec2d780b10f1cc88ef208f,delivered,02-05-2018 13:17,02-05-2018 15:58,04-05-2018 15:20,23-05-2018 17:51,16-05-2018 00:00
3606d0126c19d4197f835572f5162c20,366e99a4996b3f8f781b60d7549f9e38,delivered,25-01-2018 19:46,25-01-2018 19:53,26-01-2018 18:52,22-02-2018 23:49,20-02-2018 00:00
4d2d8a4224215f680cc5221011347401,5957d9ae822bcbe88c00fb8286362339,delivered,01-03-2018 12:43,02-03-2018 02:10,02-03-2018 19:08,05-04-2018 17:12,02-04-2018 00:00
87386e2485df1ab61a6d060a092e4d6f,0728f6d108255cb411a50fb646c3c7dc,delivered,16-11-2017 23:40,16-11-2017 23:50,17-11-2017 22:32,29-11-2017 10:41,13-12-2017 00:00
91bcade2288597459e1dbce52d6d0ef9,449057269c318304d8a753f64c181b07,delivered,04-01-2018 13:14,04-01-2018 13:29,10-01-2018 20:24,09-02-2018 00:44,02-02-2018 00:00
df8e5e994bcc820fcf403f9a875201e6,05f1c2a8e913a4084727ac728bbdbec2,delivered,01-08-2018 13:30,01-08-2018 13:44,02-08-2018 14:20,06-08-2018 22:28,17-08-2018 00:00
3480c6733692db0895d7f240dc18d9d6,511565b2987c19e165331306886f10f8,delivered,17-10-2017 15:58,17-10-2017 17:14,18-10-2017 18:47,21-10-2017 15:01,27-10-2017 00:00
b028c30dc8af213ae4c26a64446211db,55521b1f0b80672b3c61939a06211691,delivered,16-11-2017 16:20,16-11-2017 16:35,21-11-2017 17:45,23-11-2017 22:58,29-11-2017 00:00
7845a2492ab1b4f2cf3d56c7b8da1446,386e96046ce0e77e5c9a9a4e818da93c,delivered,18-01-2018 12:35,18-01-2018 12:56,18-01-2018 23:42,23-01-2018 21:51,09-02-2018 00:00
b3ceb7d2c66651bd0f6531ffba8745fb,0473034ec8cbbdc1db543b6c3615c625,delivered,08-09-2017 14:56,09-09-2017 05:04,12-09-2017 00:51,20-09-2017 19:27,03-10-2017 00:00
c4cffa375b754170e9823a1fe9ac75bb,47e47955af2683fa8896688e8aaa279f,delivered,29-07-2018 00:48,30-07-2018 19:31,31-07-2018 17:58,04-08-2018 18:26,10-08-2018 00:00
d44b754260def6c94daa9e661e530044,50c065ad9fbbc477d28bbb56dcb61600,delivered,25-04-2017 21:33,27-04-2017 13:15,28-04-2017 17:52,09-05-2017 16:43,16-05-2017 00:00
f9fe35b6ddb4b18faa9a9a683e20eaea,3888989235e31a1848cb782a04a14334,delivered,26-04-2018 09:49,26-04-2018 10:35,26-04-2018 14:16,03-05-2018 22:41,06-06-2018 00:00
d52140bee663636aa4f6057e50bc06a3,32fa597a3b06db1949ee96c416335b6b,delivered,01-03-2018 20:30,01-03-2018 20:49,02-03-2018 20:35,16-04-2018 16:24,27-03-2018 00:00
cfa4fa27b417971e86d8127cb688712f,7093250e1741ebbed41f0cc552025fd6,delivered,16-08-2018 09:44,17-08-2018 03:10,17-08-2018 18:55,29-08-2018 01:41,22-08-2018 00:00
3ad68235680db3c8a491e0362402fd96,2ae1291d11904be5f9315472cc178cbe,delivered,25-01-2018 08:43,25-01-2018 08:56,26-01-2018 12:46,31-01-2018 18:51,09-02-2018 00:00
df6e64a3be9ccea48c3bfe8e096e8749,1f184001b4cbba29eb3ddefd7b0a195b,delivered,16-08-2017 08:00,16-08-2017 08:10,21-08-2017 13:54,01-09-2017 20:41,08-09-2017 00:00
bcdbb3b243d4e882503b919785e2343f,4146dd1b456444cd54142b5a7c4b9405,delivered,21-05-2018 13:16,22-05-2018 09:36,22-05-2018 12:23,28-05-2018 16:38,13-06-2018 00:00
3acf8c12de0c5a31ce57671e97cb48a1,3c74489596d98affbe4a9388a39bf482,delivered,12-05-2018 00:18,12-05-2018 00:31,14-05-2018 14:54,17-05-2018 21:52,04-06-2018 00:00
112f6cd3047e7f158607233e26206398,f9ed63010ec897e6fb2c5ce868195a18,delivered,03-01-2018 16:29,04-01-2018 05:16,05-01-2018 19:36,12-01-2018 23:18,26-01-2018 00:00
598cd40a798aa27cded050fe918ffbe7,f36d397e361b66b7220f849320541fd8,delivered,31-08-2017 09:31,02-09-2017 02:45,05-09-2017 21:35,06-09-2017 14:43,13-09-2017 00:00
ac244956f757aeeb76242334254bf9a5,80f70f0ca0bcd19bf71e848e51206d68,delivered,12-07-2017 18:45,12-07-2017 19:03,14-07-2017 20:43,25-07-2017 21:54,14-08-2017 00:00
4c460fdf49b517270b6258ba2d3c1ef9,ffe82abbde8061e75c4c0b72f3b2accf,delivered,14-06-2018 18:37,14-06-2018 18:58,15-06-2018 14:17,16-06-2018 10:12,29-06-2018 00:00
118045506e1c1dda060171af43fe11b4,638c6674418fc58283a73c078bcb076f,delivered,08-03-2018 19:06,09-03-2018 19:08,13-03-2018 21:24,11-04-2018 12:53,04-04-2018 00:00
18bf036204cea32b152a8e2a2f2bab40,75c1cc8ffdfa39cfba5b62056e1c0f56,delivered,08-05-2017 16:31,09-05-2017 16:35,11-05-2017 13:44,15-05-2017 19:27,12-06-2017 00:00
ec07555943e04d757937a8bea3a75ed7,cf3c35f463f6a234d0dc10d33dacb41e,delivered,16-11-2017 13:18,17-11-2017 04:06,17-11-2017 19:12,27-11-2017 21:59,08-12-2017 00:00
825c221a4e981f278e9c5ec6ead83a3f,933bf00ad9a4f8bfd36bd85e09bd6cba,delivered,29-06-2017 23:08,29-06-2017 23:23,06-07-2017 14:05,10-07-2017 13:48,19-07-2017 00:00
371f13dd168ce30a881e0db8cf3929fb,f411a040a2fa31babc72e93f3a947e07,delivered,26-08-2017 10:26,26-08-2017 10:35,31-08-2017 19:42,12-09-2017 20:52,27-09-2017 00:00
6699d7eb202a80ad0dd024134fe5ed60,18715b86f15b55cc06dcaef3708656c7,delivered,15-01-2018 00:14,15-01-2018 00:29,15-01-2018 21:33,24-01-2018 20:18,19-02-2018 00:00
c046779e1ef14c11e325b9b9a46d610d,c3de914e671cb1e98797f42b2f797274,delivered,05-06-2018 19:53,06-06-2018 02:53,07-06-2018 13:02,09-06-2018 20:03,21-06-2018 00:00
4b81496f1e0fd587a7394ba1e1b8aebb,ea0b7ca96e72354232c17d72b8bdf66d,delivered,04-03-2017 09:55,07-03-2017 04:05,08-03-2017 17:24,14-03-2017 07:24,23-03-2017 00:00
b3e2b81932a8bc32dfffd128937c3c5e,cb633030180d869d7bb76aa783a78b6d,delivered,04-07-2017 23:29,05-07-2017 17:36,07-07-2017 13:11,10-07-2017 19:07,18-07-2017 00:00
62fcfe5da58296dface200da2e196fcd,02860b05257510a255778043ce042794,delivered,19-05-2017 14:12,19-05-2017 14:25,22-05-2017 12:47,01-06-2017 16:15,12-06-2017 00:00
ac71263052acddd3b2031b5937f8fc30,ffdaff86e5834cb843ada60a745d4222,delivered,24-04-2018 22:18,25-04-2018 22:10,02-05-2018 15:20,04-05-2018 21:18,15-05-2018 00:00
9db49839ad325c2bf4303df727694be2,3be5a877ceebea2954404c6ef8e70be2,delivered,13-09-2017 17:53,15-09-2017 02:24,20-09-2017 13:35,03-10-2017 21:13,16-10-2017 00:00
390d4039e108e33c6a93031f5f3f9e0d,f33b3d6c9af33c35f9a32f66285a6b7a,delivered,20-11-2017 11:44,20-11-2017 11:56,21-11-2017 15:47,30-11-2017 22:04,08-12-2017 00:00
f633c884a99eb63866600655356d973e,b6e18008af6aeb4a5ce5574c15ca2b48,shipped,04-04-2018 00:33,04-04-2018 00:48,05-04-2018 19:16,,25-04-2018 00:00
b8bfafcbe46deea4900feeffb2d6afaf,73f826bc89f03a161feac9beef6ed964,delivered,19-01-2018 18:07,19-01-2018 18:20,23-01-2018 17:21,01-02-2018 00:08,14-02-2018 00:00
16e38caa92e342c7780f68832f832d4d,d29935fdaf4a76f34653da3def4f2a24,delivered,07-05-2018 01:09,07-05-2018 16:52,07-05-2018 15:09,24-05-2018 00:31,07-06-2018 00:00
c272bcd21c287498b4883c7512019702,9582c5bbecc65eb568e2c1d839b5cba1,unavailable,31-01-2018 11:31,31-01-2018 14:23,,,16-02-2018 00:00
6d710101fb9f067dd5385ea1b6021946,6e001b127d62e0c00c0dfb63778ae9c0,delivered,31-05-2018 10:16,31-05-2018 10:30,12-06-2018 14:23,13-06-2018 18:22,11-07-2018 00:00
d5af7f6e2db2c527fe19decfc2d37a83,bf59771b1ab3559105d03691c8c99794,delivered,31-07-2017 20:47,31-07-2017 21:15,02-08-2017 20:52,04-08-2017 21:04,25-08-2017 00:00
49e19ca07e42bde08630a08e50ad980e,cb67357747667b594aa6d47770e7334c,delivered,31-05-2018 17:47,01-06-2018 17:53,08-06-2018 11:18,15-06-2018 19:14,05-07-2018 00:00
ed3b269b4badaf0126050c9d4f7b854c,8df348aaafe2a0df5f1ad620b64095f9,delivered,12-07-2018 22:14,12-07-2018 22:25,18-07-2018 07:50,23-07-2018 17:48,27-07-2018 00:00
6ac882284d5fcde113962e178ba0edbb,1bd00f336a9c3b3c35a720f715e7fe58,delivered,07-12-2017 15:40,12-12-2017 03:49,13-12-2017 22:07,20-12-2017 19:05,09-01-2018 00:00
5e0311cb517d342851ca3b346cd4c5ab,3ac33dfea62e0b085b5cfeb64bee5f21,delivered,10-12-2017 23:35,10-12-2017 23:49,13-12-2017 17:13,27-12-2017 20:41,16-01-2018 00:00
4efb9f3d8ba57d35f9f884744e757265,b1daab0190e21f1b1702791e68fcd940,delivered,24-07-2017 16:14,24-07-2017 16:25,26-07-2017 10:32,28-07-2017 18:15,15-08-2017 00:00
f4b76dbfe0f911217da5adaa458f5b5b,c2d9ace6123e42fa913bd6fad131bf09,delivered,27-07-2017 23:29,27-07-2017 23:45,31-07-2017 17:27,07-08-2017 20:32,22-08-2017 00:00
3783e0b4f1ef0985e0d9aca4629f756b,264d02bf55980e2934f42a50c221e97c,delivered,19-04-2018 19:34,19-04-2018 20:51,20-04-2018 18:32,23-04-2018 15:32,08-05-2018 00:00
1b5bd1070a7857f30e0856e204f30f25,e30b71f331d7484590d41e75507583fd,delivered,28-11-2017 08:02,29-11-2017 02:18,04-12-2017 22:53,22-12-2017 17:17,26-12-2017 00:00
4d315c56f2d8d8d27bf1a1365d41c923,1a064684f3096efdbfb11a78ea4f97c9,delivered,28-06-2018 10:28,28-06-2018 10:50,12-07-2018 06:46,23-07-2018 17:54,03-08-2018 00:00
68a001baa8dbd45ba5096b470f57a498,355971cbe54e13e55beb25fab74f6988,delivered,16-10-2017 18:26,16-10-2017 18:45,26-10-2017 20:41,27-10-2017 21:44,10-11-2017 00:00
bb90b02637daa6d6ea968529eed50699,cb85fd1337a9b227e49fbcb893babd71,delivered,23-01-2018 10:15,23-01-2018 10:29,25-01-2018 22:16,05-02-2018 19:53,01-03-2018 00:00
186d50e82bb60fc547f3dbf7aa6f6f8a,ff0a44202beb5310644a0ea439973f4d,delivered,19-08-2018 11:28,20-08-2018 16:50,21-08-2018 19:01,27-08-2018 14:11,28-08-2018 00:00
2042abeefae68e63a8aa30edd4b0eb48,a37a37235d7b3be3e2f95747ca589bda,delivered,26-05-2018 23:52,27-05-2018 23:49,28-05-2018 14:09,30-05-2018 15:48,20-06-2018 00:00
f9c8a2771f663e15460ae6ba93205354,de6878ac6d0e66c06927865e86f28f60,delivered,21-09-2017 22:33,21-09-2017 22:50,22-09-2017 20:12,27-09-2017 16:32,17-10-2017 00:00
b2ce866408709e3ba155f339e97b8405,8dd1c4e88c1db62830ab1f7c56b6ee42,delivered,04-05-2018 00:12,05-05-2018 00:13,07-05-2018 13:37,16-05-2018 17:19,12-06-2018 00:00
2e1b28b55908e9904e59370fa0ecbb8e,e0c153dd9802d047fc86fbbc9da1a59b,delivered,20-12-2017 14:00,20-12-2017 14:31,20-12-2017 23:28,09-01-2018 00:45,24-01-2018 00:00
a98012aa8c697f2bcff9f8c2183e0f2b,3e337c99e0f5ff7ba9a4b98fbf7412fd,delivered,13-05-2018 22:50,13-05-2018 23:11,14-05-2018 11:49,18-05-2018 22:46,01-06-2018 00:00
302e27012670f8e2db4418e6c619f54c,4221d4ffdad18996eb11c8a829d6a073,delivered,16-02-2018 09:17,16-02-2018 09:35,19-02-2018 23:31,27-02-2018 18:28,15-03-2018 00:00
f3d418a0887dbfd5bd41c788c87ac28b,1fabee44ed07815c74f684fe4826c686,delivered,10-12-2017 16:46,12-12-2017 03:36,13-12-2017 20:41,02-01-2018 19:43,12-01-2018 00:00
31b157fa9491800710e3feeb482ccee9,55490de47a9c2abff0a27a5296ae9c2c,delivered,11-12-2017 23:18,12-12-2017 00:05,12-12-2017 22:37,13-12-2017 12:57,28-12-2017 00:00
315ab79b5d15b5e9304d729579d36a42,04c70b7e1a619d16dbd79757e543cc59,delivered,10-03-2017 11:45,10-03-2017 11:45,10-03-2017 13:44,15-03-2017 16:15,29-03-2017 00:00
9f2da077d2d1eb6e8abcacef8776e941,2386792ff4818fe030a3b1364994f51e,delivered,28-10-2017 21:26,28-10-2017 21:46,06-11-2017 11:08,13-11-2017 22:33,22-11-2017 00:00
b92fa055c4f004d4ae52eccce4efbe5f,36d3a1fdfe49d86395c631a7ea4dea63,delivered,22-02-2018 14:54,22-02-2018 15:27,23-02-2018 20:23,05-03-2018 20:29,14-03-2018 00:00
d396adb7e51ca1bcb4a84cb786fee813,33a366be73843c5da3d68f3d3427afd6,delivered,03-07-2017 16:42,05-07-2017 06:44,12-07-2017 20:47,01-08-2017 21:10,04-08-2017 00:00
714fb133a6730ab81fa1d3c1b2007291,e3fe72696c4713d64d3c10afe71e75ed,canceled,26-01-2018 21:34,26-01-2018 21:58,29-01-2018 22:33,,22-02-2018 00:00
f3381b1e6c37c70f2b3c9d211b166412,77eca4439004e4aad223924d6f254f3f,delivered,24-04-2018 10:29,25-04-2018 04:11,26-04-2018 07:49,04-05-2018 22:19,17-05-2018 00:00
b9afddbdcfadc9a87b41a83271c3e888,85c6af75161b8b2b1af98e82b5a6a5a5,delivered,16-08-2018 13:50,16-08-2018 14:05,16-08-2018 13:27,24-08-2018 14:58,04-09-2018 00:00
bc024a50e4e6ff5212d0febb0f4b4a37,b037df006f291d0cdbc837d78c48ff5f,delivered,28-08-2017 20:27,28-08-2017 20:44,29-08-2017 16:09,19-09-2017 16:58,28-09-2017 00:00
4630b9ea86d473a936d6dd589cee8b22,5b6e97fea8528cf0060d86dbd82f9c4a,delivered,27-06-2018 16:11,27-06-2018 16:29,28-06-2018 14:37,03-07-2018 04:42,19-07-2018 00:00
0e31f844aae10fe7dc2369bc0340bf21,b8733d346bac6859519abd26e409fd6a,delivered,17-10-2017 17:02,17-10-2017 17:46,18-10-2017 19:44,23-10-2017 20:54,06-11-2017 00:00
98cc17e56c367cbbe628aca0bbf9f08e,242b387a8eebcaf8ea3c588cdc79eb5b,delivered,06-01-2018 21:37,06-01-2018 21:49,08-01-2018 23:27,22-01-2018 15:25,07-02-2018 00:00
21fc1ff2a7ed8b2ec6ff62ac18d7a1b7,08fe63b02e7e846c85b8a49b9fd540d9,delivered,15-02-2018 11:58,15-02-2018 12:15,20-02-2018 21:27,05-03-2018 19:08,09-03-2018 00:00
ea12bd9ee4b9a167ce287004482769e1,787b46588e96b01ea8bb3a4bfbccd352,delivered,26-10-2017 20:30,26-10-2017 20:46,27-10-2017 19:05,31-10-2017 20:22,14-11-2017 00:00
7958d9e7f3083099780539e0054d0c54,ab23dc90e86086221732547085a7f9e3,delivered,03-03-2018 17:11,06-03-2018 03:55,07-03-2018 00:32,09-03-2018 20:13,15-03-2018 00:00
4cd9478b63edacb631dcf780b036b157,f1b66f0324a631de414bc2bf62b5e915,delivered,23-06-2018 19:29,26-06-2018 05:12,27-06-2018 09:06,30-06-2018 13:50,23-07-2018 00:00
ba863950726dd067d21b2262ab48df78,74bd614c81cbbb1e75aad1b2dd120304,delivered,22-10-2017 14:25,22-10-2017 14:49,23-10-2017 18:50,27-10-2017 21:23,10-11-2017 00:00
9f035a4126d6f9cf43447e9b8eb6abae,ac7e3d34240c0ebfc003455c2e04d10a,delivered,20-09-2017 11:35,20-09-2017 11:50,27-09-2017 21:16,18-10-2017 19:32,19-10-2017 00:00
c514dba8d0ed614c6a397d2f0f3fe202,2fdffca8dcdf01547529d45f7f4e8e8f,delivered,31-07-2018 20:47,31-07-2018 20:55,01-08-2018 16:07,07-08-2018 19:32,20-08-2018 00:00
b7ed5b357d48b6c8f588c5cf0d7ddf5d,92148a85c89c0da621cdc0e1810a23f7,delivered,10-03-2018 23:24,11-03-2018 00:00,12-03-2018 17:08,17-04-2018 17:37,02-04-2018 00:00
05ae7d6bd78e2a61f4c0076a9d690aa8,2e21846cd2112929ca821e9716281192,delivered,20-07-2018 12:25,20-07-2018 12:43,23-07-2018 14:41,25-07-2018 14:08,01-08-2018 00:00
d9a79759e192eeea9d5227b706bb6155,9ade348c95b66ce157cad614dc61fe1e,delivered,04-10-2017 23:23,04-10-2017 23:35,05-10-2017 20:47,10-10-2017 21:27,30-10-2017 00:00
1a08b06cb8b9b557453b70b83fdc69cb,5b0403fc813ee1da7cd9a0816d205016,delivered,21-01-2018 16:46,22-01-2018 13:53,24-01-2018 23:56,02-02-2018 19:24,14-02-2018 00:00
c3716204ec5bc2bc5593bee858279148,99ae056139c928155fbb6789440c8824,delivered,31-07-2018 21:51,01-08-2018 21:45,02-08-2018 10:38,06-08-2018 16:12,20-08-2018 00:00
f86b24a45dc34d1b7fcdeb817bf503da,f6cc975f9ed5f7d6d78d5f8ac711a7ac,delivered,06-03-2017 21:15,06-03-2017 21:25,16-03-2017 12:42,28-03-2017 13:20,30-03-2017 00:00
bac5dc94cc5dbf0810f1919c2aac13cd,85fe96297110ae68dd33043dc65a5221,delivered,08-07-2017 17:35,08-07-2017 17:45,10-07-2017 19:11,13-07-2017 20:27,28-07-2017 00:00
01835ef41c5ac66dd9ec6084fa1d0533,6a4ea2081853cd8dd8d7c69cdf86925a,delivered,11-05-2017 21:36,11-05-2017 21:45,16-05-2017 08:54,23-05-2017 22:13,01-06-2017 00:00
26e7beff0239dc6ed3a8f2bb5972911c,6c5aeca0152670c75e44c9c67eb7c1f3,delivered,22-01-2018 15:24,22-01-2018 15:38,23-01-2018 17:30,29-01-2018 21:49,14-02-2018 00:00
e995d128a5a5bd59d704a736c4a75fd5,2137fd565c784123ceb5a62528749c89,delivered,10-03-2018 20:39,10-03-2018 21:40,14-03-2018 18:28,21-03-2018 20:32,28-03-2018 00:00
d92d62eadcca8fd6509c4d0afad5b2c2,a00009bf8489ae779a18179b4716f195,delivered,07-08-2018 14:12,09-08-2018 03:45,09-08-2018 14:27,10-08-2018 19:12,15-08-2018 00:00
22bd668810988f93e2c335459e72a312,314675b44a38443e4ba09ab0f462c8c7,delivered,27-12-2017 20:24,27-12-2017 20:35,28-12-2017 18:28,29-12-2017 13:17,16-01-2018 00:00
9a886ac42ca6eb5571fbdd1bdd8be02e,c7f920a7b4aed73af416b5fa6f5c5584,delivered,15-04-2017 23:53,16-04-2017 01:05,18-04-2017 07:27,20-04-2017 17:38,08-05-2017 00:00
0ab63e307694f40a88a0ecd358c0939d,f239edc4401c9043a2c8f37fe164b273,delivered,15-04-2018 22:11,17-04-2018 05:50,19-04-2018 02:22,25-04-2018 18:11,09-05-2018 00:00
f8ebe0a43498e8d689afbbfec4b3eaba,b59948a7b140d0a16d1683138820eed9,delivered,11-09-2017 15:39,11-09-2017 15:50,12-09-2017 20:52,24-09-2017 11:29,09-10-2017 00:00
d2741de337666d1bb01913f415e6643f,cb1e2bf26acb98ef66bb11447a218cc2,delivered,25-02-2017 14:34,25-02-2017 14:50,02-03-2017 20:34,11-03-2017 08:32,28-03-2017 00:00
f29d0fd6d4e6d5ce550e0b2f9335116c,55216cd56c9eaadec16f03d5aaf11d86,delivered,17-05-2018 16:34,19-05-2018 02:59,21-05-2018 13:45,09-06-2018 00:14,13-06-2018 00:00
d30680568af2e9f0aeba3420292df26d,8eb5e45df7b0f27cc1a3b7ba46219180,delivered,16-09-2017 09:20,16-09-2017 09:35,22-09-2017 20:45,22-10-2017 14:16,09-10-2017 00:00
2d8f8f85abccae68275f423d878f2b7e,8ca53db6e60cffad03828535d1fcc1a2,delivered,27-02-2018 08:31,28-02-2018 09:56,06-03-2018 22:33,23-03-2018 14:34,04-04-2018 00:00
cfd355e6233b9854f7decc72472f9c3e,dfd239feb53ae84d8c50baab69d38133,delivered,24-03-2017 15:50,25-03-2017 02:32,27-03-2017 15:40,04-04-2017 17:18,24-04-2017 00:00
fc66798245e4d173bcc7eb36eb72a278,43831164a0be75b0bd8fd92cc8c6b232,delivered,15-06-2018 20:16,15-06-2018 20:41,18-06-2018 12:04,26-06-2018 19:14,17-07-2018 00:00
1a7ee01992a69255a005e9db8a96d898,6ba47b28c84367f0c27769d78f1c3adb,delivered,31-05-2017 20:57,02-06-2017 20:05,08-06-2017 14:03,19-06-2017 20:13,23-06-2017 00:00
6ffdb56df83717770ba1d34001f4686a,147f69d3f50f2d2bc3797f20fe452ab2,delivered,13-07-2018 19:38,13-07-2018 19:45,18-07-2018 14:09,27-07-2018 16:18,30-07-2018 00:00
d0d828105d7a6106d4b6cfd55607c278,e7fb8d2c8a581e31b93defd84ee988fe,delivered,30-04-2018 11:18,30-04-2018 11:35,30-04-2018 19:02,02-05-2018 20:24,09-05-2018 00:00
d0d85933667e8a90939ca37947942b62,e74208f5cce1258bbbb9a55463f0d37a,delivered,08-03-2017 19:55,08-03-2017 19:55,13-03-2017 09:42,16-03-2017 13:35,27-03-2017 00:00
41de3b8bbb80e2cc80c8d446a752d2fb,0df487c45aada9cfdf07f6876f970af6,delivered,06-05-2018 19:45,08-05-2018 04:54,10-05-2018 19:16,14-05-2018 16:39,22-05-2018 00:00
be82da060fda4b85c7fe6ea6512f67e8,4a2d2e5f1e7d78c701d998b92fe72bd7,delivered,02-05-2017 16:35,03-05-2017 14:45,05-05-2017 15:08,15-05-2017 12:47,25-05-2017 00:00
14676aebeb151a1fa4f20e8fc3544621,e8515276707fdd0900308f2cbde32131,delivered,17-02-2018 16:39,17-02-2018 16:50,19-02-2018 23:41,10-03-2018 00:12,13-03-2018 00:00
2f4545bda1b1c794a9a35a3fbe4257ba,d436bce514752338004b26a232f21008,delivered,16-05-2018 13:47,16-05-2018 14:55,17-05-2018 11:11,05-06-2018 15:38,05-06-2018 00:00
e6c3435aca88a50c893f06b6b13e9242,0dae7978fb6595f295dd3fd9ede02cda,delivered,19-06-2017 18:00,19-06-2017 18:10,20-06-2017 15:47,26-06-2017 16:21,10-07-2017 00:00
5f69f6bf68dce110479aa0bb515b47c8,4cd274ce8ba240b1cff6480fa9911df1,delivered,26-11-2017 11:20,26-11-2017 11:31,27-11-2017 16:36,30-11-2017 13:08,12-12-2017 00:00
cafc9b2f7d35ec42bdb74347cc6e8a70,c9573cc1e246dadca50b2a74f795def3,delivered,19-01-2018 00:48,19-01-2018 01:21,19-01-2018 22:41,04-04-2018 17:12,16-02-2018 00:00
2978901accabf6eef42711d8133a62f1,6248396b64eb57dc8522ecd345312daa,delivered,23-11-2017 14:31,23-11-2017 14:49,23-11-2017 22:32,28-11-2017 22:18,07-12-2017 00:00
fb4c699559386e0b6b970181177d99bd,e7ba6d56b812cb7e8c4a285d95f4e476,delivered,16-04-2018 14:21,16-04-2018 14:35,17-04-2018 23:46,24-04-2018 14:31,09-05-2018 00:00
a2ea081c06c12c25c068089e4985745a,fdabedbba76cf0308dedcd99afc66626,delivered,05-05-2018 09:22,05-05-2018 09:39,09-05-2018 15:48,26-05-2018 00:08,08-06-2018 00:00
7fd4d653725c9338a9c3eae892dbf616,7ac9814735089053e51d2756d3cdedd9,delivered,06-03-2018 14:21,06-03-2018 15:00,07-03-2018 19:42,15-03-2018 22:05,26-03-2018 00:00
0bb0dd89956cc5f44ff556c2189e7160,db925a533d94cee42707026949892c7e,delivered,20-06-2017 13:08,21-06-2017 02:26,21-06-2017 08:11,03-07-2017 16:05,12-07-2017 00:00
e2676f5f513bf595fcbd506999db7c26,99f297c1c95e0dda633b7e584ec2a4f3,delivered,02-08-2017 15:36,03-08-2017 03:06,07-08-2017 19:39,14-08-2017 14:25,15-08-2017 00:00
3c9a3ff1e41cb58bb8a24ae6f6eea080,e413b51d04fdbe619c2cb28cda3046d6,delivered,28-04-2018 22:02,28-04-2018 22:15,30-04-2018 13:41,03-05-2018 19:58,15-05-2018 00:00
a4b79dbc2ad1b141dcc00a17f2450a11,6a3dbc73fd55e0c6ecbee56656482225,delivered,12-10-2017 20:26,12-10-2017 20:36,16-10-2017 22:06,27-10-2017 21:12,09-11-2017 00:00
376a342d70faa7a733b871acc701def8,8563b07a84656ff32968702daa37c468,delivered,11-12-2017 11:50,11-12-2017 11:58,12-12-2017 13:09,20-01-2018 01:36,05-01-2018 00:00
acbe07f22f29ad7e5a78f30008cc6ec7,b4afeb58ac51bc903c5362286c6a5cfe,delivered,18-11-2017 14:33,18-11-2017 19:06,27-11-2017 18:34,29-11-2017 17:58,05-12-2017 00:00
07fbc4f433fc8754c492bc6dfb0b1c52,6a562d22d4e2ce223ae7ad8bfd834ab0,delivered,05-07-2017 08:49,05-07-2017 17:41,06-07-2017 16:48,25-07-2017 19:42,27-07-2017 00:00
16cb3a72f04e248a1244b076ce0d9bb7,ff9c535af2f9325df8f3c81f30f60b8b,delivered,23-05-2018 14:21,23-05-2018 14:37,11-06-2018 09:07,19-06-2018 18:50,05-07-2018 00:00
6f36c999f8ef8d1a3a999079a5b637aa,ac055528f5a69cba5e02d73ad1ee9a74,delivered,16-12-2017 15:29,16-12-2017 15:49,18-12-2017 17:16,12-01-2018 22:04,11-01-2018 00:00
cc66dee6fbc18bb79903c3a2cc14ff52,19d3b3a2d4756af17603e2c35c7c2815,delivered,12-04-2018 14:37,12-04-2018 15:15,16-04-2018 16:23,20-04-2018 17:28,07-05-2018 00:00
f15ee2f37da0500e278ec213c201edf3,1bb26cb73f617c0b4eed520cc297ea8d,delivered,27-07-2018 11:58,28-07-2018 18:35,30-07-2018 14:08,03-08-2018 20:38,16-08-2018 00:00
14d68c5b215a31950340dc9cb3f73efe,f6f80187601754d61deb547e6d5b5a06,delivered,28-01-2018 11:47,28-01-2018 12:00,29-01-2018 21:52,05-02-2018 19:17,21-02-2018 00:00
b6a50dc1cfeb4ad7219d3577ab9a2454,81ae5da9106d9b5af38c42eb81cce399,delivered,31-08-2017 07:27,01-09-2017 02:15,01-09-2017 15:37,14-09-2017 15:43,25-09-2017 00:00
446e20f85f1b9cf552376d6f31c983b2,db6505328f042b7f4fae7d80f3b0515f,delivered,23-02-2018 13:12,27-02-2018 05:31,27-02-2018 20:13,06-03-2018 23:49,15-03-2018 00:00
6ccac061be472c84db514aca9acd26e0,ae2164e850f39dce431cb74974daa355,delivered,11-12-2017 07:50,11-12-2017 07:58,12-12-2017 13:14,14-12-2017 16:32,28-12-2017 00:00
4a5cc9b4e332e03d76bf553a7f2fa5d3,a4a00c41b5e3ed88bf0e0bb96576c2b2,delivered,15-12-2017 23:33,18-12-2017 00:33,19-12-2017 01:35,03-01-2018 23:13,16-01-2018 00:00
555e4d40fb6beea866d46eb6a5a01b41,d77e4c0bfd0085b029605683a846abca,delivered,17-09-2017 18:52,17-09-2017 19:05,18-09-2017 22:19,19-09-2017 18:57,04-10-2017 00:00
191a0013ee3ec32e27da5f85cf028081,8fd044742f99625dc8f08f7d3e731fb5,delivered,31-03-2018 11:48,31-03-2018 12:35,03-04-2018 12:57,07-04-2018 00:21,20-04-2018 00:00
1b00c4d80c81cdbc36487c96c6e92f07,6f392cfb40b84e0857b16c23c773aa31,delivered,14-05-2017 09:36,16-05-2017 03:22,16-05-2017 12:05,23-05-2017 07:52,02-06-2017 00:00
eb1873ec4d6a2af1c0626a7d08bd9c09,1531106e1c467cea04c233e54a383098,delivered,10-05-2018 17:48,10-05-2018 18:17,11-05-2018 07:23,18-05-2018 15:56,01-06-2018 00:00
38971812f1db9e4a30885e5574dcbe53,735774ca9e99d1d85ae5f53b4958e6cc,delivered,24-06-2018 13:38,24-06-2018 17:18,25-06-2018 13:59,28-06-2018 21:46,24-07-2018 00:00
ee3fad68d0f56d60e91a2363ec879e44,aaaa6531d040b9cef69bf13af9be2fd6,delivered,25-07-2018 07:39,25-07-2018 07:50,25-07-2018 13:35,31-07-2018 17:08,08-08-2018 00:00
cf771efcb04c578f9d3619f2632d8333,fe55fedfef0683a529b51a9444214ea7,delivered,12-02-2018 17:33,12-02-2018 17:47,21-02-2018 10:07,24-02-2018 15:28,15-03-2018 00:00
d3c64cf55752f7821e85e7ea9b9b3f30,a14b17e55f117e4bf24cdd9d0e586c35,delivered,06-05-2017 11:20,06-05-2017 11:30,08-05-2017 15:29,19-05-2017 16:59,30-05-2017 00:00
37553832a3a89c9b2db59701c357ca67,7607cd563696c27ede287e515812d528,unavailable,14-08-2017 17:38,17-08-2017 00:15,,,05-09-2017 00:00
3d34d8e3ea34d73617a75deea86ced48,b89010d4a6acaa06d4ef89043869838e,delivered,30-11-2017 11:05,30-11-2017 11:13,07-12-2017 19:37,19-12-2017 14:36,22-12-2017 00:00
de81104d0d1d1a5d4dd09e89a7ea4cd1,b9f21de0cf737e46054822f6082eaf31,delivered,10-02-2017 16:37,10-02-2017 16:50,14-02-2017 10:21,21-02-2017 15:36,13-03-2017 00:00
2d9ea2efa410b1efd6bbd47d126819b6,3a3fc10a053a684ea7b581c82916e794,delivered,19-02-2018 00:38,19-02-2018 01:47,19-02-2018 20:09,28-02-2018 23:53,12-03-2018 00:00
9f2ff91a3b8c4c34b7847c9c68971cfd,623438e09482cf7300ffdf9b95ffd9dd,delivered,24-08-2018 09:55,24-08-2018 10:10,27-08-2018 17:58,28-08-2018 16:12,30-08-2018 00:00
498a0b00b1c51a95e61baebf6379d76b,e60e08d06effbf35575193d851fd8007,delivered,20-07-2018 11:28,20-07-2018 11:46,23-07-2018 10:04,07-08-2018 20:28,20-08-2018 00:00
db115077a7bd949a515922eb40aea6c3,46ec8bcd9649f0f7bbb179bb59d6702e,delivered,23-07-2018 11:30,23-07-2018 14:31,24-07-2018 14:39,31-07-2018 11:02,14-08-2018 00:00
794f771a39b24c7c47aa9eb198f066ed,661652a4ba9255d6a913c339ee78d5bc,delivered,26-11-2017 13:24,26-11-2017 13:35,30-11-2017 12:25,05-12-2017 01:27,15-12-2017 00:00
75d4b0b71e66d09b6070bd54c61e20fd,88196bd808ae8abe1b944efe1807b508,delivered,19-11-2017 20:06,19-11-2017 20:15,22-11-2017 17:08,23-11-2017 16:39,01-12-2017 00:00
2cb414479754a8e1ed07eed0ccfc0778,a00cedaaa02a3875ce936ecf15c567b9,delivered,03-06-2018 09:59,03-06-2018 10:49,04-06-2018 10:11,18-06-2018 18:24,16-07-2018 00:00
b5e23127e5bc161906c1d23be69f7e16,6e916919988c15d61b259bc9494db0f8,delivered,13-11-2017 16:23,13-11-2017 16:56,16-11-2017 18:41,24-11-2017 18:03,04-12-2017 00:00
afe207b8795179c5b29bc4c2f0052178,712230fb56aeb8d9084bb813e3249a84,delivered,30-11-2017 15:27,01-12-2017 11:31,04-12-2017 22:10,08-12-2017 00:52,29-12-2017 00:00
ac2b7c522d811acba0aa270ed3e112e4,ef21aebbb093a6db29ccc6aa0b89c347,delivered,05-10-2016 15:08,06-10-2016 15:44,10-10-2016 15:44,13-10-2016 15:44,29-11-2016 00:00
1b99333d39cf95f48be3864b2e1e88b3,01b2ab1c903b4ecd0442a3ce48d89caa,delivered,23-05-2017 20:19,23-05-2017 20:35,24-05-2017 17:26,28-05-2017 12:22,05-06-2017 00:00
633dfa0c56ae5c0c7f2e90620ad55b2f,22e62a7227eb91f93cb55ef14a20cbd4,delivered,22-06-2018 13:43,22-06-2018 13:58,26-06-2018 09:18,06-07-2018 14:23,31-07-2018 00:00
8a0b2bc5c7a1c524635f4de8bae9dffe,764fb80689629a0092fa11ada23a0c4e,delivered,23-11-2017 22:27,23-11-2017 22:37,27-11-2017 20:23,20-01-2018 15:26,22-12-2017 00:00
fa4c0ad484374bf0485f99f6a57255a5,aaafc20a8e58530ecb72c7ec1f497fd8,delivered,26-01-2018 18:30,26-01-2018 18:52,29-01-2018 15:27,01-02-2018 19:18,22-02-2018 00:00
54bc2449fbe0368b74470e4280fe494e,bd2215daa338b34c697773ceff4e013b,delivered,24-04-2018 13:35,24-04-2018 17:43,25-04-2018 15:08,06-05-2018 16:42,18-05-2018 00:00
1f7ef4e37ca10d4ed60f43c7cf81e181,cfeec5b515f027e2d4374a9ed829307d,delivered,15-12-2017 21:32,19-12-2017 09:58,19-12-2017 21:27,09-01-2018 13:53,17-01-2018 00:00
d5211af24819d319c02a285e7bb51750,a6d8c2fa92836346256c28d885d9eea0,delivered,03-08-2018 16:29,03-08-2018 16:45,06-08-2018 13:27,09-08-2018 15:09,05-09-2018 00:00
db6a3a98e587a2b75215bf8f467d43ec,bff45358be29fb889f469bf4c74a1825,delivered,01-12-2017 21:39,01-12-2017 21:55,04-12-2017 18:32,28-12-2017 21:58,02-01-2018 00:00
477ee3f21cb7374ecfa12433c30f53f5,384a027682b0ddc9d88f4aab723d9730,delivered,21-06-2018 10:46,21-06-2018 11:01,22-06-2018 12:25,26-06-2018 17:07,18-07-2018 00:00
15d086bbbae9b9e4b50c916c919479ed,fa07ada3f850284255c79f6c93490991,delivered,22-07-2018 23:18,24-07-2018 11:32,01-08-2018 17:45,04-08-2018 10:31,16-08-2018 00:00
0daf1f0e67b534ad873ba61c5d6ad7d3,1681471e9172d7e12ba08e9ac9e8628b,delivered,05-09-2017 10:54,06-09-2017 11:03,09-09-2017 13:23,19-09-2017 15:35,25-09-2017 00:00
234c056c50619f48da64f731c48242b4,44e460a655f7154ccd9faa4dbbbaf68a,delivered,14-08-2018 14:49,15-08-2018 03:15,31-08-2018 15:25,01-09-2018 18:14,23-08-2018 00:00
62a56f9bfe98de42bcdbe6cc57284dfb,aa0a85e355a784775696142c2f29aa48,delivered,08-08-2018 01:23,08-08-2018 01:35,08-08-2018 14:46,18-08-2018 12:08,24-08-2018 00:00
a11ebb9e9f1a018eea99fe7105f2d897,10ee14e89676c9f43e64a67cae62823b,delivered,18-07-2018 18:42,18-07-2018 18:55,19-07-2018 14:03,03-08-2018 14:43,13-08-2018 00:00
bb2dfe6031f35f7abc9a3c7dad5e4467,01e0d4fb731e6ee47df3f3f179cc0a0b,delivered,22-01-2017 14:09,22-01-2017 14:30,23-01-2017 11:21,30-01-2017 12:37,16-02-2017 00:00
4dcc01481b7ab4f5f37c8eb4c4c67841,b2859fd419788314d84da3852630e56a,delivered,08-04-2018 13:20,08-04-2018 13:30,09-04-2018 20:03,17-04-2018 19:38,07-05-2018 00:00
662823ed689412b9a2e5085620e06070,b4214b2e14c916724d94efe51fcbd1f0,shipped,15-03-2018 15:57,15-03-2018 16:11,19-03-2018 20:28,,05-04-2018 00:00
4380bb6c7d8375926bbea2c8b514dc8c,11617a4c5fc72fccb4c2a53ea21c5a3c,delivered,29-01-2018 21:09,29-01-2018 21:32,31-01-2018 13:12,14-02-2018 21:43,21-02-2018 00:00
169f6274660e528484fd239aa7d27097,4cd756c714ca569c2450c24782004147,delivered,27-06-2017 17:58,28-06-2017 02:45,29-06-2017 13:41,04-07-2017 13:59,10-07-2017 00:00
bfafa269a969ef03e5db5dc7d7a72471,062328becf66582e5849b4f2b364b143,delivered,02-05-2018 22:17,03-05-2018 22:13,04-05-2018 14:02,07-05-2018 14:57,21-05-2018 00:00
a4163ebff79ff34a631c57d5350215ae,0b70134d7e2d9773897833e933c6ec5b,delivered,30-03-2018 20:27,30-03-2018 21:27,02-04-2018 21:28,11-04-2018 01:19,27-04-2018 00:00
7b2f3756c235e93b2ad6330c54805401,d79764082a836f215312d98c964ce478,delivered,12-03-2018 16:54,12-03-2018 18:00,13-03-2018 23:02,09-04-2018 22:08,03-04-2018 00:00
a890088df39d4c062a07081527034784,42532fb94eca7866bb4915e5cd46300b,delivered,21-02-2018 18:47,21-02-2018 18:55,24-02-2018 00:24,26-02-2018 21:28,07-03-2018 00:00
476984a30a6929077bedabbefc98ce38,98647ebe3068d5566c1c2cf026d72239,delivered,20-06-2018 16:44,20-06-2018 17:01,21-06-2018 09:14,26-06-2018 18:58,19-07-2018 00:00
48b7d84507eb52608a007fde9d641daa,cad2dc8d82cd9ccca487589a7fe62e6c,delivered,07-05-2018 15:38,07-05-2018 18:09,09-05-2018 14:18,11-05-2018 01:48,17-05-2018 00:00
d0e9849de800fdb4cb3b5e6d42c6b367,b634dded0d0e31b899f16cb02e0ed1d0,delivered,31-08-2017 11:38,01-09-2017 02:30,01-09-2017 21:22,26-09-2017 16:48,05-10-2017 00:00
7d1ac7d65c6b5d59a9ac241fa41da57d,dcc13a2d32ff7ec6e1920580280f704c,delivered,16-06-2017 23:17,16-06-2017 23:30,19-06-2017 11:15,29-06-2017 11:06,02-08-2017 00:00
4dadcd5f9e682c17fdc6dded70c048e0,e40265c6ceebf38ea830b695d9340bda,delivered,07-05-2017 13:53,07-05-2017 14:05,08-05-2017 11:44,19-05-2017 12:57,31-05-2017 00:00
8ad3f1d0f96992e43566c4c82c9f6c58,948b29e24216a05fea13a18d8db45ea5,delivered,17-07-2018 21:25,17-07-2018 21:35,18-07-2018 13:08,14-08-2018 04:04,03-08-2018 00:00
cdbe906438125d1d5bf88bb289f8ed61,af684ccf558442d5fa8d9daa7456ac76,delivered,02-08-2018 12:25,02-08-2018 13:15,03-08-2018 11:51,06-08-2018 13:28,09-08-2018 00:00
1107e64e1795b6cf551a7044612e8bd8,698e55af1f6f37f7f304a74eb93b85b0,delivered,26-02-2017 17:33,26-02-2017 17:45,02-03-2017 16:34,21-03-2017 11:43,24-03-2017 00:00
e9280658289b5c5215dcc3b7183c0541,74bbe1a0e4f06bd62ede6b5f239bfb0c,delivered,24-10-2017 09:13,24-10-2017 09:28,25-10-2017 17:07,03-11-2017 20:23,16-11-2017 00:00
ca290a06ee0945b956f79c93b5191633,acd575d7382968889f41a5a3f37510dd,delivered,09-04-2018 22:02,09-04-2018 23:10,10-04-2018 22:41,25-04-2018 13:33,10-05-2018 00:00
50fe82ce977520094518dd8618d7331a,80f93f1fabe7772d559a7c349667af0e,delivered,24-05-2018 18:32,24-05-2018 18:54,25-05-2018 14:53,28-05-2018 17:24,11-06-2018 00:00
443a73a22cd4e0078a47c275b358b786,317072fd23410f845f2d3beba3747e62,delivered,16-05-2018 12:22,16-05-2018 12:39,17-05-2018 13:07,07-06-2018 15:58,08-06-2018 00:00
d3ca7b82c922817b06e5ca21165c5ea2,d23df2c6c3e51d875f458d123b2b3c90,delivered,16-11-2017 13:54,16-11-2017 14:08,16-11-2017 20:56,17-11-2017 13:49,29-11-2017 00:00
962debbd5f682617761de8b0f7789bc5,5ed8d20445c356efaf39b27949caa8c3,delivered,05-06-2017 08:45,05-06-2017 08:55,05-06-2017 14:45,13-06-2017 16:48,30-06-2017 00:00
d57e15fb07fd180f06ab3926b39edcd2,470b93b3f1cde85550fc74cd3a476c78,unavailable,08-01-2018 19:39,09-01-2018 07:26,,,06-02-2018 00:00
d8e2d2a26010eb732a91d8b6952e2c9e,9a516f56e5f6f198350066cc99339bb0,delivered,11-01-2018 12:20,12-01-2018 02:35,15-01-2018 16:58,06-02-2018 22:33,07-02-2018 00:00
f6f6a68d78c7dd4b319f6df3c846094b,aa012a8928021b41ea6de61e855880bc,delivered,13-04-2018 12:10,13-04-2018 13:15,17-04-2018 18:48,27-04-2018 11:58,22-05-2018 00:00
9d047c83463a30fcc3f2b361d9a33d2f,21f1477f3d02e7fd1ba28dc6c596dc17,delivered,06-04-2018 19:17,06-04-2018 19:30,10-04-2018 22:48,26-04-2018 15:03,04-05-2018 00:00
6a6c7d523fd59eb5bbefc007331af717,d954782ec6c0e911292c8a80757ef28d,processing,24-11-2017 20:09,24-11-2017 23:15,,,20-12-2017 00:00
0d5cbb8e4c1c7a7fc26899126197a6b9,6ca4c791dfb84fbc05cbe68d7d7a95be,delivered,27-06-2018 11:57,27-06-2018 12:08,28-06-2018 14:08,05-07-2018 15:18,18-07-2018 00:00
c1f0e475378c6500b5907a2134bda1da,5da0ca7784ca3dee567abe4c07800952,delivered,18-10-2017 15:53,18-10-2017 16:07,19-10-2017 19:25,26-10-2017 18:30,10-11-2017 00:00
80d36d94a5ac668fd0479b5e848207c9,3fb8a3a262c0e12894b068f551c9f006,delivered,16-11-2017 17:01,16-11-2017 17:16,17-11-2017 19:06,29-11-2017 22:48,21-12-2017 00:00
e91398c99556f8519e116e6ca4f774e1,e71b7daec09cf1f42e8764868665e5b0,delivered,21-03-2018 15:30,21-03-2018 15:48,22-03-2018 20:02,06-04-2018 02:02,10-04-2018 00:00
7d219bd2feeb13ad311a00db33c06a3c,3740f4d0edef80f567eca55830ec9e8f,delivered,25-05-2017 13:50,25-05-2017 14:02,26-05-2017 13:04,29-05-2017 16:52,07-06-2017 00:00
c9c52a849ead8fc8b85d828ae740ec78,411744ebdffbea1216c657a60472edce,delivered,28-11-2017 00:34,28-11-2017 01:31,01-12-2017 19:27,09-12-2017 17:42,22-12-2017 00:00
76a1ee4ee17ea3b77f3c483c0a73e9c1,e54533a3ffc29ddafdcfa45434b9b218,delivered,05-08-2017 14:39,05-08-2017 14:55,07-08-2017 19:12,23-08-2017 16:24,06-09-2017 00:00
3ec275bc012162de739c7ab6dcf11677,62b45594e877bd203ce2e49134b8ad03,delivered,20-08-2017 11:07,20-08-2017 11:25,22-08-2017 13:40,25-08-2017 21:12,01-09-2017 00:00
3c333445207b077f35c9e81a7e7c7273,346b61007a25104a5a1b25e1e68b16b0,delivered,13-07-2018 13:42,13-07-2018 14:50,16-07-2018 13:45,25-07-2018 14:02,31-07-2018 00:00
682fba8f9ac0c164d162ff702d6bcc23,2c07e5f16a6a9c98a3837783b7e6fc4a,delivered,05-12-2017 15:24,06-12-2017 02:35,07-12-2017 12:34,28-12-2017 22:19,05-01-2018 00:00
e897d96adf4da16805cd6faf2913ce48,ede6d420b95b2d4145c3e0de07483597,delivered,06-05-2017 12:28,06-05-2017 13:02,16-05-2017 17:24,19-05-2017 16:36,02-06-2017 00:00
1a4cc55b483d875e3b8bbd64a1b31bba,1a3fcb72ec1f37b5385e08237a40409e,delivered,12-04-2018 14:05,13-04-2018 12:55,13-04-2018 23:12,09-05-2018 15:08,09-05-2018 00:00
58b198357d2b68044f885a370a585ff3,8d7cf6fc4668c48859673a8e0fc8fa6a,delivered,15-04-2017 22:00,15-04-2017 22:15,18-04-2017 14:51,10-05-2017 12:48,08-05-2017 00:00
4190ab61a7fced69f3ee84d1da1120cc,3df7ff0b86935d5249e4d6cd56b89131,delivered,08-12-2017 11:38,09-12-2017 02:36,12-01-2018 00:35,31-01-2018 19:08,11-01-2018 00:00
0d13e311818a800d01cd46fb35dd3c27,7d61bddcc4435ac5dd586d751ebca204,delivered,29-03-2017 23:16,29-03-2017 23:25,10-04-2017 15:57,18-04-2017 14:29,11-05-2017 00:00
a06c43ed81f5c604287461f4d21949ce,da82d24c21654f951fedc813df8a5dc6,delivered,24-10-2017 17:39,24-10-2017 17:56,20-11-2017 21:15,23-11-2017 21:48,17-11-2017 00:00
f3c916d220c67cd493a09b5bb17bfc23,25175de148ab2040aa6fe34ca5eb0d15,delivered,23-03-2018 16:39,23-03-2018 16:50,26-03-2018 23:22,28-03-2018 18:21,11-04-2018 00:00
ccd7d6d23c5d29de6367dd5332aab16d,0ff9dc143472cb3ff41b9ae4a058b421,delivered,05-06-2017 11:44,05-06-2017 11:55,06-06-2017 10:34,07-06-2017 17:40,19-06-2017 00:00
919a615149354b4e074eff65adaeae81,ba8a4209b5b60ac17ac458fdf1d34ddb,delivered,28-12-2017 18:40,28-12-2017 20:08,05-01-2018 00:56,16-01-2018 18:43,31-01-2018 00:00
49e76d6a1b1f9ff4d04f85b2304ad378,c1055f5a8a55684492575d082da04127,delivered,26-01-2018 15:52,26-01-2018 16:19,29-01-2018 19:08,31-01-2018 22:57,19-02-2018 00:00
ed24759a0ae96582e88fdca0c0997d22,869c947685e4deaedb87bb36764949be,delivered,24-03-2018 11:58,24-03-2018 12:08,09-04-2018 23:33,23-04-2018 14:57,23-04-2018 00:00
27a78fdbe7b915a0596af3a5803a41cb,107d449d8a73c9dfd9673df8ea684348,delivered,14-05-2018 16:18,14-05-2018 16:36,15-05-2018 13:45,17-05-2018 22:54,28-05-2018 00:00
d118d545516947d2d82fda28e9d631af,8918dedf08a051aff27479246e74a5bd,delivered,02-08-2017 13:18,02-08-2017 13:30,09-08-2017 14:00,11-08-2017 14:40,22-08-2017 00:00
f343624eab419250ad81f1ce6be22c93,3fc0d940852ab274e532e80b1c1d5c2f,delivered,07-03-2017 11:47,07-03-2017 11:55,09-03-2017 15:38,17-03-2017 12:42,28-03-2017 00:00
1d5b194c01e762aa59a47ae8dca7199f,e5b2dea74bc86ced6b86f103ca99bcd9,delivered,10-06-2017 18:02,11-06-2017 18:02,13-06-2017 14:38,19-06-2017 18:33,28-06-2017 00:00
f98ae4bbfd1a32ea2104c8cf1f64dabf,427ebd67be61503c00a75d8915080a71,delivered,25-02-2018 18:53,25-02-2018 19:07,27-02-2018 22:51,27-03-2018 22:06,27-03-2018 00:00
7209ce21354cff1e1957b42ea0a76cd1,d2000bb65d12d7c93b7e27e6c961757d,delivered,11-01-2018 22:59,11-01-2018 23:10,13-01-2018 15:33,18-01-2018 21:42,26-01-2018 00:00
0132451f29a10b66a5cf1bacc85f9afe,1c5b37d20011c637ad1a5b6d423c7483,delivered,08-11-2017 17:08,09-11-2017 17:08,10-11-2017 18:48,17-11-2017 18:58,07-12-2017 00:00
f9f15e02ed74cf8a21b8266a55498942,e1f67a370030c2c5695ee3f95c44cd90,delivered,12-10-2017 21:46,12-10-2017 21:56,17-10-2017 17:07,17-11-2017 23:59,13-11-2017 00:00
d445a6e277eaa62900bc18d453d96d76,c2cd065252fa7ad04274d9d69dd9c09e,delivered,03-08-2017 10:39,03-08-2017 10:50,07-08-2017 14:57,14-08-2017 20:37,06-09-2017 00:00
e55e8c9f6f33a8562db1430444f22092,b16cd1296147fe2153a24ae9be382d68,delivered,13-06-2018 11:29,14-06-2018 02:17,19-06-2018 09:19,25-06-2018 16:34,11-07-2018 00:00
bd5c9d506fee7419ee3c669d0123a067,2f005421793ec9f86d5d654b8af675e1,delivered,25-03-2017 23:51,26-03-2017 01:05,27-03-2017 15:39,29-03-2017 11:45,13-04-2017 00:00
1f69e4870ffb8313df2fef3df0af2718,ff20530ce012df37828978c25f3dacac,delivered,06-03-2018 17:12,07-03-2018 10:29,12-03-2018 23:14,14-03-2018 16:04,22-03-2018 00:00
a236ae70310b60403c3adac81f96d5e6,972e7c5340efc85efad5a12e49eff86a,delivered,16-07-2018 23:40,17-07-2018 00:35,27-07-2018 11:54,06-08-2018 17:40,06-08-2018 00:00
673426deedf113369fd0f139e97ed084,133cb7dc019947e49b9541c6c2795ac8,delivered,10-07-2017 20:58,12-07-2017 02:10,17-07-2017 10:27,28-07-2017 19:03,14-08-2017 00:00
64ea4c51ad1203229ba011693f35da54,f384d3d46a938ede0333121a810b4d7d,delivered,29-01-2018 13:09,29-01-2018 13:30,01-02-2018 00:38,02-03-2018 22:15,22-02-2018 00:00
fbbd2907c49e21c3c105257b12772380,d177bd6051d525711221cfe59b43aa3b,delivered,22-10-2017 16:11,22-10-2017 16:21,24-10-2017 19:16,30-10-2017 20:54,09-11-2017 00:00
47cdb12caf2067098633bc9a0d3679f7,4d833833ec5cc5bb9e6c230820e4bc54,delivered,24-06-2018 11:32,24-06-2018 11:58,25-06-2018 12:09,28-06-2018 22:03,16-07-2018 00:00
aa2e81559d88cca16ac122e7627078c8,0d49e6cf6c6049404ab247c5d1ea4aa3,delivered,27-03-2017 14:04,27-03-2017 14:15,30-03-2017 16:08,05-05-2017 14:56,02-05-2017 00:00
c0e6116a3c6c2d732ec1b43bb7b5f307,b073fa2486ffea654bcd31968d03d8a1,delivered,27-10-2017 19:00,27-10-2017 19:15,30-10-2017 18:45,01-11-2017 19:32,09-11-2017 00:00
fe91d55ea129eb6d5a2d5fc82bcacbd0,a5d6b2f5be2eca026d50b24773ef1113,delivered,16-07-2018 08:52,16-07-2018 09:04,17-07-2018 13:07,24-07-2018 20:15,07-08-2018 00:00
a33e52fbf9a20b226a588f30d9aab612,8d8b4e6ab11b7c08be542cfa4ff6913b,delivered,11-01-2018 18:37,11-01-2018 18:49,15-01-2018 16:44,31-01-2018 18:58,09-02-2018 00:00
fdbd371c335ecb94ccb8a65c37d8ebba,021ccba47cb1118dfba3213180ffb44d,delivered,25-12-2017 20:14,25-12-2017 20:28,26-12-2017 17:47,10-01-2018 20:46,15-01-2018 00:00
c788aeedf593229d4ee84e790c2e5483,838aa327b0491d3cb3e9c1c6d9bb382c,delivered,05-03-2017 22:44,05-03-2017 22:55,06-03-2017 08:48,20-03-2017 07:23,04-04-2017 00:00
c4d5588c1ee36814fc302422334e67f5,4338285648648cd4a82f4498801ea736,delivered,17-12-2017 11:25,17-12-2017 11:32,19-12-2017 19:26,27-12-2017 10:19,11-01-2018 00:00
dd6d0f11a9c3d2abdc91e95b9598b332,e6c386cfd321a1708aa60ff6b8f46449,delivered,11-01-2018 21:42,13-01-2018 19:30,08-02-2018 21:16,21-02-2018 21:26,01-03-2018 00:00
61e7365ad2e2ce5a3dbf650586623b7f,884e5773f9ec5902aec38d330c7daa7f,delivered,14-08-2018 16:20,14-08-2018 16:30,15-08-2018 14:45,20-08-2018 21:05,29-08-2018 00:00
18905a8655f8255bf50d2eeadce2641e,1aed7bcb3469dbda3ebc61b12938a4ba,delivered,25-01-2018 23:32,27-01-2018 02:52,30-01-2018 14:17,07-02-2018 17:27,26-02-2018 00:00
4ef04edb491b8cc23eabe782ced6715c,5db7793e5ba9211bf9e8176cb8bb3ecf,delivered,19-01-2018 09:51,20-01-2018 12:51,22-01-2018 21:25,31-01-2018 18:33,14-02-2018 00:00
af500adf58ab55b8bdd27be8cf81aeba,6fafe51f43d9aff93174e020cd452f66,delivered,21-05-2018 12:21,22-05-2018 09:36,29-05-2018 07:15,07-06-2018 20:06,28-06-2018 00:00
ca0400dec2c292340c373e63b1c2c597,2c8be64d4c648b0bbf8412c53761ae27,delivered,28-11-2017 10:27,28-11-2017 10:40,29-11-2017 21:11,20-12-2017 17:22,22-12-2017 00:00
965c963c874eedc47cd261cbe057121b,cf801016b25bee7696b5f84e5c944b34,delivered,16-06-2018 19:48,16-06-2018 20:18,18-06-2018 13:22,27-06-2018 18:28,16-07-2018 00:00
305b0101ce8f8fd2d7b32f7480340018,06872c61a13a4d027504dd0c15d43b72,delivered,30-04-2017 18:34,30-04-2017 18:45,05-05-2017 12:07,16-05-2017 08:57,25-05-2017 00:00
c5d58ec8e7e7184d9a9d42b75ffa002d,18e42e6a3b2022561588b6d32c036b52,delivered,12-02-2017 12:30,12-02-2017 13:02,13-02-2017 14:00,20-02-2017 12:29,16-03-2017 00:00
911fba382ab724c847ae5577e47949d4,838bc2ff67963202eb29e748923c15fa,delivered,27-02-2018 10:31,28-02-2018 10:50,28-02-2018 22:08,23-03-2018 18:42,09-04-2018 00:00
ee43d4bf4491386fa4837c502b9c3f4e,0324667bb97f2048e83f77d282a75fb4,delivered,07-03-2017 06:35,07-03-2017 06:45,10-03-2017 13:52,20-03-2017 15:04,07-04-2017 00:00
06bafdd8b6d0b5befb44337a7674a1ec,2b655432dbb2d5e62b02aee3eafada73,delivered,10-02-2018 11:48,10-02-2018 12:07,15-02-2018 18:33,21-02-2018 13:39,06-03-2018 00:00
492bed007520827cbed51959e4ce4385,ba5166acad480f24f1633e1b8ce21741,delivered,28-05-2018 12:53,28-05-2018 13:14,05-06-2018 15:02,14-06-2018 14:51,11-07-2018 00:00
df82ea7ca7f0f799161e0fd92c3ab96a,8f121fde1f03b4865ac871202143016b,delivered,14-05-2018 11:28,14-05-2018 11:58,14-05-2018 12:02,19-05-2018 11:18,18-06-2018 00:00
bd3f8b3f4ff1469c0709218f7fde9fe8,bcc8d940cce330c07102f7857ae2da79,delivered,13-11-2017 11:16,14-11-2017 04:06,27-11-2017 19:48,29-11-2017 19:11,27-11-2017 00:00
b23b43e19386862a7c0aaa27c80e782f,86de6692e6fdfad3c3221414dc73d4a9,delivered,12-04-2018 09:52,13-04-2018 12:55,16-04-2018 19:48,17-04-2018 19:24,26-04-2018 00:00
5f674c43ef69fe052df34f1519f7bc12,62c4b72afa074a0214ebbca36c89cbcf,delivered,25-10-2017 18:57,25-10-2017 19:07,06-11-2017 21:25,08-11-2017 21:33,13-11-2017 00:00
d965c84427fa1d6daad237adfbf75554,f481cadc657dd238cf73200b92292644,delivered,17-11-2017 13:00,22-11-2017 02:40,22-11-2017 17:02,01-12-2017 21:38,15-12-2017 00:00
7d7b903bbd7d3b762ad60115c30185f2,bf5f428a6f809242d47242a4159db97d,delivered,14-08-2017 21:13,14-08-2017 22:05,15-08-2017 15:32,21-08-2017 17:58,01-09-2017 00:00
0197cb265e2c84b9f89dfd784095d2f6,3971ac136496b4368c1431bb5bce0929,delivered,21-12-2017 20:55,23-12-2017 02:12,26-12-2017 19:08,28-12-2017 16:37,30-01-2018 00:00
103355b1bc5b63508c20e2b7eeb58961,f3d40ccfde2d918c886b7f2633a33d74,delivered,01-03-2017 18:29,01-03-2017 18:41,02-03-2017 12:58,09-03-2017 09:26,03-04-2017 00:00
6be749c0e984143242faa174d084889f,6c347ef65dd574fb9c2d654c3650fc43,delivered,10-08-2018 08:35,10-08-2018 08:50,14-08-2018 18:00,20-08-2018 22:03,27-08-2018 00:00
d2b9580c38485b5aa4eb815c689c3164,6133c673d6332117825558e7fbffba34,delivered,19-07-2017 16:45,21-07-2017 02:50,21-07-2017 15:03,27-07-2017 19:04,10-08-2017 00:00
90855e99e15fa22aff68cdb4323b27c9,b8f2034a26d0832f43daa3a588a9131e,delivered,18-07-2018 21:37,18-07-2018 21:50,24-07-2018 19:00,26-07-2018 20:44,08-08-2018 00:00
f3c95cc4d7074e5b709ac1a9c10dea1c,e05df6dee2d1b0a7782f771120b9e826,delivered,22-01-2017 16:10,23-01-2017 20:55,26-01-2017 05:47,30-01-2017 15:06,16-02-2017 00:00
802ee584365ed44c00f4207fb17ae67b,e66e06fdb34d8289533411b7061d19b0,delivered,23-07-2018 10:11,23-07-2018 13:20,24-07-2018 14:15,28-07-2018 00:40,09-08-2018 00:00
75d1b089800a77f3c4b653e297632423,5a5bee06f22d5f03e2d648c82571b4ba,delivered,14-08-2018 11:16,14-08-2018 11:44,17-08-2018 13:35,21-08-2018 11:48,05-09-2018 00:00
c761a8b74f1e876bc5efc4186f720e27,a8ed087e25b26fb64cbb99033eb243a7,delivered,03-04-2017 19:07,03-04-2017 19:22,05-04-2017 12:42,11-04-2017 14:25,15-05-2017 00:00
6d60cc495dfb5a5851f56f188c4e4059,2f49811c845d9978f54ea3f61741516d,delivered,20-04-2017 21:03,20-04-2017 21:15,10-05-2017 09:12,12-05-2017 12:22,17-05-2017 00:00
746347ecc5cc9cb88a346545608fb635,16110c3e157d455044ea08de22990cac,delivered,26-07-2017 13:47,26-07-2017 14:03,27-07-2017 18:12,03-08-2017 17:37,15-08-2017 00:00
6051e6d3da9a50b7325cbe9c81025062,c25122206bfcb3ffa950706e1cb10f2b,delivered,03-07-2018 23:40,05-07-2018 16:31,04-07-2018 12:14,05-07-2018 22:52,19-07-2018 00:00
f9ca536e1ef897f153c183d72ba141bb,a9f353609242c268174ec433f45f8440,delivered,05-04-2018 18:34,05-04-2018 18:50,07-04-2018 00:58,19-04-2018 15:38,26-04-2018 00:00
99fe1f54d97630a40c549779ea00e8c9,fa124303523931c3e5f132f33e9110fe,delivered,16-05-2017 21:30,16-05-2017 21:45,22-05-2017 13:25,31-05-2017 08:18,08-06-2017 00:00
03f83b59e7c7355647462745b18119f1,c1865c11ead00a1bcd19971382032e8a,delivered,14-07-2017 16:49,18-07-2017 06:03,24-07-2017 13:58,07-08-2017 17:43,09-08-2017 00:00
88c588c116fd06fb8e48dd83af88ec4a,8787c72a20002592238d7b80721ab729,delivered,19-11-2017 13:23,19-11-2017 13:35,24-11-2017 22:06,22-12-2017 17:44,12-12-2017 00:00
cf1bc456a0d5c63bb6c94d3b8b2c56e7,3957cd0afb5bb497ebba4cc825703737,delivered,06-09-2017 10:15,09-09-2017 06:34,12-09-2017 14:32,19-09-2017 17:54,26-09-2017 00:00
4f38a875c972c4803a792f62b999b4cd,00f73459a4d3be97ff307dc869da0aa9,delivered,28-05-2018 10:31,28-05-2018 10:53,29-05-2018 15:41,07-06-2018 12:21,28-06-2018 00:00
3bbbeac55063ea854a8b5d32a2cbf8b0,d0e3351321cbbc1e4928cac9201c4729,delivered,09-06-2018 18:56,09-06-2018 19:11,11-06-2018 15:43,16-06-2018 18:32,03-07-2018 00:00
1d767ef13195f2cb3337b6b077e1f752,9deaacc2a9d6b105c1e27790708843b4,delivered,23-07-2018 14:56,23-07-2018 16:05,25-07-2018 06:00,30-07-2018 19:44,20-08-2018 00:00
46f3c70ec2c3e58a0c126aeb5d10d9b9,627b92adad5c3e29a2c4518bfcf13fec,delivered,11-09-2017 19:42,11-09-2017 19:50,14-09-2017 21:14,25-09-2017 18:46,11-10-2017 00:00
7ab9c55c59eaeea579d047e2d8aaed81,feca0f935fcce79dd42d409d96af9645,delivered,22-01-2017 13:04,25-01-2017 02:55,26-01-2017 16:41,01-02-2017 00:52,16-03-2017 00:00
20a6605d8265ca357d15eaf4f6710f63,f3b9b8b6d11fc7c446254660648ca292,delivered,14-05-2017 14:56,14-05-2017 15:10,17-05-2017 09:23,23-05-2017 13:19,06-06-2017 00:00
8e96f3e6633f7601ec50f3a904c3a3a2,c5827b73d67d474d76a268f0dda54396,delivered,28-08-2017 18:43,28-08-2017 18:55,29-08-2017 15:18,06-09-2017 19:46,08-09-2017 00:00
d8917c684fbf577ca5d76423b29f29da,24e773830688359e8fbf7f89b2a303da,delivered,30-06-2018 19:46,30-06-2018 19:55,03-07-2018 07:33,05-07-2018 21:48,24-07-2018 00:00
6a3cdd7762dfe7bfa407496303097855,d4af21206f409c5ba8408216b06b00b6,delivered,17-03-2018 12:39,17-03-2018 12:50,21-03-2018 18:56,09-04-2018 13:32,13-04-2018 00:00
f312113915f8f85b447cbbb41a3bda73,228fa0775b9f2dd5df796a94425f18d2,delivered,10-08-2017 13:51,11-08-2017 06:45,11-08-2017 19:39,16-08-2017 20:34,30-08-2017 00:00
95d9d2979d40161be87292ff88563cba,e4721b61e8d2b4b85d606809f6baa292,delivered,07-06-2018 23:42,07-06-2018 23:53,08-06-2018 14:15,16-06-2018 16:44,26-06-2018 00:00
263ba12390d0fbce329dd16da8cd20f8,0005aefbb696d34b3424dccd0a0e9fd0,delivered,20-06-2018 09:46,20-06-2018 10:21,21-06-2018 15:17,22-06-2018 17:58,03-07-2018 00:00
a9b151f0c0471d9b2534fa73c9c0e123,2238c417bc745d8fa7d7389d8b22154b,delivered,09-03-2017 16:18,09-03-2017 16:18,10-03-2017 10:35,16-03-2017 12:45,06-04-2017 00:00
ddb0d201c7d2c8ce0e966d98128d16e9,254e327149dc394a4edc7ff695098547,delivered,01-10-2017 10:11,01-10-2017 10:24,04-10-2017 16:50,05-10-2017 21:56,18-10-2017 00:00
1446390485bfa8ea593dbd273d725218,60ed0bdf61ebb2ee39c9b7fa7dbb9ee6,delivered,10-01-2018 13:58,10-01-2018 14:09,15-01-2018 20:29,17-01-2018 18:47,01-02-2018 00:00
eea0eb694d4eb8ffa2ed9279f4c348e5,8a1218a76be2cca9f86e2a9618f61af4,delivered,08-03-2018 16:00,08-03-2018 17:00,09-03-2018 17:48,14-03-2018 16:27,04-04-2018 00:00
b323a1bf3949211f3d9fbc43772534e6,4ad5a269a2d59d2c83ac551b5c948c0a,delivered,07-05-2018 10:59,07-05-2018 17:56,16-05-2018 11:00,09-06-2018 19:36,30-05-2018 00:00
93483f560d46ab6fb3fbf571c59d78dd,6ce9b26c054b6e299e017f732a862b87,delivered,17-12-2017 22:49,17-12-2017 23:53,20-12-2017 19:42,11-01-2018 15:23,19-01-2018 00:00
f644267f332fbcb9fe143fbb7478441c,03c27921f605f0385f319ba1bbee389b,delivered,24-11-2017 22:21,28-11-2017 03:44,05-12-2017 00:46,04-01-2018 20:26,19-12-2017 00:00
351126ee473c51592cb591efea295181,73e06cdd33db85da3e3df5c0c8404718,delivered,28-06-2018 22:11,29-06-2018 08:35,29-06-2018 14:21,05-07-2018 16:08,13-08-2018 00:00
3d4359c9a8031f632995e7923608dd4d,a7b54e5d33e657bd68a2d411fbace435,delivered,27-07-2018 15:25,27-07-2018 15:35,30-07-2018 14:22,31-07-2018 19:18,06-08-2018 00:00
6c12feac9a308e1382d9b19cca7f20b2,5371894984937a27cf40c7d20699a786,delivered,05-05-2017 13:48,05-05-2017 14:02,09-05-2017 14:43,10-05-2017 09:03,26-05-2017 00:00
cc06813c8d9909633f390ed9b5df999f,640246e27e1df1ffe19d062550d0d5ab,delivered,14-04-2018 18:31,14-04-2018 18:52,17-04-2018 16:52,17-05-2018 21:43,09-05-2018 00:00
9a40a61b2f04271f655c7423a3fb82a7,9a28e3a685c60162824386a74a34771f,delivered,27-03-2018 15:55,29-03-2018 08:27,02-04-2018 16:46,09-04-2018 19:16,16-04-2018 00:00
14986dd5b5dc6b4203bda6666311e4d0,93f0c8eaf1b7a1c951d234d56b232e35,delivered,25-08-2018 22:17,25-08-2018 22:30,27-08-2018 10:46,28-08-2018 15:11,20-09-2018 00:00
338d39656f66d84fdf7b2d9b578121bf,66a1ad480e947477de23aa06e861feb9,delivered,17-06-2017 16:54,17-06-2017 17:10,20-06-2017 10:42,09-07-2017 13:43,13-07-2017 00:00
a027919471097ed720c04340e1495e1c,6df6c2eeaad604627aa688ae063741b2,delivered,24-11-2017 21:04,25-11-2017 01:31,27-11-2017 17:54,18-12-2017 18:42,26-12-2017 00:00
db2351cb5d7dbd5c45ac607d32f2cb9b,eb3203704b8613482fed4eb17ea5d66a,delivered,25-01-2018 11:11,26-01-2018 03:16,26-01-2018 19:52,29-01-2018 15:48,19-02-2018 00:00
a678d97aa95d0393384c211a82455e50,cc64309188751727fe403d8570630495,delivered,06-06-2017 00:11,07-06-2017 02:30,13-06-2017 14:00,16-06-2017 21:37,20-06-2017 00:00
7ce20b22753ccc86fdb3b6f7efefcc75,738612606cc6f7e646b915359c71ee4c,delivered,25-07-2018 13:25,25-07-2018 13:35,26-07-2018 14:47,31-07-2018 19:22,15-08-2018 00:00
f083654dfd0f9ad9ae0356bf7c68f246,2b4c285c63cde3581cb7d06b70db65c4,delivered,23-07-2017 17:53,23-07-2017 18:05,27-07-2017 21:37,05-08-2017 13:23,17-08-2017 00:00
53239db74c7835641f106ef90b3d0100,54f60df7bf8415b9714bd26eec037b2c,delivered,11-07-2017 17:46,11-07-2017 17:55,14-07-2017 16:29,18-07-2017 19:53,24-07-2017 00:00
7297f6bfea2a33ef176cff30f467aa41,b19a370495e4d833f7351b777ef67b4b,delivered,16-04-2018 13:44,16-04-2018 14:33,18-04-2018 00:41,17-05-2018 22:28,10-05-2018 00:00
9855054362f487c4f25172bd0b8a44cf,3ad37c1be46629ea6935f7eb2362b380,delivered,15-08-2018 16:30,15-08-2018 17:04,16-08-2018 15:47,22-08-2018 17:32,27-08-2018 00:00
95bf775f5db872acb7ac9cf5cdbbc292,ffc25a124da207c0b90a002ebfaa7184,delivered,16-07-2018 11:56,16-07-2018 12:10,19-07-2018 11:15,23-07-2018 14:42,02-08-2018 00:00
563404de47cdc6763e7eced487016b66,41a0f53af758a122ca3c491b62ee4949,delivered,02-01-2018 17:46,02-01-2018 17:56,03-01-2018 18:17,10-01-2018 15:57,24-01-2018 00:00
bcdbca456c84595f3dadfbef9eeeaf51,59cf1a479d104e38587b9fe9d60febe3,delivered,03-04-2017 22:19,03-04-2017 22:30,07-04-2017 14:42,19-04-2017 13:53,04-05-2017 00:00
2ba4074f243f2ec78961779a7c89b1c3,3e5d28a6beee2449a50a07da9866d2ba,delivered,24-06-2017 17:11,27-06-2017 03:45,27-06-2017 14:18,03-07-2017 13:39,18-07-2017 00:00
b2908d9328eb32bdb9b7ac1e197c05fe,65c295c5ac6110fc4214f32ab7df512e,delivered,27-10-2017 12:07,27-10-2017 12:28,30-10-2017 13:21,14-11-2017 17:47,21-11-2017 00:00
a69bb719ee2c8b4a25bf1a1a5f3ae686,561812638ef3a092f78f0c4a5f0c58c8,delivered,13-06-2018 09:46,13-06-2018 09:57,13-06-2018 14:47,14-06-2018 22:28,28-06-2018 00:00
02610d88ac343ed64988d2706ce3ebfd,e7214f2cd8744c2d6d53e74e226ad9de,delivered,04-02-2018 19:34,06-02-2018 04:33,06-02-2018 22:42,22-02-2018 13:27,06-03-2018 00:00
00bdcdda88e6b02977fc6ce3d412c600,45ba03e2c6bbb5dc48131ba32ec3ae5e,delivered,12-06-2018 09:51,12-06-2018 10:21,12-06-2018 14:10,18-06-2018 18:20,24-07-2018 00:00
b5ae10bf67afb6e14718789096f22787,f69cf4381400f65b36639b8e1c11092a,delivered,12-08-2018 19:28,12-08-2018 19:45,13-08-2018 12:17,16-08-2018 23:21,22-08-2018 00:00
f7fd9088963ee4f442fd642219d80fb5,ee339bc1fd51a275cd44985a84e2515d,delivered,23-04-2018 10:50,24-04-2018 19:23,24-04-2018 22:08,01-05-2018 01:15,17-05-2018 00:00
bb2e64c3040ceb9b7ca2bfc602adca08,753bd08248a5fa2c21da47c01cfd83a3,delivered,03-11-2017 11:29,04-11-2017 11:25,06-11-2017 19:22,08-11-2017 02:42,16-11-2017 00:00
39e9813f11fbc948f71cfaf189976662,355474d121f6ea4623bbf34bbe80739b,delivered,24-04-2017 09:37,26-04-2017 09:37,28-04-2017 09:14,11-05-2017 20:16,16-05-2017 00:00
895e066de0072faddf0044db8e490353,82e5f3c993ab34fe01c61b83e0bd7efc,delivered,03-04-2018 15:03,04-04-2018 09:48,04-04-2018 22:42,16-04-2018 20:08,20-04-2018 00:00
3dddd02cc38fbaa0a544a1e928aee40e,d2157e41ca09bbe3a232a528d658195c,delivered,17-05-2018 16:46,18-05-2018 16:58,24-05-2018 15:22,01-06-2018 16:12,11-06-2018 00:00
96f182413ae321e91ee91f3e422c6416,fe4a4b61b1485be6c8e635377ea8f0ec,delivered,15-03-2017 15:54,15-03-2017 15:54,21-03-2017 15:17,28-03-2017 13:48,05-04-2017 00:00
eba18dfa91e31cf748f9f52b779f9ae8,7ffae0a2b02796d8e66fdbf0fa6e08b5,delivered,14-11-2017 08:13,14-11-2017 08:26,17-11-2017 21:38,20-11-2017 22:42,01-12-2017 00:00
5f071a8534fb6805fa6ec902f04219e4,a13d2d3b615e7782205484d9c603cbe7,delivered,20-08-2018 20:28,20-08-2018 20:50,21-08-2018 12:03,25-08-2018 19:04,17-09-2018 00:00
a41753c6a1d8accb89732e36243432d7,9c2f403519bcb363683a7179f0f94bd4,delivered,12-05-2017 10:51,12-05-2017 11:05,16-05-2017 09:14,19-05-2017 14:13,05-06-2017 00:00
d0a72f8bcc1f2045167eaa548647e77c,4f444b3b5cd86e70e2c49210020c5ba9,delivered,03-07-2018 10:03,05-07-2018 16:16,06-07-2018 09:03,13-07-2018 16:28,02-08-2018 00:00
1ac605c3c8e2ee53279c7b0bd52c6aec,4f86e2b6bb393847cfaca4bf4b1b82f6,delivered,08-03-2018 09:26,08-03-2018 10:08,13-03-2018 18:28,06-04-2018 17:45,28-03-2018 00:00
a17fec30c4ce5a766edee3f4c7701c0f,6b5ab683c44fe7723cc4dd9ad28ce19e,delivered,25-03-2017 19:13,25-03-2017 19:25,31-03-2017 14:42,06-04-2017 12:38,20-04-2017 00:00
0917636d789ce3b3eac37895935af5c2,fcba45767e1f02cc6c09f78e21e4e643,delivered,24-11-2017 22:09,25-11-2017 01:31,27-11-2017 18:39,06-12-2017 17:37,15-12-2017 00:00
9c1becadc6a0c6445eb02167b8d1bbff,fc788d5e3648d52793588cb90a77b5a1,delivered,08-09-2017 10:57,08-09-2017 11:05,11-09-2017 19:25,18-09-2017 19:47,04-10-2017 00:00
675bc8cd15e6b9225582b9161288670f,8a2d6290feaba2aea18c2b8a5a60cc32,delivered,25-08-2018 23:32,25-08-2018 23:45,27-08-2018 17:58,28-08-2018 17:36,04-09-2018 00:00
9dc9f2ae74e006656a3312dd31e76b5f,37d017dda9c2b37e56166ddeebc44140,delivered,18-02-2018 00:10,18-02-2018 00:26,20-02-2018 23:25,27-02-2018 17:28,12-03-2018 00:00
cfb361b2049fa0ddeb6ca3959fa0767d,6ab90ea7ad807500313f796a2b704335,delivered,20-08-2018 23:06,20-08-2018 23:15,21-08-2018 14:58,22-08-2018 22:34,28-08-2018 00:00
9370fc845feb5045400765a17c075cae,d020628b224f6a7738f735fa3f648cfa,delivered,07-02-2018 08:04,08-02-2018 07:35,08-02-2018 17:44,16-02-2018 14:53,07-03-2018 00:00
b26eb89dfb4e2d970274ef0c668fd43a,2ca8b7b3830f1551de4a0e4ea27a5e39,delivered,17-03-2018 19:59,17-03-2018 20:16,19-03-2018 19:41,23-03-2018 18:45,11-04-2018 00:00
61898b3ad4d51459e014bc6d4c2e7166,a9b67ff10261665661f54c364e82d9b2,delivered,10-06-2018 15:44,11-06-2018 16:42,12-06-2018 08:16,15-06-2018 17:27,28-06-2018 00:00
f76b895a9902ad634abed7eec3211a10,7ea778a6a19290dee846148b45c64f6b,delivered,10-05-2018 11:04,10-05-2018 11:36,11-05-2018 14:03,28-05-2018 16:08,21-06-2018 00:00
b9f23a5c0cbae81d8a326804b0c7513d,02a7a75320e787aa980907d0f647e508,delivered,19-02-2018 19:18,20-02-2018 07:27,20-02-2018 19:39,24-02-2018 15:27,15-03-2018 00:00
0ae7144116fa718b3bb90cd8d855713a,bb02acc51461fe7e45f7fdf63d18072c,delivered,18-04-2017 16:00,20-04-2017 02:55,20-04-2017 14:04,10-05-2017 07:47,23-05-2017 00:00
84398110dbaecfbc9ef3dc592c6b189b,add72faa5e3cf873054bb6ecd9472e4e,delivered,12-04-2017 02:16,12-04-2017 02:25,12-04-2017 14:01,15-04-2017 06:52,04-05-2017 00:00
c09652e16426e2ecbb85f2617192904a,d265ebaf9a745999a30e6a9eb778fe3f,delivered,29-10-2017 23:44,31-10-2017 04:15,31-10-2017 16:43,07-11-2017 21:28,28-11-2017 00:00
6f209510f34ce1a8c89d11273039981d,3523a3beae4b3f9d398b0cf0b2bcb630,delivered,12-05-2018 09:58,12-05-2018 10:12,15-05-2018 09:02,21-05-2018 13:44,07-06-2018 00:00
16e62e9da7d33d61b6f26ccf68bc962c,becd44b937217776c659d9465b22808d,delivered,21-02-2018 13:48,23-02-2018 02:08,23-02-2018 22:22,12-03-2018 23:36,13-03-2018 00:00
80b0f4fc350532f6e0ce9aa81ccde91c,d06f910929d7ece5e8090c5b4ef80b08,delivered,01-03-2018 16:51,01-03-2018 17:09,02-03-2018 23:57,05-04-2018 21:37,19-03-2018 00:00
0b50bea7ba1e8ba7a21b01b7c9d1350b,8c976a55940af1dcecf9aac47249aca9,delivered,25-10-2017 10:03,25-10-2017 10:14,30-10-2017 19:30,08-11-2017 10:55,06-12-2017 00:00
8ac7bcd85522aa82e2d89d27ea9cb818,0482519d5e3d179e7a3b00d6722bed50,delivered,23-03-2018 20:57,23-03-2018 21:08,27-03-2018 19:54,04-04-2018 00:21,12-04-2018 00:00
6a4b06a2b62d1f2c69cf1f7a4eae074a,a0d430c59b700550f20303fa1d6b2ba4,delivered,13-04-2018 21:18,13-04-2018 21:50,16-04-2018 23:30,19-04-2018 00:34,23-05-2018 00:00
6abaa1126b7b6ae01eb168ec3da96dac,6c2a5ea4fbd1854c3827a5e3b8eaf8cd,delivered,16-06-2018 19:42,16-06-2018 19:58,18-06-2018 10:05,25-06-2018 20:21,16-07-2018 00:00
f2e97c3464ad5fb53d6be7afcd0e3eaa,23a892e7d6549061e95045636c1c338e,delivered,29-07-2017 12:18,29-07-2017 12:35,02-08-2017 19:46,07-08-2017 20:45,18-08-2017 00:00
045c9852284420b9c02d156436e1481c,16c0be52bf7bf9069c6fa0d850c660ac,delivered,16-05-2018 16:38,16-05-2018 16:57,17-05-2018 14:46,22-05-2018 18:12,30-05-2018 00:00
3bb580c88504df63102b61f70164fb75,636f42c08bfabc00ce49edb5af4d4423,delivered,14-09-2017 19:12,14-09-2017 19:25,19-09-2017 11:54,27-09-2017 17:32,10-10-2017 00:00
1c5998a66da200447c5cbb528969a95a,42791e4b0de64923954b7905a4d523c6,delivered,17-01-2018 07:22,17-01-2018 07:29,17-01-2018 15:42,06-02-2018 17:13,16-02-2018 00:00
4edca0186e467f58fe99ab648f604ce8,1d06482d82c32c8752f4decbbffe7623,delivered,14-03-2018 15:55,14-03-2018 16:10,20-03-2018 00:02,23-04-2018 10:41,16-04-2018 00:00
714e2644ab665027234ed7a6b3e82274,a2ae1a05b2058776ab0138c75da742f8,delivered,11-08-2017 08:41,11-08-2017 08:55,14-08-2017 20:33,29-08-2017 08:15,18-09-2017 00:00
d16d35b47ec2d842e3846a4c7f4586d0,7b05d440176a2b2e195cc8957cbdfc8c,delivered,04-04-2017 13:15,04-04-2017 13:25,05-04-2017 10:00,10-04-2017 20:48,04-05-2017 00:00
54912035e047f9834df97cdfef0d2768,a28774056a751c7e8affbaff81fcd933,delivered,13-05-2018 19:57,15-05-2018 04:52,16-05-2018 15:08,17-05-2018 14:48,25-05-2018 00:00
9e5e54c4be8f6625005c76b7f8801ee8,6bfd1870443dc5b9f1297214b35e865b,delivered,31-03-2017 11:30,31-03-2017 11:42,31-03-2017 20:21,05-04-2017 12:42,03-05-2017 00:00
c7172e1a6b8de65fbc6e9e77afda672d,b1aa70fb1fe24bb15603aba207510343,delivered,01-02-2018 17:15,01-02-2018 17:33,06-02-2018 18:38,16-02-2018 12:33,02-03-2018 00:00
56472b840118d1bfb244c6cb42581ae6,98748c370ddce9072c32164a357de627,delivered,20-04-2018 12:53,24-04-2018 19:00,26-04-2018 14:48,02-05-2018 19:20,29-05-2018 00:00
fd180ff2363b236f823a4fa8a2a729f1,c8d8df677303b51ceb3ebd595969502b,delivered,18-05-2017 09:34,18-05-2017 09:45,18-05-2017 15:44,26-05-2017 14:45,08-06-2017 00:00
7c3e6d9d783f5fb5927a500abf1cfbaf,b1e99a86b163f1f25e7e0fa3360ad93d,delivered,22-08-2018 01:35,23-08-2018 01:30,23-08-2018 15:30,28-08-2018 16:46,28-08-2018 00:00
44fdca9e41cfd8248c3ac1e369447eff,21e121469a31f5b4e2eb5b6574359c4c,delivered,02-07-2018 14:20,02-07-2018 14:30,03-07-2018 14:54,06-07-2018 18:48,20-07-2018 00:00
90e4c72e836cb3e0bea6a31fd981a346,3ce8f9a70471f7eb4e9f4de10402dbec,delivered,24-08-2017 19:35,26-08-2017 11:50,28-08-2017 20:59,01-09-2017 20:13,14-09-2017 00:00
c6174e20db037528301ee8eaf325a469,a06d5e88e559441070e2c1e9d4be49b0,delivered,07-11-2017 09:23,07-11-2017 09:35,08-11-2017 19:18,16-11-2017 21:31,30-11-2017 00:00
eb366fe32c33e3b4037e9c3290b3ecec,998dd72620169c5d4946a893f4f8152b,delivered,20-11-2017 16:35,20-11-2017 16:47,22-11-2017 18:26,02-12-2017 21:08,11-12-2017 00:00
8dbdb81783a3c754dc9441826510a36a,2d0c34b4b379c290f079d39df12304e2,delivered,10-08-2018 14:54,10-08-2018 15:10,13-08-2018 14:00,17-08-2018 20:51,30-08-2018 00:00
8b37f436aea079bd73bbcbe103d14a0b,63d3bc89cf22616c68960d0d11258a5a,delivered,24-01-2018 20:07,24-01-2018 20:19,25-01-2018 18:46,17-02-2018 19:19,16-02-2018 00:00
5713bef560364e39ec1630ff62449492,793864114259d54262b38703f165acd2,delivered,16-02-2018 20:16,20-02-2018 07:15,21-02-2018 16:58,12-03-2018 23:56,13-03-2018 00:00
5a88502f6bbc1f8c972aa98c64830616,2fdfe901849d16dcfd92d3d8f4c5def3,delivered,31-01-2018 21:04,31-01-2018 21:15,01-02-2018 18:48,07-02-2018 22:58,22-02-2018 00:00
5d7f0dc1e401127edfe8b79e174a52c8,35014cd0cb1b0f81a7abee599b4d051d,delivered,13-10-2017 10:15,13-10-2017 10:28,13-10-2017 17:37,18-10-2017 19:32,06-11-2017 00:00
97d3d89c5b932c10e6d3d4d8c2ba7dd3,4fea6b3a96c9c399aef5540b38c7025b,delivered,24-11-2017 15:54,24-11-2017 19:33,30-11-2017 22:37,05-12-2017 18:19,08-12-2017 00:00
06ad94997dd34a7c2186b82d8e9be6a5,edc2830530b7d989c82121b21e1c229d,delivered,15-06-2017 16:02,17-06-2017 03:48,19-06-2017 18:28,12-07-2017 19:59,20-07-2017 00:00
99fa6518deac14b2890b49d1645d64be,c495ae8dfa83b158b111fc7b8304f032,delivered,01-12-2017 09:21,01-12-2017 11:31,04-12-2017 20:52,13-12-2017 17:35,26-12-2017 00:00
efe9bd98be3cb5cb5c87e7ca27abe613,37751e1671512ad89943d1615b563b1d,delivered,21-01-2018 13:28,23-01-2018 03:52,23-01-2018 22:57,24-02-2018 13:12,15-02-2018 00:00
83d47a55a238c75386e31ef70f5d8b45,99de3252658ad6466297273b6047f3cf,delivered,01-02-2018 14:44,01-02-2018 14:55,05-02-2018 17:15,06-02-2018 21:56,26-02-2018 00:00
cd81fccdeffb11e33de701e2c53c85c6,e07792fb0958a7d0faff87fb1aa58f8e,delivered,26-04-2018 22:47,26-04-2018 22:55,27-04-2018 13:23,15-05-2018 14:15,01-06-2018 00:00
7ebe19943d85e81a7b0eb108681276b7,fa3a8736d5ae8f7df9b0a4154d0b14dc,delivered,22-07-2018 10:28,23-07-2018 11:31,23-07-2018 10:09,26-07-2018 16:42,15-08-2018 00:00
2b0ff3c2ec4265091bba2e1e5d9aa762,ac9fafb8efe7023c1126fc949eaabdc9,delivered,14-05-2017 19:00,14-05-2017 19:10,17-05-2017 15:49,18-05-2017 14:44,24-05-2017 00:00
114e12eca60507f3e3153182f258684d,a7b3bd7ba727dae2bc4a68b78b7a7c64,delivered,15-08-2017 11:14,16-08-2017 03:26,18-08-2017 19:22,29-08-2017 19:41,13-09-2017 00:00
db0b67b642c6fdc947608f6b2108f802,4229505b5f66e1c3cc7cacd14af16a8f,delivered,28-01-2018 15:50,30-01-2018 04:31,30-01-2018 18:54,31-01-2018 17:08,16-02-2018 00:00
1133f2dfc033ba92bf6c470b20f6f332,e583c743a5c26e0870b08e4e6efeac7f,delivered,21-05-2018 13:31,22-05-2018 07:55,22-05-2018 13:15,08-06-2018 18:48,14-06-2018 00:00
275950acf4956dfc3d23514eb61f1d9b,b8c5e65ce798bc0c841638ea0960093b,delivered,14-02-2018 16:38,14-02-2018 16:50,20-02-2018 19:54,27-02-2018 13:39,07-03-2018 00:00
f5218a2401f92542f87b1de5bc3f92ff,997070d4812561b1a8ededcbb6c2429e,delivered,02-03-2018 11:04,02-03-2018 11:15,05-03-2018 20:55,06-03-2018 13:38,14-03-2018 00:00
e311f8fc30348d6213964a43f70f87fb,6ca7c0e971c24ce0931f148588ef23ce,delivered,17-04-2018 16:54,17-04-2018 17:10,19-04-2018 21:28,24-04-2018 19:28,07-05-2018 00:00
747996a66f5aa711deb8ae58f5ae46a0,ed1793d2d1e4175d5846ce7ebb4a01f5,delivered,05-01-2017 15:25,07-01-2017 03:44,11-01-2017 15:59,16-01-2017 15:18,13-02-2017 00:00
f396e1280028fa9c8c83111abee5f2e9,20f5a1cf347e797ab4f304906b1557b3,delivered,13-07-2018 20:58,17-07-2018 04:31,18-07-2018 12:06,23-07-2018 15:51,07-08-2018 00:00
08763574782690116475ea62ffdecadb,a2f475be29f915fa902863f62308df8f,delivered,28-11-2017 07:50,28-11-2017 07:59,28-11-2017 17:24,03-01-2018 19:24,26-12-2017 00:00
87afd3fd1ec1b984a228c772b5dd2a4c,7f47f37aa5317f1a00d397962a0dc7b7,delivered,06-06-2018 21:48,06-06-2018 22:12,07-06-2018 09:03,13-06-2018 20:41,18-07-2018 00:00
2d816b6a11ddd3843f307d1333321091,95303e4c9c23d67877e4b20afb04bfa8,delivered,22-08-2017 18:53,22-08-2017 19:06,24-08-2017 16:13,25-08-2017 20:12,06-09-2017 00:00
0f02ea56e4c9e7d30adb19a0c3e07b02,010099752e4ca60e61c8a4a669ea9fe5,delivered,28-02-2018 23:42,02-03-2018 02:15,06-03-2018 21:45,14-03-2018 00:58,19-03-2018 00:00
97fdf3115437c18e71138bdaa80ec60b,e3c94f7080293bcec3facb041c6d0f7b,delivered,26-07-2017 11:29,27-07-2017 11:25,27-07-2017 19:26,28-07-2017 21:10,15-08-2017 00:00
bceafe41324f7de517b199a7b4e2a074,86f9e3637836ff95e8e339223d2a136b,delivered,06-08-2017 23:40,06-08-2017 23:55,07-08-2017 20:48,10-08-2017 15:08,06-09-2017 00:00
86e6162676905a8c6ad0bcbd7df8debe,9846fec8bc074e976b741b9d766afded,delivered,16-07-2017 09:15,16-07-2017 09:25,18-07-2017 16:10,31-07-2017 13:35,11-08-2017 00:00
91d7491c6b0eada151a7e307697841bc,baa9fd7c59cbbfb067439f4ecd72e848,delivered,17-08-2018 07:59,18-08-2018 07:55,21-08-2018 19:21,23-08-2018 18:40,04-09-2018 00:00
dd480c63548e3c0b7219520e3784ebd2,a83a89abd16a03e6376fb659ca7b6612,delivered,26-01-2017 16:25,26-01-2017 16:35,27-01-2017 12:47,08-02-2017 14:47,22-02-2017 00:00
8cd615f11b504c1ea4ea2d07e7ac2930,ce022d7f2e8d5b3ea5884c8bdea62226,delivered,16-03-2018 13:57,16-03-2018 14:10,20-03-2018 23:17,03-04-2018 20:42,11-04-2018 00:00
a2fc0d6559cd85b95e1a02c8d97d55ec,2bdb2502a9b89d8f94ccf1ef7a9f0292,delivered,18-04-2018 09:55,18-04-2018 10:11,18-04-2018 23:28,19-04-2018 23:31,04-05-2018 00:00
a1ba9164e568e28f6977c343fb78e9b1,72600f002ba1550d6432cb91464f6969,delivered,11-03-2018 22:14,11-03-2018 22:28,12-03-2018 17:24,31-03-2018 14:18,03-04-2018 00:00
09bb35a3939c3181b4a5619cb3918976,b84438b09aa33a6e08673fe173f9796f,delivered,26-11-2017 03:42,26-11-2017 03:51,29-11-2017 19:56,11-12-2017 23:13,28-12-2017 00:00
760312f5735ee281f01e56d5ddee05e3,4b003ee1eabaffe8ff8e6d75394a9b42,delivered,11-06-2018 15:32,11-06-2018 16:00,12-06-2018 11:04,20-06-2018 23:08,17-07-2018 00:00
eb7aac057d7c17adb860b770451ae250,74df30b888082a6cfaeb6bbee623e6a2,delivered,02-02-2017 23:24,02-02-2017 23:35,03-02-2017 15:32,15-02-2017 18:51,21-03-2017 00:00
b9383cd99539eb0ccb11ab1a62bd0621,bd0c57b418e8b1cd0f10d87da71a403f,delivered,02-08-2018 20:38,02-08-2018 20:50,03-08-2018 14:57,08-08-2018 13:48,17-08-2018 00:00
92a9ef7f0a0d392c9ad0d5f44e86b4ba,4d8c75952e09254a602a3a059d0ac367,delivered,25-03-2018 16:43,25-03-2018 16:55,27-03-2018 14:09,29-03-2018 16:19,06-04-2018 00:00
dcc3610bd6745b8ec0d84354631fbd3d,060a46f3e1097e08371f2c8c7064156c,delivered,22-07-2018 20:04,24-07-2018 11:31,24-07-2018 15:45,27-07-2018 21:41,08-08-2018 00:00
939e85580cc5404abd2ba9df25330fb8,df059d8e5672ffde042a480870e4fbea,delivered,10-07-2017 18:12,10-07-2017 18:25,13-07-2017 10:56,18-07-2017 17:03,10-08-2017 00:00
d8a7be3bdd16ebaf4601bc8252f54a08,0308cb020fb67d56a42bf1296f77dfce,delivered,14-08-2018 01:13,14-08-2018 01:25,14-08-2018 15:01,16-08-2018 19:58,20-08-2018 00:00
a062c240bb299fa3f0ce55cf05ec8390,c305a666dd035c61be69f500d3a2ea36,delivered,13-07-2018 19:00,13-07-2018 19:10,16-07-2018 08:47,27-07-2018 16:58,02-08-2018 00:00
59a0b1e1b934789d033dfb98797d9d34,2fa6eb7ad02d5495e29bebb6d4774257,delivered,20-07-2017 23:51,22-07-2017 02:15,24-07-2017 19:05,02-08-2017 17:37,21-08-2017 00:00
af42887f85d980291a066176c4d13709,8f0b436a1be5cd29776f9ddb3bef133a,delivered,18-06-2017 19:51,20-06-2017 10:35,27-06-2017 16:37,04-07-2017 14:41,11-07-2017 00:00
0adf4c5c9a1399ceefdb7ba880df1ca7,eab22d3171e51fc2a3b380f5da7c7310,delivered,22-02-2017 13:22,22-02-2017 13:30,22-02-2017 14:25,28-03-2017 16:23,06-04-2017 00:00
7e3f9f89f31e57c84fe4ef9a5bb9bc1e,87b5d2464401b73336fefb8b1e3b91c7,delivered,26-08-2017 12:43,26-08-2017 12:55,30-08-2017 20:26,05-09-2017 16:00,29-09-2017 00:00
32931b358e8eb9042cf278a4e233321f,a791256150a6975326b329cad239f6f7,delivered,02-07-2017 19:37,04-07-2017 04:45,04-07-2017 16:08,14-07-2017 14:57,25-07-2017 00:00
83ea47ad24b5fce57aa5ade0fd069c94,6e8a9c87724e18b7e567193cdd3e4b45,delivered,26-09-2017 01:25,27-09-2017 12:49,29-09-2017 17:04,13-10-2017 18:32,30-11-2017 00:00
1f3fcd02b6ab99b6b499dcd412076175,4f0986f70a792beba9dcbf15c32ecd87,delivered,17-07-2017 13:51,18-07-2017 06:35,21-07-2017 21:12,26-07-2017 00:59,01-08-2017 00:00
1cbcc355e275e5143ab1dbf260ca14f1,1110eb4465d18a9b7c632cfc80fb53ab,delivered,12-03-2017 19:04,12-03-2017 19:04,14-03-2017 14:14,22-03-2017 09:08,30-03-2017 00:00
28b2d19e3d604381f30089a68a4e0831,3d8cfa48830149a95028f6dc880e13eb,delivered,29-04-2018 14:31,29-04-2018 14:53,30-04-2018 15:09,09-05-2018 23:12,17-05-2018 00:00
568b0f8bb1f7efe803f006abfd707e5e,05f92287b410b4a1b426167861698d3e,delivered,26-02-2018 11:06,26-02-2018 11:15,27-02-2018 18:09,09-03-2018 20:03,22-03-2018 00:00
ee038389c9f437f7c0e2d1b105a26038,5ad5c913900581e3ebd6c20ba68c5760,delivered,02-07-2017 12:03,02-07-2017 12:15,05-07-2017 13:44,11-07-2017 22:03,25-07-2017 00:00
5711d8a02451fd508dc8911ee1fb4ac9,1181d20ba074543832905275fd087e73,delivered,27-10-2017 16:44,27-10-2017 16:55,30-10-2017 20:22,03-11-2017 19:48,22-11-2017 00:00
9b2fa9acfe395734a133a58bcbfb9776,aeb0c5aea1d62b3e494a86bad308f85e,delivered,25-04-2018 01:03,25-04-2018 01:15,25-04-2018 13:41,30-04-2018 16:03,23-05-2018 00:00
7535955a5fee70328e9fe079653e03f1,68de9ab6df869e6c10cac725487ff831,delivered,30-04-2017 14:48,30-04-2017 15:02,03-05-2017 14:12,09-05-2017 08:03,30-05-2017 00:00
54d591a90dbfa19ae578252a9b5a2720,17b02ec522ef587a82a5b69450648f1b,delivered,30-05-2018 17:38,30-05-2018 17:58,06-06-2018 15:01,11-06-2018 18:03,12-07-2018 00:00
06875ab72c5b9bb2eb303a70031bfeb0,686ca7499141a82f95123c370af061b0,delivered,11-01-2018 20:04,11-01-2018 20:15,12-01-2018 23:10,15-01-2018 21:06,30-01-2018 00:00
4f32c93f66aadbd682294f5cedde7c18,3ca18278aa462567e7bb52302cff31c4,delivered,10-03-2018 16:15,10-03-2018 17:07,12-03-2018 21:50,03-04-2018 19:52,10-04-2018 00:00
8736140c61ea584cb4250074756d8f3b,ab8844663ae049fda8baf15fc928f47f,delivered,10-08-2017 13:35,10-08-2017 13:50,11-08-2017 13:52,16-08-2017 19:03,23-08-2017 00:00
39ca4fbb87367cf7440fc32125b86202,d43f72374abc7601531c7c806e7af444,delivered,24-04-2017 20:32,24-04-2017 20:45,25-04-2017 11:45,02-05-2017 13:11,11-05-2017 00:00
c9205528d5e1b823f414b4f15314c03f,525bd2d51afa1e21386ca55e0d0e2824,delivered,21-08-2017 19:33,23-08-2017 02:47,23-08-2017 20:38,01-09-2017 19:11,13-09-2017 00:00
25b6b32773813a83fe535d412fa6e805,71cc75a603db03ef612d52f9f223e68f,delivered,26-11-2017 17:47,26-11-2017 17:55,29-11-2017 23:06,13-12-2017 22:57,03-01-2018 00:00
d262943abbea3ae2db6528a4261ba247,6eae55140163e2af86907a15a478f2d2,delivered,02-04-2018 16:10,03-04-2018 17:10,04-04-2018 23:27,08-04-2018 21:19,12-04-2018 00:00
50c67fc0ce3ee7959b7dfeeabfbe6b78,4d69348be3bb86e3326bc320185c5438,delivered,27-11-2017 17:19,29-11-2017 18:10,30-11-2017 20:27,04-12-2017 17:54,11-12-2017 00:00
e5e7f892785fbe21a339bcd77efdae86,eb14560bdf0397941f4146f43f653496,delivered,01-12-2017 20:48,01-12-2017 21:24,04-12-2017 20:07,07-12-2017 22:29,19-12-2017 00:00
54c48a1401020a79d5d52ff20cb07aa7,64a321dafa36e657f430cd3c2d0c64a0,delivered,06-04-2017 13:45,06-04-2017 14:03,06-04-2017 14:43,17-04-2017 15:47,10-05-2017 00:00
4652332a6a0d39960cdec082ef7b52b8,877b18b6aaa2faadfbf88c43a9bd5c42,delivered,25-05-2018 13:28,25-05-2018 13:53,28-05-2018 15:04,29-05-2018 20:10,12-06-2018 00:00
0f93b20928bc59f8571a39b03ed0c1bb,027efc2251512b9150aceb9a5e5b7f53,delivered,25-09-2017 09:48,25-09-2017 10:04,27-09-2017 16:33,10-10-2017 22:58,19-10-2017 00:00
eb79e3366c1e8ef5a331f96b5c73995f,901f6c008611d3f7cd4a4a094c475408,delivered,04-09-2017 11:39,06-09-2017 02:55,12-09-2017 21:48,18-09-2017 16:09,29-09-2017 00:00
444ebbf5602b5acdad22e0b4a9951bda,a94259e3111386ff1ae6f1c3712fe6fb,delivered,29-11-2017 11:24,29-11-2017 11:37,02-12-2017 00:28,09-12-2017 15:36,20-12-2017 00:00
0acdae809654a2de1235d18a12cf73f3,3180b241917d07e27bd46aac80ded579,delivered,14-06-2018 11:29,14-06-2018 12:19,15-06-2018 14:22,19-06-2018 21:46,05-07-2018 00:00
38097aba0f729783af8bf48eabf5e496,5a07aa8c5c8860866b5557e83d75a4e2,delivered,01-05-2018 13:44,01-05-2018 14:16,02-05-2018 11:22,14-05-2018 14:08,28-05-2018 00:00
a3a3b0aaa23eddcb93f63fad71f13391,1bc91f030639254f22bf57fba7c51376,delivered,12-09-2017 08:16,12-09-2017 08:30,15-09-2017 18:30,28-09-2017 21:47,05-10-2017 00:00
a82922658c32130591989ddab7111ed6,841cf7b045782b0ef207f4d8305ea6fc,delivered,02-11-2017 09:30,02-11-2017 09:45,04-11-2017 11:02,09-11-2017 20:09,23-11-2017 00:00
b436fd24a04e7267307e1d900faa8eb1,20217ca968adf8f08c5916bf09c33d7f,delivered,30-05-2018 12:58,30-05-2018 13:09,30-05-2018 14:52,04-06-2018 22:46,20-07-2018 00:00
91c75b7ba1ec17918b96773bc0f8f443,41280f8f9f6be62c061b8af89ba9ef54,delivered,05-05-2017 13:35,05-05-2017 13:50,09-05-2017 11:14,24-05-2017 14:39,01-06-2017 00:00
ef5b03340b5839974405018a62e03f29,7c1e106bfe425aafa689ac08293ee6b8,delivered,04-05-2018 16:08,08-05-2018 04:55,08-05-2018 10:47,09-05-2018 17:57,17-05-2018 00:00
674b530698f9bd8a9167b30ed86bd51d,aa5dfb0872b3828aa250acb54d387266,delivered,02-06-2017 10:18,02-06-2017 10:30,02-06-2017 15:55,03-06-2017 10:57,19-06-2017 00:00
97c6f98cd025659444b815df5050d8d7,db5374a5a0de70b9b226cc07f00c7de3,delivered,12-09-2017 17:49,13-09-2017 17:55,14-09-2017 21:36,18-09-2017 21:44,28-09-2017 00:00
e2493d49c7ac426207fb7575814ebbd4,660e0dca520294ab5ff435d0298627f9,delivered,04-12-2017 17:16,04-12-2017 18:30,05-12-2017 21:37,21-12-2017 21:17,09-01-2018 00:00
be6e034d294e425c514e215bf0b7120a,ba7c84cd4d0db9d73b66a79e4d3e130c,delivered,22-05-2017 15:57,22-05-2017 16:05,24-05-2017 08:17,30-05-2017 12:13,09-06-2017 00:00
777ee9a9950b655601a65012d4e45584,14e5f1e56b5d74d9fe35c39e8ba04699,delivered,08-10-2017 14:53,08-10-2017 15:07,09-10-2017 20:17,13-10-2017 21:36,01-11-2017 00:00
f056d4857c146c38ff02566b3e152bca,fc6408fa8083f3c01b1f287709714321,delivered,17-05-2018 16:37,18-05-2018 02:54,18-05-2018 14:35,22-05-2018 02:40,07-06-2018 00:00
8e3f8be6e1ce8ec5b39dae59e0aabcff,6520161e793f944073a132d97e9af083,delivered,23-03-2018 11:07,27-03-2018 03:56,29-03-2018 21:33,11-04-2018 23:41,16-04-2018 00:00
12764e11143d316ea2257118daa2e3bc,3b06aeea8f6124ae0e66e6fd1fc97ade,delivered,23-05-2018 16:12,23-05-2018 16:36,24-05-2018 08:38,25-05-2018 20:49,13-06-2018 00:00
41f5e1d98c342beaa1234b59c89d9f6b,ea23ab6bcf9413b8841a1a69b9af0686,delivered,11-08-2017 10:47,11-08-2017 11:04,14-08-2017 21:06,18-08-2017 19:12,31-08-2017 00:00
ec3b583694db9a04ad2928a8f0546207,660673ec54a8b7fe75dcaea60f3f3e0d,delivered,12-08-2018 20:18,12-08-2018 20:30,13-08-2018 16:02,16-08-2018 19:31,24-08-2018 00:00
cc86a65e920aceb9fe3bbe49bab2bd52,23fa7a1513fdc2b37c2b1ebd9e1db2da,delivered,24-11-2017 11:34,25-11-2017 04:17,27-11-2017 19:09,02-12-2017 18:56,19-12-2017 00:00
1b462189eca41fdd61ad58561176b49c,65e5225058cf3dbaca1cdffb7c575dc1,delivered,11-01-2018 09:46,12-01-2018 02:35,13-01-2018 03:03,17-01-2018 18:14,06-02-2018 00:00
8944f7ffacbf68290782beb6f6d21ece,3b1cbf321a120453df51216a651815af,delivered,06-04-2018 18:05,06-04-2018 18:29,09-04-2018 21:06,11-04-2018 22:45,30-04-2018 00:00
c5e1ff5a434a0e128ac186bd92c1060d,9408366cfabe249cc4e4680dffb79c5c,shipped,10-03-2018 13:39,10-03-2018 13:50,21-03-2018 19:18,,06-04-2018 00:00
175455df986fe6b05091b1c9506897dd,c2a29d0111d9af12100ef59be89f5a2c,delivered,03-02-2018 13:49,06-02-2018 04:32,06-02-2018 19:16,16-02-2018 11:27,08-03-2018 00:00
f25bdf0565e54301739c402947f7644e,3b8927e91517d7827a76105d1fdd0e3f,delivered,15-07-2017 06:41,15-07-2017 06:50,18-07-2017 11:37,10-08-2017 20:27,22-08-2017 00:00
96c3a40e38272781dd5b3dfc4797e8f7,76ba803a22ca2f0892036acaead6a065,delivered,19-06-2018 14:58,20-06-2018 13:21,22-06-2018 12:26,29-06-2018 19:12,20-07-2018 00:00
a14f7f38d99c7aba5db1566db11660a2,ca08ac90cf5b8ff42d87a9d754c2374b,delivered,15-10-2017 01:57,15-10-2017 02:14,16-10-2017 20:26,23-10-2017 21:10,07-11-2017 00:00
51c68b0aedaa22a0b426f5635ac439b1,80f5dbd6c402fa67462768a508de4168,delivered,22-05-2017 10:27,24-05-2017 03:05,24-05-2017 15:09,03-06-2017 09:39,29-06-2017 00:00
da3c95552f6afd61ddc95ce17dc71606,9625c9b960cb2a2645738ad08d8fd709,delivered,20-03-2018 14:27,20-03-2018 14:49,27-03-2018 04:28,27-03-2018 13:21,02-04-2018 00:00
044d94a4ac73b24fe28ff5293ac35bd8,482d1baa7d2f9c4d4b54ae09215d39c8,delivered,19-06-2017 14:56,20-06-2017 14:50,21-06-2017 08:11,26-06-2017 08:23,19-07-2017 00:00
6c1d10d32b895709c06d162678e6bac6,c5cc9a7ee25b3dde1ed09c7568ff9f9f,delivered,13-05-2018 11:00,13-05-2018 11:12,14-05-2018 15:15,02-06-2018 18:12,01-06-2018 00:00
00946f674d880be1f188abc10ad7cf46,9583b047c90d4aa1c5c68b4065ba7f4e,delivered,09-12-2017 19:11,09-12-2017 19:30,11-12-2017 18:47,17-12-2017 10:19,05-01-2018 00:00
45bfddf12e8fd3de8dbda7b7208ec90e,a1882adbacee1e44d96f0635e70d7b2a,delivered,01-08-2018 19:18,03-08-2018 04:35,03-08-2018 14:33,09-08-2018 13:58,16-08-2018 00:00
c830f223aae08493ebecb52f29aa48ca,af626bcc9c27c08077b02e6d3aa00c36,delivered,22-04-2017 15:50,22-04-2017 16:05,25-04-2017 08:23,05-05-2017 13:27,18-05-2017 00:00
a72c97c2e824d70b13a34ed812529337,e32d47c3c13f1fcb93a32ce60f59e0d8,delivered,09-12-2017 09:29,09-12-2017 12:36,12-12-2017 14:44,28-12-2017 20:37,04-01-2018 00:00
911ac4b6a3d83be295853192aa63fbaa,4a9a0fbfec7f28adc3a7ab9ef3bdef08,delivered,07-10-2017 20:37,07-10-2017 20:49,10-10-2017 13:03,11-10-2017 19:28,25-10-2017 00:00
d873fac825acde118d8302108e56afff,8fc86d31af29c9a6ef80c6c950666adc,delivered,13-07-2017 09:00,14-07-2017 09:05,14-07-2017 17:47,26-07-2017 19:13,16-08-2017 00:00
4bf27cd715a4b7ccb0ea582b5b5fd639,56df3acf6826046c875a51d0db805524,delivered,22-04-2017 18:27,22-04-2017 18:41,27-04-2017 05:37,29-04-2017 11:04,17-05-2017 00:00
5246f33ed41cfa5f5b8f64e7bc8cf0c2,299f7b5125c8fbe1761a1b320c34fc7d,delivered,05-05-2017 08:45,05-05-2017 08:55,10-05-2017 14:43,17-05-2017 15:00,08-06-2017 00:00
250fc7597b92f3bb967c2c0a6bd70e1b,dfadcb615c5579faa9613dde872fa694,delivered,09-09-2017 19:37,09-09-2017 19:50,12-09-2017 18:46,13-09-2017 21:57,21-09-2017 00:00
5739eb8dc1389c46e5ff8fc605a6ba44,ef6ea276070642bfc9f21c5cd9cbdb43,delivered,21-05-2018 19:44,21-05-2018 21:15,22-05-2018 14:16,23-05-2018 16:33,13-06-2018 00:00
9e3239dcd0d89b2b4e9315e93f265c84,94fa5fb873b594639bd9eb8ebb2bbe8a,delivered,16-04-2018 10:16,16-04-2018 10:32,18-04-2018 18:56,03-05-2018 09:46,15-05-2018 00:00
a3de74fbe2db7081a1c0262272cd4283,bf565aadf676f4dd804dd19aa89aba19,delivered,02-05-2017 22:36,03-05-2017 14:22,15-05-2017 07:52,24-05-2017 11:28,06-06-2017 00:00
d2f2458326a050b121e7acd0e3506d8d,b807407e782f3147f465c29dbf75d286,delivered,31-05-2017 11:02,31-05-2017 11:15,02-06-2017 14:42,19-06-2017 21:29,27-06-2017 00:00
b3eb2b2fa446ec1d83a9ccb2dead8871,69fc759c2dd1b4ca51e0ffc8fa632455,delivered,06-05-2018 19:27,07-05-2018 22:34,08-05-2018 13:17,10-05-2018 16:15,24-05-2018 00:00
49b1ad01e0a81bc85a617086103e415d,476a4abbe9551a54f5a9d06bccd2fca5,delivered,24-05-2017 10:11,26-05-2017 02:45,26-05-2017 16:09,12-06-2017 10:29,03-07-2017 00:00
ad982819d59bc6c0fc50e08c0ee19e05,6aee223ad482dc78a0d4fe2f893c203c,delivered,08-12-2017 22:24,08-12-2017 22:36,12-12-2017 15:09,11-01-2018 20:18,17-01-2018 00:00
95fa26b6ea476ed040e592e0a825d6f0,9aad6db5643769b3d802a87328ec31e2,delivered,06-06-2018 13:48,06-06-2018 14:13,06-06-2018 14:02,11-06-2018 16:55,12-07-2018 00:00
8f08b9fbb16d480bcb3c53db1eaf49da,c0cec5fc3063db1248cadc8347e223ab,delivered,28-12-2017 10:54,28-12-2017 11:08,28-12-2017 22:49,29-12-2017 17:27,17-01-2018 00:00
88a01a140aa9a9b29927d71752e9b7cd,d420ffd55c04ab7659d5e02b1ea6e298,delivered,27-02-2018 07:37,27-02-2018 07:47,01-03-2018 15:36,02-03-2018 17:12,13-03-2018 00:00
b2bee079651c0bf6a1a92b39c2dbe5cf,abd052c275218899a215aa3dc9e1494a,delivered,25-08-2018 22:28,27-08-2018 10:44,27-08-2018 14:24,28-08-2018 14:21,03-09-2018 00:00
1913cee0f26c9b117da013a2efd6374f,7089a41f6a02e9b5784c67fbec78e82a,delivered,04-04-2018 12:35,05-04-2018 02:15,05-04-2018 23:31,11-04-2018 14:51,20-04-2018 00:00
6a1dff28da32815c94da401e19d2a7f8,29251d6a551cedc7040b152221744460,delivered,21-03-2017 11:33,21-03-2017 11:33,27-03-2017 14:13,31-03-2017 15:34,13-04-2017 00:00
f3edc8c0a39fd1b01507928af2a47448,0b859d5b44d9d4882ace2e2dc93cc213,delivered,17-05-2017 23:39,17-05-2017 23:50,18-05-2017 14:23,26-05-2017 11:56,12-06-2017 00:00
1c07c0999a3f88b8c1b95e9a07cf5564,b83d1e4c6e630ab8dd058360d47b4c17,delivered,16-07-2018 15:24,16-07-2018 15:40,17-07-2018 14:28,27-07-2018 17:56,01-08-2018 00:00
297a7adc75a9a48c518c7048426b9675,152d5eeccb9cbfd05ed8ab2395a14b66,delivered,15-04-2018 20:12,15-04-2018 20:30,17-04-2018 22:18,24-04-2018 13:13,10-05-2018 00:00
8368e1a19aceeac973a9eff4ac3245cc,271b5cf8d44f5321d8a512c459472fbf,delivered,21-08-2017 00:01,21-08-2017 01:33,24-08-2017 21:12,30-08-2017 17:27,22-09-2017 00:00
afffe744c625af23449137b8f832e630,b48ad91d707041578581aefae1f7c385,delivered,25-02-2018 19:13,25-02-2018 19:27,05-03-2018 18:05,28-03-2018 17:23,23-03-2018 00:00
5e8d0f2f1e06e715aee3eefe4c175e52,743dd95aefb65359afe92a764748251a,delivered,28-11-2017 22:50,28-11-2017 23:10,30-11-2017 21:12,26-12-2017 17:38,19-12-2017 00:00
947ee6ab639791b5711558a7e55cf98e,92a24fa199710ba33bab157e838a86e7,delivered,11-06-2018 22:04,12-06-2018 09:01,18-07-2018 14:02,28-07-2018 16:32,10-08-2018 00:00
d85553b6a0d18ab73d361def4c79d08f,7181fcde3f0ce4dc47a9d1c64ed15b3b,delivered,09-06-2018 12:33,09-06-2018 12:58,11-06-2018 15:36,20-06-2018 18:52,11-07-2018 00:00
bd74c36a843f8560d4b4b2a902dfb22e,5c49d0bcb0f397a3a5dec5512755f848,delivered,23-02-2018 19:28,24-02-2018 19:27,27-02-2018 14:22,03-04-2018 19:28,26-03-2018 00:00
fa2cc48dfd7ce0f97490bb4ab4c98eb2,599eb3fb43b36d43156a5157c94000ee,delivered,22-08-2017 23:46,23-08-2017 00:32,24-08-2017 13:38,25-08-2017 18:06,05-09-2017 00:00
e8ba75632d34b2349d68fd8e37bcf6a4,aff6c1cbd702e9650fba803f5d7dc83c,delivered,11-11-2017 19:36,11-11-2017 19:50,14-11-2017 16:24,21-11-2017 01:54,06-12-2017 00:00
5881ef8fbe92b12cbfbe1a210afd221a,a95304becd09a127c1f2d609e2d6d34f,delivered,12-06-2018 09:56,14-06-2018 02:39,14-06-2018 13:39,18-06-2018 13:07,29-06-2018 00:00
38171cba31c7211ce21559574998ffdd,3b0f5b493b8a54c1298ae4edaa002fb0,delivered,24-11-2017 14:27,24-11-2017 16:33,30-11-2017 19:14,22-12-2017 21:09,19-12-2017 00:00
511c9c59155679bf85e46829de6bf067,8ad4ecbaa69e3b0119cadae300bd88f9,delivered,08-02-2017 11:04,08-02-2017 11:15,10-02-2017 09:18,24-02-2017 13:18,13-03-2017 00:00
a10231eb95955f12c2bbc1e34e25c950,ebc886e9e3226e7da3ccb10bba7c5c4e,delivered,31-01-2017 17:14,31-01-2017 17:25,06-02-2017 10:16,14-02-2017 18:09,07-03-2017 00:00
31ebb964e83b9262b17cf1583a3eb45f,2698695709c21e561e5aedcd0f297a69,delivered,06-03-2018 19:56,06-03-2018 20:10,20-03-2018 01:19,22-03-2018 21:14,03-04-2018 00:00
16dda44df2095f93a8e1390b77c2c048,21b4986e79d2c4215a20b1d560b9c51a,delivered,11-04-2018 10:49,11-04-2018 11:10,16-04-2018 19:36,17-04-2018 19:32,27-04-2018 00:00
c57d8a1fea15380a18f9f81e1096ac9b,2ef4b4c4630ad3c0f379af495307470a,delivered,01-06-2018 23:24,01-06-2018 23:51,04-06-2018 14:00,11-06-2018 19:08,05-07-2018 00:00
652c3ffc10b11f6bb6567b4976d901c6,bf766ad0f00b31ea37a0cd27a0e2b64e,delivered,28-08-2018 10:44,28-08-2018 10:55,28-08-2018 13:54,29-08-2018 20:48,31-08-2018 00:00
a611321b36103c43fd31f578c7c6e459,edfe8350920188f5738ab4ef3af21d62,delivered,11-08-2018 23:28,11-08-2018 23:44,13-08-2018 15:29,18-08-2018 00:22,28-08-2018 00:00
241a57ba96decfbe134f5c84f585f57f,b8426f2cfe27d43ae8077d218a3622ad,delivered,10-11-2017 17:21,10-11-2017 17:35,14-11-2017 16:47,22-11-2017 00:22,01-12-2017 00:00
3a129877493c8189c59c60eb71d97c29,0913cdce793684e52bbfac69d87e91fd,canceled,25-01-2018 13:34,25-01-2018 13:50,26-01-2018 21:42,,23-02-2018 00:00
67ba689f4426cad886c40eaf487258b1,70adc37c97e196449a2b5dd84465c4b3,delivered,11-12-2017 08:19,11-12-2017 08:32,11-12-2017 20:12,20-12-2017 20:29,09-01-2018 00:00
9a7c4a07a4b1d502cdba82f5b60123ab,8df60f4b5c7991242bdbde7c034f2057,delivered,25-01-2018 00:27,25-01-2018 00:38,25-01-2018 23:52,14-02-2018 16:48,02-03-2018 00:00
7d3d0586319a920f50ceec0a5a9eaf55,e46ace8865b4cacb79e81b14663ebeb3,delivered,01-03-2017 16:04,01-03-2017 16:15,02-03-2017 14:18,14-03-2017 09:53,24-03-2017 00:00
0417dce62cd5791d3d0005ca971b2ba7,b0962d2b8c090ec26077939595a5b00a,delivered,19-03-2018 05:02,20-03-2018 03:28,22-03-2018 19:29,06-04-2018 00:29,12-04-2018 00:00
45b0a671da62d1c868294b22b4837dca,790cbac97e71291719b52249d721519f,delivered,22-01-2018 15:35,23-01-2018 15:37,25-01-2018 12:22,18-03-2018 13:58,19-02-2018 00:00
c79a29817509b8122a3b3c3a24414866,d08fb3f54daea61a14946491f8cd4ad2,delivered,11-10-2017 13:57,11-10-2017 14:14,11-10-2017 20:29,17-10-2017 21:47,06-11-2017 00:00
779c166cb7fc9e9827102ea44e43b6c7,b9ba7233b3513f870b7ac3a5e0130234,delivered,10-03-2018 20:50,13-03-2018 03:50,14-03-2018 18:45,27-03-2018 20:47,02-04-2018 00:00
914e96369a010ec52a412b9d6a499e57,4eaea066b56bb518dd5180bfc10c6630,delivered,21-09-2017 15:43,22-09-2017 04:32,22-09-2017 19:53,02-10-2017 19:03,17-10-2017 00:00
a9de753e089dd4dadf7d3efa954e26c5,33d8e7921924c3b75975500363ac32ed,delivered,27-05-2017 03:23,27-05-2017 03:30,30-05-2017 14:31,07-06-2017 13:51,27-06-2017 00:00
8d52f577ba7567489fd16d17e594616d,e773252cc3222d0c3ae7694b271e2e32,delivered,14-03-2018 21:15,14-03-2018 21:28,15-03-2018 16:07,19-03-2018 23:27,02-04-2018 00:00
966d505c98ea667c11343331a5d67722,26b32bdec947c658c37dcfca2859bdf0,delivered,03-08-2017 19:48,05-08-2017 03:03,16-08-2017 19:05,25-08-2017 20:05,01-09-2017 00:00
96baca12064c33aaee05b2a4be3f3f2c,8b9918302ae3090aa6f372883638268f,delivered,13-08-2018 14:16,13-08-2018 15:24,15-08-2018 14:53,17-08-2018 20:58,22-08-2018 00:00
e2366f83c01269762e71b77254a6859c,faf620ef3ae77d18586f3d921d677e18,delivered,20-05-2017 12:41,23-05-2017 04:05,23-05-2017 14:22,02-06-2017 14:27,21-06-2017 00:00
741219cefb77a5c6acbbecafb6d0e6f5,5c7d83fc8f4fb37ef3efb3e08b693137,delivered,30-06-2018 13:24,30-06-2018 13:50,03-07-2018 15:16,20-07-2018 21:13,27-07-2018 00:00
8647ff7e5f9536a33f5e6fd7f2c08d2a,f277efbc37718499302b3e189bde8e35,delivered,02-07-2017 15:00,04-07-2017 04:05,05-07-2017 12:00,12-07-2017 16:12,31-07-2017 00:00
f18f5dcedf8a6caf530bf0cad9937b4f,d48b4e169e5bbf1d2a8a8e74bf4c1f87,delivered,26-02-2018 15:18,27-02-2018 15:15,28-02-2018 22:22,19-03-2018 20:46,05-04-2018 00:00
d8721b9f395286c3b43ff47a250ad40a,00b2b9682f5c2a1f7cf1312ce6a0ea9d,delivered,02-08-2018 22:09,02-08-2018 22:24,03-08-2018 10:29,04-08-2018 13:38,08-08-2018 00:00
4fa1b6d5d3ca98e8def932544cc51b90,c66b45c4e7a46b471b18da7f3f7a2e3b,delivered,11-03-2018 18:52,11-03-2018 19:08,13-03-2018 00:12,14-03-2018 17:26,22-03-2018 00:00
4d81d50f72f166b704ba664c8a1ddbd6,2d143929faefe132157fe22c40f72978,delivered,04-04-2018 10:40,06-04-2018 03:28,09-04-2018 22:51,16-04-2018 22:52,02-05-2018 00:00
3a6be3906d26bffb0ee2c640eb2ac480,f6fae9d4a652ea92e78dbc6956e0c0b8,delivered,23-04-2018 17:41,24-04-2018 18:34,24-04-2018 19:22,27-04-2018 21:44,16-05-2018 00:00
f64dd636875aef9058782fc05a867ec1,68420570763989d8da614b8da4c5c102,delivered,25-10-2017 20:00,25-10-2017 20:14,26-10-2017 18:25,06-11-2017 20:38,22-11-2017 00:00
84d6d9710c8af32b5e88f2d1c14ab871,1099d033c74a027a78c1d26e1de9c8ad,delivered,27-01-2018 22:09,27-01-2018 22:35,02-02-2018 14:44,06-02-2018 19:35,14-02-2018 00:00
08bdbdeaf1626720051193300f93806e,7a3bd3b37285f0ab25983420cbd01f4e,delivered,09-03-2017 16:43,09-03-2017 16:43,10-03-2017 13:06,17-03-2017 07:07,03-04-2017 00:00
86674ccaee19790309333210917b2c7d,1b338293f35549b5e480b9a3d7bbf3cd,delivered,09-08-2018 11:37,09-08-2018 14:35,10-08-2018 14:34,14-08-2018 18:51,22-08-2018 00:00
c6512da3ccb5263223de71b8888d4db1,d6e565ef81b0c1256bf8276040252672,delivered,04-07-2018 11:38,05-07-2018 16:40,04-07-2018 14:29,06-07-2018 17:18,17-07-2018 00:00
ceff6079b4931d865da8fad5286b30a6,e19cb9865a8f3c724df27b3397c68bd2,delivered,18-01-2018 20:07,18-01-2018 20:19,19-01-2018 15:29,25-01-2018 19:03,08-02-2018 00:00
27dc63ff0d925a8edb761ba595e543ef,85e3bad84251738643dbfdc9baa3e535,delivered,26-09-2017 15:15,26-09-2017 15:28,28-09-2017 17:23,29-09-2017 12:21,11-10-2017 00:00
2b8cfbbc8cc119621295c6a6028fa7da,f11a663853dc243e55733d1fb954a8e3,delivered,30-04-2017 11:21,30-04-2017 11:35,03-05-2017 15:15,10-05-2017 13:35,23-05-2017 00:00
b9b690e003beef9acdde2502dfc565e2,c465c80b3a11995fd2890c759421a7df,delivered,30-07-2017 17:48,30-07-2017 18:05,31-07-2017 19:30,03-08-2017 21:35,18-08-2017 00:00
7ca4e50d72a12009d398a335125b4871,0f9863eaf7169595f5a7699580ea5695,delivered,07-02-2017 11:44,07-02-2017 11:55,08-02-2017 11:29,14-02-2017 11:47,16-03-2017 00:00
5e4c365dd3cf7769a88981f408d069d3,15f7712bb12fe27068e5353d14503653,delivered,21-11-2017 21:31,23-11-2017 02:47,28-11-2017 23:33,23-12-2017 16:13,12-12-2017 00:00
3bc5517fcadd466c8f345fef8e529e95,11ce99b70d1025e5fc5e7a9237c529ab,delivered,25-10-2017 10:53,26-10-2017 03:08,27-10-2017 22:58,13-11-2017 19:37,21-11-2017 00:00
d0bec96aad189992b278688279ba1511,f4302056f0c58570522590f8181de2c7,delivered,08-05-2018 21:04,08-05-2018 21:15,10-05-2018 18:29,21-05-2018 13:06,05-06-2018 00:00
906aae501a08de5072a4db9471da01a9,b8db3ed2d28a258de61b1db21e042868,delivered,19-02-2018 22:35,19-02-2018 23:47,21-02-2018 21:45,01-03-2018 14:49,14-03-2018 00:00
ee89958a185022844bd25342c31208bc,59e64c4606d914bfa86bcf280f16bfeb,delivered,10-07-2017 08:38,10-07-2017 08:50,11-07-2017 22:04,17-07-2017 20:07,08-08-2017 00:00
4cf225bc6f9bf421b97987161b23cc57,aff70ffc7417c17ae1c223c119d2a4d7,delivered,09-08-2018 22:38,09-08-2018 22:50,22-08-2018 14:12,27-08-2018 16:41,04-09-2018 00:00
4ad1105e12f275c3475462d6811caf8b,45706797a925907d4ba536fb8c1e909a,delivered,04-10-2017 19:47,06-10-2017 09:39,09-10-2017 20:20,30-10-2017 20:21,31-10-2017 00:00
4091d93f24146cb228adc17dad467e8f,388305bba4b367ce3be7023f6edaeade,delivered,17-07-2018 20:00,17-07-2018 20:15,19-07-2018 12:40,24-07-2018 21:51,03-08-2018 00:00
efb6d19e3c56fa371d59421e45e53a49,e674bf9e1fd5863bbb4c72f95fdba39f,delivered,22-03-2017 09:02,22-03-2017 09:02,22-03-2017 11:29,27-03-2017 14:10,12-04-2017 00:00
105c228ee2f7c9c2a32d22cd2f8c8e69,e62a5e94613727832702b23913c1d649,delivered,22-04-2018 13:03,24-04-2018 18:27,24-04-2018 21:12,25-04-2018 22:14,10-05-2018 00:00
9a45c6dbf2fc4848e0a8883d4efe827c,a455f91b7ce36ac2eee4d8c54a05946c,delivered,21-05-2018 08:20,22-05-2018 07:55,22-05-2018 15:48,04-06-2018 18:06,14-06-2018 00:00
f72c493e7f65e42101baca23c7c2fd90,015bbed5b941c909ebf091ead5eb2a05,delivered,27-07-2017 18:04,27-07-2017 18:23,28-07-2017 17:10,03-08-2017 19:32,18-08-2017 00:00
d51b2f84d150215cc2dedd0b60308876,ef1de028f62249d1a7127ff7287a6f54,delivered,19-02-2018 14:16,19-02-2018 15:00,20-02-2018 19:22,02-03-2018 17:31,14-03-2018 00:00
cee9f1845c95efd83885a0b2f7a22b83,4d47b7a61cf3d32d4ec12b531a57539b,delivered,29-07-2018 12:47,01-08-2018 16:31,31-07-2018 15:00,03-08-2018 18:20,10-08-2018 00:00
4b80b55b32a3549ec05578e46a0f4021,c4184e264c25f060e2022b22c098ab18,delivered,12-08-2018 15:54,13-08-2018 15:50,14-08-2018 15:25,22-08-2018 22:04,20-08-2018 00:00
27b47ff9a743a8a7404a2f8c1037dec6,826c02f105be443173bcffb209476da7,delivered,17-02-2017 19:52,18-02-2017 19:55,20-02-2017 06:43,08-03-2017 12:14,30-03-2017 00:00
a7737f6d9208dd56ea498a322ed3c37f,3c18db09bbaf1ef66e568bc610fc3e9f,delivered,23-10-2017 23:35,23-10-2017 23:49,26-10-2017 18:34,06-11-2017 18:33,16-11-2017 00:00
62299c8f38bd519b17ca538c3232004b,12097fd2d4e0e9dd4fe1dff039f63b70,delivered,09-07-2017 23:32,09-07-2017 23:43,12-07-2017 18:27,14-07-2017 17:47,31-07-2017 00:00
0d17a5f9272e9cf9e9883f404fc61edf,3702c8f6ec51b4c67a7c73594f30fafe,delivered,06-04-2018 09:04,06-04-2018 09:15,07-04-2018 01:16,09-04-2018 15:38,23-04-2018 00:00
6dab6db52d5bc33fff997ca478ef2f5c,b83ce55fac1144714d63a72e62ed51e7,delivered,12-04-2017 11:02,13-04-2017 02:45,13-04-2017 16:49,09-05-2017 06:35,16-05-2017 00:00
e5858127da61f07285827883e605254b,bcd15e6f5399f2899de4482cf6783dae,delivered,21-06-2018 15:42,21-06-2018 16:00,22-06-2018 15:23,25-06-2018 14:28,13-07-2018 00:00
31570df15e703d337b7b8a1d1ddcab6b,f94b42a1fbdacb6be65b3f64cd68ce5f,delivered,20-10-2017 14:00,21-10-2017 09:49,24-10-2017 21:04,06-11-2017 18:22,16-11-2017 00:00
ad133696906f6a78826daa0911b7daec,e6f5b234bb0d847f10eebd70130c5d49,delivered,15-06-2018 15:41,15-06-2018 16:19,15-06-2018 14:52,22-06-2018 18:09,18-07-2018 00:00
1342ab50383d7471a3bfd75ca93d38d6,a31f3b93bfe2d5bd18745603e3e537c5,delivered,23-08-2018 14:56,23-08-2018 15:45,24-08-2018 11:59,30-08-2018 15:06,31-08-2018 00:00
1cd4fb5e05e05b44a8a827fd5187095c,40b2c0070ab6f34ad350cbfb37d7a64b,delivered,13-01-2018 17:59,13-01-2018 18:09,15-01-2018 21:12,02-02-2018 23:33,14-02-2018 00:00
b760d6b613bc2bca107e3c852501e649,7cab83679b4b4b94a7783cddb27224f2,delivered,31-01-2018 20:45,31-01-2018 21:09,16-02-2018 19:28,25-02-2018 15:33,05-03-2018 00:00
56a9371475e5344f96ca0933a17215ea,a31d81182a35974e456ae872e2fd62bb,delivered,29-04-2018 15:13,29-04-2018 15:34,30-04-2018 12:10,07-05-2018 18:51,24-05-2018 00:00
564a38ee15a841a89a3e5c64fc8c0ce6,e200b9823371b1da02a7ac74702a1f3a,delivered,30-08-2017 17:49,30-08-2017 18:07,31-08-2017 14:26,06-09-2017 22:42,21-09-2017 00:00
19e234aee52e37132b0b4fcfb8465f88,9801a1119c91032c99a15a846d4f5aa0,delivered,04-06-2018 22:44,04-06-2018 23:10,06-06-2018 13:12,12-06-2018 19:03,05-07-2018 00:00
798b9fc552a89606eb4d38b1f8a4760e,3c2317ef8102b203b9857304ca808858,delivered,06-06-2017 11:40,06-06-2017 11:50,09-06-2017 11:56,26-06-2017 13:29,13-07-2017 00:00
a58d74cd27d1a011ef6d4876466cee70,5b79686b44ff3de0d593d16b9e98484e,delivered,01-04-2018 13:54,01-04-2018 14:07,03-04-2018 19:44,12-04-2018 21:12,23-04-2018 00:00
511da260161b881c22b3608bed0044e5,976413d083d598716701e20d0cd9d56b,delivered,27-08-2017 20:44,29-08-2017 04:50,29-08-2017 18:26,14-09-2017 23:00,03-10-2017 00:00
34c194055d9ef88a32906284191174df,af86c43027ee9c1f73233d9d55783c00,delivered,08-04-2017 13:01,08-04-2017 14:05,10-04-2017 10:41,12-04-2017 10:26,04-05-2017 00:00
c46deef64dc8913af348b596ff4fc40d,485e5344b94b80fc5ed918cc14a7414e,delivered,11-12-2017 12:49,11-12-2017 12:58,18-12-2017 19:18,04-01-2018 11:25,28-12-2017 00:00
72bd19ef4fa285334b95bda01a3718c7,df0aa5b8586495e0ddf6b601122e43a1,delivered,09-05-2018 13:01,09-05-2018 13:11,11-05-2018 14:03,16-05-2018 16:58,25-05-2018 00:00
db65bf4cccb652a88bf890bd8a69cdc8,a3fd85d47dab4959cc2103f846c3de65,delivered,23-02-2018 20:39,24-02-2018 14:50,26-02-2018 19:08,02-04-2018 19:38,03-04-2018 00:00
9b4d44f88d31a9b5149bba90b6fb7b7d,36ab33aeafca98cf78d91fecb98faf0d,delivered,27-11-2017 11:07,27-11-2017 11:19,29-11-2017 00:07,05-12-2017 20:40,29-12-2017 00:00
74016effecaa79d592487f6a4ee47d4b,6cf4840b6dfe102270032fca98880fc2,delivered,18-02-2017 10:39,18-02-2017 10:50,07-03-2017 15:19,21-03-2017 08:37,21-03-2017 00:00
7f63d30a32c2ef0e63febfbc91b9a132,9f258623281e8e6c74463a67f640c4c5,delivered,11-01-2018 22:57,11-01-2018 23:10,12-01-2018 21:41,30-01-2018 17:28,01-02-2018 00:00
8187896518689722d7c05bfbaeed0933,c499f24d5aca03c90fa6ee05d32d0988,delivered,29-11-2017 14:11,01-12-2017 11:31,01-12-2017 18:11,26-12-2017 19:22,22-12-2017 00:00
d74283a9b897322afe09916280aca43f,ab03bccde4f2b55784632db691ee3fab,delivered,17-05-2018 19:06,18-05-2018 00:55,18-05-2018 15:09,23-05-2018 14:25,01-06-2018 00:00
00b1cb0320190ca0daa2c88b35206009,3532ba38a3fd242259a514ac2b6ae6b6,canceled,28-08-2018 15:26,,,,12-09-2018 00:00
845f40ca6f1b315562f20fd125f93330,a8d44d89ce95add58cf1e8a2f41304a0,delivered,01-07-2018 22:27,01-07-2018 22:49,02-07-2018 14:24,06-07-2018 17:57,31-07-2018 00:00
7032fb16c3a9d982c9aa86f47cefdd3e,d946aedc7ae05f2259b2c2f9342e6272,delivered,02-04-2018 10:08,03-04-2018 05:08,04-04-2018 17:13,05-04-2018 18:20,12-04-2018 00:00
b98a5e1f2c386eb67df00a633c98848e,56fa5b86733fcb9203489a4b36c6c73f,delivered,09-10-2017 15:55,09-10-2017 16:14,10-10-2017 15:50,11-10-2017 16:52,23-10-2017 00:00
9e6bc602a2466daa94736f31d1319c5d,8338cddb98bbda6167cbec66540a8942,delivered,26-05-2018 17:57,26-05-2018 18:17,30-05-2018 13:12,04-06-2018 22:35,29-06-2018 00:00
511629b91fcfb73e2e7ee747102a9ffd,9ccdd15c9060a6ea0d5f0abbb7324022,delivered,19-01-2018 11:57,19-01-2018 12:16,19-01-2018 21:06,24-01-2018 12:08,09-02-2018 00:00
689624d719c9fffa2c4ff8f71da712e4,62bb7754e891d448d845fec3cfaf1483,delivered,28-03-2018 19:30,28-03-2018 19:48,02-04-2018 17:13,09-04-2018 19:11,27-04-2018 00:00
e2e8773d11f4499f15349b8f613350a0,b12b0e2d548eb838e2ff04eb9358c293,delivered,24-02-2017 15:13,24-02-2017 15:22,03-03-2017 08:15,07-03-2017 10:27,17-03-2017 00:00
ec9b762e44b1848fb62eab0de58e8abf,41712835c53897cb2647acd1022588dd,delivered,02-08-2018 14:43,04-08-2018 04:11,07-08-2018 10:34,11-08-2018 20:24,13-08-2018 00:00
0cce1e1470bc8d35d6a2bebb6991bc1b,6561ef6306e6369b42177e51ddcc35ef,delivered,03-08-2018 13:37,03-08-2018 13:50,07-08-2018 13:37,16-08-2018 21:03,31-08-2018 00:00
4c342c53eed805e5712a130cccf665ee,fa3b701e87d5470f0caa38474274f11f,delivered,04-10-2017 21:45,06-10-2017 02:25,06-10-2017 19:28,17-10-2017 20:47,06-11-2017 00:00
fdd770b5f85e6ce0b1b549e331d424f5,cee874c9e449571c0663ade1be67d070,delivered,20-06-2018 22:53,21-06-2018 01:17,22-06-2018 13:57,03-07-2018 22:08,20-07-2018 00:00
43439c4b45b39d5a7d27a31d6cebe43c,8bac5a019b1653cad759a1e8b64e580b,delivered,06-01-2018 16:26,09-01-2018 07:16,10-01-2018 15:24,26-01-2018 21:55,08-02-2018 00:00
936a3fe5b1a1e04018a9c33a62c73ad7,438843431aab8910d758e33a5b972f8e,delivered,25-03-2018 00:57,25-03-2018 01:10,28-03-2018 16:07,03-04-2018 17:42,16-04-2018 00:00
f62e6208120b502c087a5bbd9b2567e4,48430ed054d8d4f37f6ee4f17bb2d920,delivered,16-08-2017 16:32,16-08-2017 17:50,18-08-2017 13:24,24-08-2017 20:52,13-09-2017 00:00
3ff220e93d03aad9bb6767d90ac0e846,ba827769097443c480330d84fad09494,delivered,14-01-2018 22:48,14-01-2018 22:59,15-01-2018 16:03,23-01-2018 18:13,07-02-2018 00:00
7b6a7a66fce3298e019fa8bd99a7d4ff,ce8bb2a8b394a2e1ff263be5e3a44d65,delivered,19-11-2017 13:23,19-11-2017 13:35,21-11-2017 16:51,24-11-2017 17:46,01-12-2017 00:00
d288e92a6be123f2e77f34fafd902464,2be831e199cd5308b6e3ab6f36718526,delivered,25-11-2017 00:22,25-11-2017 03:11,27-11-2017 23:08,30-11-2017 20:55,11-12-2017 00:00
61460b6c5d52b8e307108f5412907a1c,b4211f38ade936b62d702e56ec4068da,delivered,21-11-2017 15:27,21-11-2017 15:36,23-11-2017 16:11,24-11-2017 22:33,04-12-2017 00:00
103555765443ee9231d96d107b9f19ae,c9d5ad5e1bac861b42f3fe9af8c1448b,delivered,26-01-2018 16:15,26-01-2018 16:34,30-01-2018 14:06,31-01-2018 21:12,09-02-2018 00:00
f7c061a1028ca02063801272ba6297f2,5fda6f4e454fb946126e9aaffe44739a,delivered,10-06-2018 20:41,10-06-2018 20:57,11-06-2018 13:24,16-06-2018 17:02,28-06-2018 00:00
3a25cded45c3f7fe9dee01dceed4a97a,277920f3429fff255e648c241b5447b1,delivered,26-11-2017 21:21,26-11-2017 21:33,28-11-2017 12:44,12-12-2017 18:32,26-12-2017 00:00
3faea9ccc65ef88c63119314772b5598,0f2ce860d58a0af36c83ac27a7b127fb,delivered,17-06-2017 08:57,17-06-2017 09:05,20-06-2017 15:30,26-06-2017 13:06,03-07-2017 00:00
8bb0e358b3866146681505153a180c4f,15595427948a23e4ac9abeaae54f9f31,delivered,11-06-2017 16:02,11-06-2017 16:40,12-06-2017 09:45,26-06-2017 16:22,19-07-2017 00:00
a64f82f41fc81e3678647332227ab689,0f51776dbb5a1682a394339eb85decf7,delivered,14-07-2017 11:27,14-07-2017 11:44,17-07-2017 17:19,21-07-2017 17:04,08-08-2017 00:00
64834bc188a370357ed08e9eabe5f92e,7f34b35a198ead098d27d13705f084e2,delivered,15-08-2018 22:13,16-08-2018 22:10,22-08-2018 09:08,28-08-2018 22:48,14-09-2018 00:00
f645bae2cdb36f1fd4b912724fd610a4,8c0e35584a0e33e799e4c9113a8d80cc,delivered,25-07-2018 10:10,25-07-2018 10:25,26-07-2018 09:16,03-08-2018 20:32,08-08-2018 00:00
b48b62e1c4a6ba9d0590ea31dc623235,63e940c343435c829ce63950da558d7d,delivered,12-06-2018 13:42,12-06-2018 14:05,13-06-2018 12:07,21-06-2018 16:44,04-07-2018 00:00
08d55c0e173bdfa5770a50a253b1810f,ae5c099e4280d1e1623790fc42494309,delivered,27-06-2017 10:44,27-06-2017 11:04,30-06-2017 06:07,06-07-2017 14:53,19-07-2017 00:00
c774090f7e672d0718f1ea7e9a3a8590,6b3d95268023f35b096811b8834a3d03,delivered,06-07-2017 20:25,06-07-2017 20:43,07-07-2017 07:23,14-07-2017 16:42,02-08-2017 00:00
2f634e2cebf8c0283e7ef0989f77d217,7353b0fb8e8d9675e3a704c60ca44ebe,unavailable,27-09-2017 20:55,28-09-2017 01:32,,,27-10-2017 00:00
e2eb25bad1122ea7060e7e1b97feea74,ef115244104b1f97ef5710a0441cab4d,delivered,15-01-2018 14:12,15-01-2018 14:30,19-01-2018 12:38,30-01-2018 15:33,14-02-2018 00:00
154f3e62bb635300cf9a1d6c4940636d,231033b8c1945ce24e11e3db60faf48e,delivered,02-06-2018 00:36,02-06-2018 00:52,04-06-2018 15:21,08-06-2018 18:15,05-07-2018 00:00
1d6a2a632c284f1c4fd53baf9e705693,a06cdf060608a4a80705bf5860bc8f58,delivered,29-03-2018 13:40,31-03-2018 09:15,05-04-2018 00:04,09-04-2018 22:42,03-05-2018 00:00
4aae1a10a22651fe5b76379eb4b34d12,55be46c8eddc7c5709f497060094f66d,delivered,13-05-2018 00:03,13-05-2018 00:15,15-05-2018 13:57,05-06-2018 17:08,04-06-2018 00:00
e849e2829de302019ae8bd9924055171,de4c2b462c44197b26b6e596865da44c,delivered,16-05-2018 12:43,17-05-2018 03:16,17-05-2018 13:55,06-06-2018 22:33,12-06-2018 00:00
bf9ff7bda0e211e564cf059ef5649e4e,25bd150ede65776445aa57a87edeb980,delivered,12-06-2018 15:56,12-06-2018 16:32,22-06-2018 20:15,28-06-2018 13:17,19-07-2018 00:00
c0fcc74d37e499bd4f73ddca4ffb9a64,adba3dd15f1dde0300416deaf8370c4a,delivered,11-05-2018 13:51,11-05-2018 14:16,16-05-2018 06:34,21-05-2018 20:33,04-06-2018 00:00
8692f02bfa6e672dc1feec8381f8127e,0c5c8c5d9a4416010c6174ee6d8c59cb,delivered,17-08-2018 14:10,17-08-2018 14:47,20-08-2018 13:48,27-08-2018 17:27,28-08-2018 00:00
ad1ffca90f5325d0f320f2b0f54eb114,535ad20edf8f32252bb8c7786f18df1e,delivered,24-11-2017 16:40,26-11-2017 17:16,13-12-2017 19:35,29-12-2017 14:38,04-01-2018 00:00
d47849b6270308431459122a2750535b,8541c0582891ea72a5d4ebf29ff85794,delivered,25-09-2017 18:54,25-09-2017 19:10,27-09-2017 15:38,03-10-2017 18:32,23-10-2017 00:00
49afa8bc01b5b6aa01e875a0785cc7bf,02502a29041f75b4982896ed8ca6e736,delivered,10-06-2018 19:01,11-06-2018 09:12,11-06-2018 13:45,22-06-2018 14:22,12-07-2018 00:00
1d0acbd3a21cb00b1cede4db748fa0b1,42e6dab95c5c9ff9067a6d954ccdcfbe,delivered,01-09-2017 22:52,01-09-2017 23:10,06-09-2017 19:06,15-09-2017 15:43,26-09-2017 00:00
81b3ad9d86770e51048835a0f288b162,393337d78fbbb29b0418db20ac54bae8,delivered,09-06-2018 10:09,12-06-2018 07:57,12-06-2018 13:25,26-06-2018 00:27,03-07-2018 00:00
5e479fe6d021c55b96aa4799e9046634,690d9e177e7d2a54b8d4ad4c08d2b6a4,delivered,21-03-2018 10:18,21-03-2018 10:30,22-03-2018 00:52,23-03-2018 21:52,04-04-2018 00:00
c4abf2eb2ea936ee6fc6e630b152fb77,d7314e9d240737da330e0f83ac4bd257,shipped,09-03-2017 20:50,09-03-2017 20:50,14-03-2017 10:01,,03-04-2017 00:00
3860898db238028285b1e05b5ab31238,2fb25213583070dd575f4d64ceb760d4,delivered,19-07-2018 08:45,19-07-2018 08:55,19-07-2018 14:45,24-07-2018 23:08,08-08-2018 00:00
4254f084673c8b5d85ad824fae3aa522,dc0617ac29c280d79e4e2930274342ed,delivered,11-08-2017 21:01,12-08-2017 20:55,16-08-2017 19:09,17-08-2017 17:51,25-08-2017 00:00
99c0817d6ecd5fe55d21540917f1f5f9,9ec73448134f871bc7bdfdfd444813eb,delivered,26-01-2017 11:51,26-01-2017 12:02,26-01-2017 12:33,01-02-2017 12:14,06-03-2017 00:00
67d8f4eb477222d7b5b81daa8e007bdd,fb591f7ec5d9419e5a7de2353a87f06b,delivered,10-05-2018 11:15,10-05-2018 11:51,11-05-2018 09:41,16-05-2018 16:36,24-05-2018 00:00
6082358a7c7ac731b66ba978a6bb4442,74cba9ad182f87192847d942abdd259d,delivered,28-06-2018 12:22,28-06-2018 12:35,03-07-2018 13:25,11-07-2018 13:48,26-07-2018 00:00
61f4d740ca1d5469d7aeb49f65719f3f,61bb85d582b5ccd1865eda014f0825c7,delivered,03-08-2018 19:03,03-08-2018 19:15,06-08-2018 14:51,07-08-2018 14:57,08-08-2018 00:00
9115302ab0ba4c1f3499709b47bd00a1,123d6a7316b4ab48074d72948fd412da,delivered,03-11-2017 10:57,03-11-2017 11:10,06-11-2017 21:15,16-11-2017 13:58,24-11-2017 00:00
114b8cdf01e21ff5631995283f233d67,cb19b8f038fca823ee236d2b4cb2c4c1,delivered,22-10-2017 18:16,22-10-2017 18:28,25-10-2017 18:57,07-11-2017 19:57,21-11-2017 00:00
1d554a2374156f36bdb7e0e6dbcad2d0,7c5e43a858e70710d676a6f70d4f02aa,delivered,19-07-2018 17:24,19-07-2018 17:43,27-07-2018 14:04,02-08-2018 00:17,06-08-2018 00:00
8afe6304c5643864e2b19153a205ae5e,074d070b1ed0835cb29a609475f41fcb,delivered,31-01-2018 18:29,01-02-2018 02:52,07-02-2018 23:55,14-02-2018 19:48,16-02-2018 00:00
33cfd07a622a67d9cd660aa9177b909f,bab96d089beddb1b1823284d30825a56,delivered,12-04-2018 12:37,13-04-2018 12:50,16-04-2018 20:12,18-04-2018 20:22,30-04-2018 00:00
1ac4c8f4bb93ff8b5f87ff821298a59b,2680dc46f78c878b1276273e01432bac,delivered,27-07-2018 13:32,31-07-2018 04:10,01-08-2018 10:38,06-08-2018 22:49,10-08-2018 00:00
5039c86e0392fa512d40a377555e64c3,48b660b079942ad4f15f884ef1a16871,delivered,03-03-2017 00:14,07-03-2017 04:15,07-03-2017 09:51,20-03-2017 09:48,22-03-2017 00:00
062d3e3b803bd3e569cf8c165602f8f4,84d818ae645c84264965bc603b1d173f,delivered,25-06-2018 17:26,25-06-2018 17:57,26-06-2018 11:28,05-07-2018 17:28,26-07-2018 00:00
8c62c4d7adc71858b6b2751c0e3b96e8,8183bc209961160c9462b9007e7ae910,delivered,07-05-2018 22:38,07-05-2018 22:52,09-05-2018 11:21,16-05-2018 15:58,28-05-2018 00:00
89b5845c9341e01e139bfc80ad813feb,294f9b2dd014db206f3af9ecdc0dee53,delivered,01-10-2017 22:30,01-10-2017 22:56,02-10-2017 12:29,09-10-2017 19:00,10-11-2017 00:00
745e1d4a7f8c4b548881788d4113bb1d,7198d7088442e4ddfe553353d8ddc957,processing,17-11-2017 06:34,18-11-2017 02:15,,,12-12-2017 00:00
5108acfe22756c07a696f4ff210790a8,b8245bf3278e6f2d8144c2b23a0b424c,delivered,20-05-2018 21:48,20-05-2018 22:18,21-05-2018 14:24,22-05-2018 15:13,05-06-2018 00:00
0e7ad202878ea453373e3ef15835ea33,8422c35d03577f94c15a4eed5504e09b,delivered,05-03-2018 08:58,05-03-2018 09:10,06-03-2018 20:14,16-03-2018 16:18,28-03-2018 00:00
fc6b29ae668f5c526464fcd19d62efba,9dc4634838a5ef569c6f8869c55f6dcc,delivered,13-10-2017 11:59,13-10-2017 12:14,17-10-2017 16:23,25-10-2017 17:47,06-11-2017 00:00
11921adcbd013757ba6f287c03929bb4,2ac7740a46d83856d2c51372f27c1d03,delivered,27-04-2018 01:41,27-04-2018 01:55,28-04-2018 07:58,10-05-2018 20:22,25-05-2018 00:00
42c99d4e378b852657e71d810ef1858c,13ab4c98a7678b10d69118bb719e57c9,delivered,28-11-2017 14:56,28-11-2017 15:18,30-11-2017 19:51,22-12-2017 00:14,21-12-2017 00:00
38dcebae9b5bd88cd2acd6f8f787336d,66a54b482c7228155b832e63722b6f86,delivered,09-10-2017 10:58,09-10-2017 22:26,13-10-2017 13:58,24-10-2017 19:53,10-11-2017 00:00
4ceb9336411700f9568db2ef11bda594,60582a6628af83a283474d8c94e3ff7a,delivered,19-01-2017 22:41,19-01-2017 22:55,20-01-2017 16:27,26-01-2017 13:57,17-02-2017 00:00
f4f88d0fded20ff7a60fb80ccdd533d2,b891f5d42cbbd6d0d2e82eda1b48658c,delivered,04-08-2018 22:18,06-08-2018 08:44,15-08-2018 09:16,20-08-2018 23:25,20-08-2018 00:00
ee64f23a1a4a4ec65bf0295652f91d5a,03c55d79b75dda6cb2a2f1568708a446,delivered,27-06-2017 22:14,27-06-2017 22:31,28-06-2017 14:57,03-07-2017 15:52,21-07-2017 00:00
695e141b92a0f2bc8a7bff7d621692ed,0e9c3be1592c050d343700ba21b7f806,delivered,12-05-2018 12:33,15-05-2018 03:55,15-05-2018 13:50,21-05-2018 17:08,29-05-2018 00:00
e2b405a4cccf1e66eb8d2b73a4bba700,6af12e8e6fdd92d3e49abf9eac301d63,delivered,02-06-2018 09:23,02-06-2018 09:35,04-07-2018 06:38,09-07-2018 18:51,26-07-2018 00:00
6b82527b954e1c022661d8827cd5ff2f,0893dbf96f705f3a68f0212b3d2cdec4,delivered,06-01-2018 10:44,06-01-2018 10:51,08-01-2018 22:19,11-01-2018 15:39,14-02-2018 00:00
c94206a6d6698d5852b7e9e14bdc2e79,0881e1574aa6b621c551a421297af5b8,delivered,25-06-2018 12:06,25-06-2018 12:15,28-06-2018 13:57,29-06-2018 19:24,05-07-2018 00:00
2640506a4584f571430195e2fa215406,38f63d5e41d4edd85614e2297502aec8,delivered,01-09-2017 15:33,01-09-2017 15:45,06-09-2017 19:49,27-09-2017 18:25,27-09-2017 00:00
e1ccac2f83d9ae0c22cd16e9573c3f5c,d3d7dd13a66c2d1362de5251fdbebef2,delivered,16-01-2018 17:55,16-01-2018 18:12,19-01-2018 01:22,25-01-2018 12:44,08-02-2018 00:00
e16a85342c3b94f91ab4233c71168786,0b0e95b0351bae7addd465ea17e4e4d9,delivered,19-06-2018 19:32,19-06-2018 20:16,20-06-2018 08:10,26-06-2018 22:06,17-07-2018 00:00
5e5c29987bbb83ed38c9b25a753f978f,65060b85a336b487c0fe7d42d64b3b99,delivered,29-05-2017 10:01,29-05-2017 10:10,29-05-2017 14:47,31-05-2017 13:35,21-06-2017 00:00
0d7839b143597f84b086c444ef9ebbe4,6ad62864f75d24638cab4e7bcdd9972a,delivered,13-06-2018 19:47,15-06-2018 02:17,15-06-2018 11:03,20-06-2018 18:48,04-07-2018 00:00
2ba9fa7ab61d7528fd77a35c436e7bff,42ebb2540882b272d9e0e452e2464e7e,delivered,18-02-2018 21:43,18-02-2018 22:46,20-02-2018 01:36,08-03-2018 18:48,12-03-2018 00:00
fc302964719b32d2f8512770e87ff7fd,ed0031841a4c57502d36d9460a7e23e2,delivered,11-01-2018 21:34,13-01-2018 02:08,20-01-2018 01:07,24-01-2018 16:02,09-02-2018 00:00
5d3459c901e4e1e7b9dd18e09e498131,1fb576ee9524811fa8c09e5c9b6c39ce,delivered,22-08-2018 00:51,22-08-2018 01:05,22-08-2018 14:01,29-08-2018 23:12,03-09-2018 00:00
0fe8aad910ff05e73b0ddb0a89e61b21,100a8d4dd80b65dc63ffb17fdd39ba28,delivered,01-07-2018 20:11,05-07-2018 16:02,03-07-2018 10:21,06-07-2018 18:41,26-07-2018 00:00
eca3005a4f60ceb77b67a30b74095ddf,faacaffc169c559921845134ab5c59cd,delivered,26-07-2017 09:09,26-07-2017 09:22,31-07-2017 13:12,01-08-2017 15:07,08-08-2017 00:00
18bb4acb90913593d37049c601660009,591cb16ea1a6d8f7eebd0a349593bea2,delivered,01-05-2018 09:25,01-05-2018 09:56,07-05-2018 15:12,18-05-2018 21:34,07-06-2018 00:00
07a0bc58f3b841724c5b8c649da441d5,b70e717fe0599c3bf2f69725b26fdf8e,delivered,17-01-2018 16:44,17-01-2018 16:52,25-01-2018 15:39,06-02-2018 19:16,19-02-2018 00:00
1431ee47e31c27528b8ae56b66689afc,5e43c982ccb91984104e2aaaa062e652,delivered,09-08-2017 18:20,11-08-2017 16:15,14-08-2017 14:35,15-08-2017 22:29,24-08-2017 00:00
b41c4ee949f1983669e38db1f364b73b,e67100bdd7919f11bbaa485e741c48e8,delivered,16-01-2018 21:29,16-01-2018 21:38,19-01-2018 19:09,26-01-2018 20:21,14-02-2018 00:00
e0c8a0e62ecd027577c1cfdb38c8f1ee,c77d0b043f408944f858efe328a82738,delivered,14-07-2017 10:38,14-07-2017 10:50,17-07-2017 14:49,26-07-2017 13:33,09-08-2017 00:00
be9544c2dfb58675d21a0a735fa1d32a,b0e4880c9456f938411b2aa2bc09aa57,delivered,21-07-2017 07:31,21-07-2017 07:42,25-07-2017 22:11,21-08-2017 22:09,29-08-2017 00:00
731397db58924330b01248c031dc6281,02f0bc4b5ee293031637b7e8d75a5484,delivered,03-06-2018 18:15,03-06-2018 18:31,04-06-2018 18:11,10-06-2018 16:28,05-07-2018 00:00
59dba471cbd7e791c3bb0d83aa705c49,c6de1ceaec9afb41c51b618211d9f118,delivered,04-07-2018 17:15,05-07-2018 16:33,05-07-2018 12:46,07-07-2018 12:52,17-07-2018 00:00
797b565b282c371004d602d05ae7d3b2,fb6f154449a5398e2ff6ad8d8c6df862,delivered,29-10-2017 23:11,29-10-2017 23:25,31-10-2017 15:03,16-11-2017 17:58,30-11-2017 00:00
1e90a410c4be85320d64e5a0cbed9291,7861afc49adafbe05db500f9d1ab534a,delivered,14-06-2017 19:49,14-06-2017 20:05,19-06-2017 20:14,23-06-2017 09:12,07-07-2017 00:00
6f54535f38d19e0833f980e4604081a3,c6227a9291e7e9a4fe69b48356d4b38d,delivered,05-08-2017 07:34,05-08-2017 07:45,07-08-2017 18:27,18-08-2017 16:53,11-09-2017 00:00
92ba7c89244ceee45a169b86da9fcada,92ac000d2f928f22b64ae50dc34f652f,delivered,06-06-2018 15:11,06-06-2018 15:34,07-06-2018 11:19,11-06-2018 20:33,12-07-2018 00:00
0ef89e47a5078a9e54a080d5fa8c9109,4b4be2256ef77aecee551a7a665a7108,delivered,08-03-2018 12:51,09-03-2018 12:48,10-03-2018 00:21,09-04-2018 22:22,28-03-2018 00:00
9a65fd6f0966e358fbae4d1b54f73ccd,63610193234eccd8f1c33dfc050a1b4b,delivered,05-05-2017 22:10,06-05-2017 02:22,09-05-2017 08:08,15-05-2017 17:12,05-06-2017 00:00
0cb25b24a27e27dd18273360995e99f4,b03b8bf457533ef245fd5fa2681732d0,delivered,23-07-2018 14:37,23-07-2018 16:00,24-07-2018 13:28,25-07-2018 23:36,02-08-2018 00:00
92d1d8203d3deb0f8b536250763d8bca,b74f0b9f1edb86da06a9c032d80fd1e8,delivered,11-08-2018 16:39,12-08-2018 16:35,13-08-2018 09:08,14-08-2018 18:28,20-08-2018 00:00
595f598849d89203c28d05d0fbf3f92e,cefab390926b6fc3de3ca94c82ebb1ba,delivered,25-09-2017 16:38,25-09-2017 17:10,27-09-2017 17:09,02-10-2017 20:55,19-10-2017 00:00
f45cb38ce99572f3f71de38bebeee589,7b4205ad0699f380983dfbd2f26f67e0,delivered,21-02-2018 14:54,21-02-2018 15:09,27-02-2018 16:19,08-03-2018 14:10,16-03-2018 00:00
23b0f3febe2a61dfb83ff0ede848d53e,dca34bd8bd2a65a5344e000b1c730937,delivered,11-03-2018 14:33,11-03-2018 14:50,12-03-2018 22:56,29-03-2018 19:58,12-04-2018 00:00
3ecb666eda6d2ebb9348dfc65c32252c,272abefcdb7e7438a251e6c92f1d5873,delivered,07-01-2018 19:59,07-01-2018 20:09,09-01-2018 17:23,03-02-2018 14:14,05-02-2018 00:00
6a5f34bb72296c7b4f4a68b6d742d390,2293c004fae6dedf12d1ab452f89f4b9,delivered,17-07-2018 10:34,17-07-2018 10:45,17-07-2018 14:36,23-07-2018 14:28,03-08-2018 00:00
e8b79ed0b3aa49f3a28b6939a3db249f,1bb3950ed1e67c9b3dbd7d7cd32cbff5,delivered,19-01-2018 17:38,19-01-2018 17:57,22-01-2018 23:18,02-02-2018 20:13,14-02-2018 00:00
af9ce0d4f36308fcf461b3f497c24bcb,690834a6694434cfb474ee30305154f4,delivered,15-03-2018 09:38,15-03-2018 09:50,21-03-2018 19:26,28-03-2018 21:12,27-03-2018 00:00
639b603f09b7050c96e56cd03703437b,e4e7850c6c310f0ae9d0abbe26b075e3,delivered,01-05-2017 15:01,01-05-2017 15:15,04-05-2017 12:02,16-05-2017 05:37,23-05-2017 00:00
e82a48563b753b7df504aba7e01f9faf,bb2c348088e3c1e8d0a922796243a460,delivered,09-02-2018 21:00,09-02-2018 21:15,16-02-2018 00:22,05-03-2018 22:37,02-03-2018 00:00
81f2ee7669eee05b13906d24d43ebc69,7b0fc6ecc532642ffce9a191715e3faf,delivered,03-04-2018 09:40,03-04-2018 10:28,05-04-2018 22:31,01-06-2018 19:56,13-04-2018 00:00
0a0e7f9881dffec612b28e2682242574,2df6fa407bea6af2e165b3dc8355d382,delivered,22-02-2018 09:09,23-02-2018 02:15,27-02-2018 13:13,18-03-2018 18:46,22-03-2018 00:00
f7851f9eb3d5ff0bee53bae976c77c8c,e1ab4ef68ece8b47262868ad281707ea,delivered,28-03-2017 05:56,30-03-2017 02:16,31-03-2017 07:56,06-04-2017 12:42,17-04-2017 00:00
bef901b8ca3d5b75c2031cbd303e88cc,97f0b42943a89b0d5af2e2924481a1b4,delivered,06-12-2017 23:15,08-12-2017 02:54,11-12-2017 11:32,17-12-2017 18:23,04-01-2018 00:00
15ade2c7daaa01c998220a2035dd43dd,9d9e0a32046baab34af9079307a57062,delivered,20-07-2018 21:19,20-07-2018 21:30,23-07-2018 15:31,26-07-2018 21:38,13-08-2018 00:00
7dbad9087d339419eb06d86950842742,aa738cdb72af39e38482fa25b992c67c,delivered,09-03-2018 19:41,13-03-2018 04:30,16-03-2018 20:42,19-04-2018 00:44,12-04-2018 00:00
164f61f77f7f2a8c90a1e382606d53ba,7b97118bf4df712989568f4b46c0fe88,delivered,28-11-2017 00:06,28-11-2017 00:31,28-11-2017 21:31,06-12-2017 18:03,18-12-2017 00:00
7a10cbd9fd10b327d327b5efa5b57ad0,5acf0280b9d077d2f2e0e994a64f72ce,delivered,12-03-2018 10:05,12-03-2018 10:16,13-03-2018 21:18,22-03-2018 00:11,29-03-2018 00:00
c8edbac1d727757b8d8a2fc13303d040,44e70d6accb4fa0246075d5b92350113,delivered,23-02-2018 14:09,27-02-2018 05:30,27-02-2018 20:22,07-03-2018 18:26,16-03-2018 00:00
43f312594026fc6c67ccf619afe600d1,5cf1b1745fff59660522b4ff7b475374,delivered,20-02-2018 18:03,20-02-2018 18:10,22-02-2018 00:52,10-04-2018 11:35,21-03-2018 00:00
bc9bd5e4ac265b0e6cac08b3019798eb,b97527f774f4348a051175eefe8e7047,delivered,24-06-2018 19:03,24-06-2018 19:20,25-06-2018 11:42,28-06-2018 15:18,17-07-2018 00:00
a9016dde97a6a447890dd748aa844b85,75ff064e942910b72e1ab6ddfabdda46,delivered,25-04-2018 16:06,25-04-2018 16:53,26-04-2018 12:51,30-04-2018 13:27,16-05-2018 00:00
1887b26eba419ce20f6fe34a6f88e80a,23fe51c9d4d1b1cef50c57b3c0babf5e,delivered,28-04-2017 14:20,28-04-2017 14:35,02-05-2017 13:39,09-05-2017 14:27,01-06-2017 00:00
a9240539eed71e70690ea5a026f9f419,93f44a625d614fc2af27b2bd4ce2874f,delivered,05-05-2018 09:42,05-05-2018 09:55,07-05-2018 13:55,11-05-2018 17:56,29-05-2018 00:00
70265e39902a914077a038864209d3c6,170724a3dd2c3b4b4e82955564e85f1d,delivered,28-07-2017 09:35,28-07-2017 09:50,10-08-2017 23:04,16-08-2017 19:46,25-08-2017 00:00
b7a6a74494a5f76ac5f74bc9c1327e5d,10c26a978ab664c211c871097f285a93,delivered,24-05-2017 13:48,25-05-2017 03:15,25-05-2017 11:46,01-06-2017 13:52,22-06-2017 00:00
00a0116ff15ff973ea16bee881208ae7,89a187407adfc8a32a4d6233a6a237d8,delivered,18-02-2018 16:22,18-02-2018 17:27,19-02-2018 18:22,03-03-2018 00:38,15-03-2018 00:00
f55ebd23aed37969b6b05ae64bb1f034,f5d89a35cb6ce8c1e7ec7ac20c45f9bd,delivered,06-06-2018 13:51,06-06-2018 14:35,07-06-2018 14:17,13-06-2018 17:41,16-07-2018 00:00
326247b4caae19ff40a5b56cb9534c6f,9fe7ac7180ac1ee5482b89b07f7b7737,delivered,22-09-2017 19:17,23-09-2017 10:44,29-09-2017 17:42,04-10-2017 16:53,10-10-2017 00:00
30f0086bfe1b046a524f8acf1d3eaa11,0b9a25915090ecc0db112277977fc2cb,delivered,27-03-2018 14:58,28-03-2018 02:48,28-03-2018 18:48,10-04-2018 16:12,23-04-2018 00:00
b9499283a775ccfa9da92e6e75e9b4b9,d66a67d5008715c5d0fc4c106d596974,delivered,26-05-2018 21:46,26-05-2018 22:17,06-06-2018 12:57,21-06-2018 14:28,16-07-2018 00:00
651bd7286b2e17e1e3ea7b644870e429,f4f2d12420b95f9239bcda119491f2d4,delivered,13-05-2017 17:42,14-05-2017 06:35,17-05-2017 09:32,23-05-2017 00:30,07-06-2017 00:00
ca621c614abfc6d64f4a093ade1249b9,c4333f782a96190eece0b2e3321f4f7a,delivered,14-08-2017 10:00,15-08-2017 03:30,16-08-2017 12:26,19-09-2017 17:53,12-09-2017 00:00
3821dc9ac1b25bed42324d0885b0a930,dd3926dff45a3459c4bdac0b58a2a0bf,delivered,17-04-2018 21:01,17-04-2018 21:15,18-04-2018 18:52,23-04-2018 18:01,09-05-2018 00:00
a6fe431baa19e8ce94388a492ac80d35,52fe8f0d46227cecc08e692dbe3c16fa,delivered,21-11-2017 18:37,21-11-2017 18:47,22-11-2017 19:04,24-11-2017 19:21,01-12-2017 00:00
17ab3523ccdc39226b04bbdd9bbceaad,5c16ae152bd6d026801d16d806b3eaf7,delivered,17-02-2018 18:53,17-02-2018 19:10,22-02-2018 20:38,09-03-2018 19:58,19-03-2018 00:00
91db217544d0eac98354b11f2f35abcb,c421c11493ae12b2aa0d0e455f015299,delivered,29-04-2018 22:10,01-05-2018 05:43,04-05-2018 13:17,14-05-2018 22:35,22-05-2018 00:00
97a00daa2a648f9c4b0493e937928b72,e86cb194c0a0517d578d5c412e2aaca6,delivered,20-10-2017 09:51,20-10-2017 10:14,27-10-2017 16:17,30-10-2017 18:45,01-11-2017 00:00
73eb70779d3a8a4647f8ccf9c43d2623,7bf43e2d079beb839eaff3937bb6fe81,delivered,02-05-2017 21:03,03-05-2017 14:15,05-05-2017 11:32,16-05-2017 12:43,13-06-2017 00:00
a222e8f1ab02211d0f1b3e374c5e689e,7348a806fb57deff7842f83e1a890931,delivered,05-03-2018 11:09,05-03-2018 11:29,06-03-2018 00:22,12-03-2018 18:56,28-03-2018 00:00
d010facca14d57e997bf54e52f0ea03b,fa8c1b0cc3867a62150b15d907f94382,delivered,19-03-2018 19:35,19-03-2018 19:55,20-03-2018 20:41,04-04-2018 19:16,29-03-2018 00:00
b545ba7b0bd67a3128185c7214704319,7e2ca73af071679902a9ba14d7c3cee8,delivered,11-06-2018 14:59,11-06-2018 16:31,12-06-2018 14:15,18-06-2018 16:41,04-07-2018 00:00
876309add96f9d84db9b2379de836323,a12dfb063d9ba1e0e2f7485b9a7d8987,delivered,28-03-2018 22:51,28-03-2018 23:07,29-03-2018 16:07,20-04-2018 20:06,26-04-2018 00:00
4b7836c7fde2f69b09ca54addb676d28,5009c471461106bdc79fe8333e03a7a5,delivered,09-04-2017 17:54,09-04-2017 18:05,11-04-2017 10:35,18-04-2017 12:51,15-05-2017 00:00
f3edc53c0e5bd4a11ddd437dabb01c6b,94fc05ffa6e43f8e072734e06e50e568,delivered,30-06-2018 12:53,30-06-2018 13:10,02-07-2018 14:40,05-07-2018 17:33,31-07-2018 00:00
c382d84d35f4d874b1f1c372f4bde27c,59168d27c5da6a50e3d1f03d482e80b2,delivered,20-07-2018 09:42,20-07-2018 15:05,23-07-2018 11:53,27-07-2018 11:54,14-08-2018 00:00
14d5fd67132f83c0c8a9e241e4a7d4dd,f59c3b73fe7833bf53a1be19a6f17c81,delivered,04-08-2018 13:42,04-08-2018 13:50,06-08-2018 15:05,07-08-2018 20:08,09-08-2018 00:00
66305a754211cca47c3a2a59addf19ba,a629686911e06a8876b4b570375c1710,delivered,26-07-2018 13:59,27-07-2018 02:10,30-07-2018 13:48,17-08-2018 12:41,21-08-2018 00:00
4bc02ff9a093f3cc4119a960969f5f74,81e002e37c83087d148d2062bb1ba395,delivered,06-09-2017 20:56,06-09-2017 21:10,08-09-2017 18:47,18-09-2017 22:51,27-09-2017 00:00
ba403fc6762185ac676fa515ce2b1afa,c9444a4e408930bdf5341d081def10d0,delivered,17-05-2018 07:39,17-05-2018 08:36,17-05-2018 10:30,05-06-2018 13:48,13-06-2018 00:00
c301f64860cec992f8d9c532fb00f867,7cd7d781203890be0d18accf75bd90d5,delivered,05-10-2017 03:54,06-10-2017 04:05,06-10-2017 17:55,13-10-2017 23:35,24-10-2017 00:00
504ec2b6f69e898c557955750272d563,ba0a799b8a7b0b1a1ac522a0a8839bff,shipped,07-05-2018 21:43,07-05-2018 21:54,08-05-2018 14:17,,21-05-2018 00:00
78ab727370e07aaf73b362897c8c6e3d,e8fff6456a357707eba84dae9ef01dd5,delivered,16-05-2018 14:15,16-05-2018 15:19,17-05-2018 14:36,23-05-2018 18:31,04-06-2018 00:00
edddb585a5c894ef488568334c567e2e,80b86a02fc5a84c2fe32d9884a5f02f1,delivered,13-08-2018 14:34,13-08-2018 14:50,14-08-2018 13:31,21-08-2018 14:32,27-08-2018 00:00
d0935e6fe51f0d5724f4759cfaa8caf3,03dcea146dfc2ccacbc079ee9a669db5,delivered,09-03-2018 16:41,09-03-2018 16:55,12-03-2018 23:23,21-03-2018 17:38,06-04-2018 00:00
193f92153e2d2dc57d0052176ef585c0,8a19afec74d4f1f9cb69fe402d98c3b6,delivered,20-01-2018 12:31,20-01-2018 12:50,24-01-2018 16:14,10-02-2018 01:13,16-02-2018 00:00
a8c3124b7f912401d702018ae0c02b05,3ccb27f9c7ee205656acef98c19fc061,delivered,16-04-2018 20:46,16-04-2018 23:12,08-05-2018 14:04,16-05-2018 00:22,22-05-2018 00:00
62b2adbcbcf4e28df4b998bfb094f3f9,16474d0d0fb3c08f805bc4de00cea8c1,delivered,14-07-2018 16:32,14-07-2018 16:50,16-07-2018 13:48,23-07-2018 19:01,15-08-2018 00:00
70c63ecc0f8619ac9ebb83fd52466e64,2e9a3c93d2ff06bffa5cfa7201ab1ec7,delivered,29-06-2018 18:39,29-06-2018 18:50,04-07-2018 15:18,09-07-2018 15:49,27-07-2018 00:00
c0d0691580b4aefa924ed59260eb09d0,46e2d6b50f8e37ab99e7f2aabcab7b3a,delivered,24-07-2018 15:43,24-07-2018 15:55,25-07-2018 11:59,03-08-2018 17:22,13-08-2018 00:00
c17b377c10026e36286772008451d021,5a62330b90ef93e8730dbb18880b08af,delivered,01-02-2018 10:02,02-02-2018 02:53,03-02-2018 10:33,14-02-2018 18:08,23-02-2018 00:00
49e809b11c0445fb0229f28378d3d30d,a5fb3b16bcb08fb9f1290f225390b829,delivered,19-07-2017 13:37,19-07-2017 13:50,26-07-2017 15:37,31-07-2017 18:29,14-08-2017 00:00
97012c3a032fb57d51f04669419f5a49,a3462eb52c92ce66a03f2eb65b58de6b,delivered,18-03-2018 22:01,20-03-2018 09:30,21-03-2018 18:43,02-04-2018 20:38,24-04-2018 00:00
7afbe6ef708d0ae150028f52512230ad,f80a9faaf4e610c5a191d4c5d19412ce,delivered,01-10-2017 21:55,01-10-2017 22:07,02-10-2017 13:58,19-10-2017 22:14,31-10-2017 00:00
b2ec82a4b2d9bf24fc1f5ba0e4883bdc,9fc24442b2e31121b7c8907d33253b97,delivered,12-06-2018 12:21,13-06-2018 09:00,26-06-2018 12:52,04-07-2018 20:32,19-07-2018 00:00
9d033f810cbd1a45838c0d451bbae981,5366b0fd8d98481e724d2c25b0f6be0a,delivered,20-04-2018 13:07,24-04-2018 19:04,25-04-2018 04:12,25-04-2018 21:12,09-05-2018 00:00
c6094f6ab0c25eda761622ab09aa423d,69ee62ecc8d2937fca0e1a3d4de5a2ce,delivered,25-07-2018 10:16,25-07-2018 10:30,26-07-2018 14:31,30-07-2018 17:29,22-08-2018 00:00
6b9b73174454a8a1b0a255b448f5e5bb,84d9369e3431d2b768c1e80c9678041d,delivered,05-07-2017 21:14,05-07-2017 21:25,06-07-2017 13:23,12-07-2017 21:47,27-07-2017 00:00
0dbcaa88e213607d3795e96eda505c73,0018c09f333634ca9c80d9ff46e43e9c,delivered,01-07-2018 18:07,01-07-2018 18:30,03-07-2018 14:55,07-07-2018 15:47,20-07-2018 00:00
0a0ae1b561eab534493c5588efc5169c,090ad6d0d50a83c661a31538f2642cdf,delivered,15-09-2017 12:57,19-09-2017 03:44,21-09-2017 13:49,04-10-2017 17:49,05-10-2017 00:00
02c371100bf54facae80322579c7fefb,ad6f2686bc9a43070103abf4021c6e35,delivered,07-11-2017 02:55,07-11-2017 06:31,10-11-2017 19:48,16-11-2017 21:07,21-11-2017 00:00
413158eae01863d8624661dc2aafcfce,ae93d71344619ff965081e7e57c94788,delivered,29-07-2017 02:05,31-07-2017 17:15,04-08-2017 12:34,15-08-2017 20:18,22-08-2017 00:00
ebb9d61c0744305e9172b4265468c17b,d8d9d264aaf6573952ccd477cbd47d87,delivered,02-08-2018 18:09,02-08-2018 18:43,03-08-2018 14:52,08-08-2018 13:39,22-08-2018 00:00
85df002ba0e8668b282706e73132a0e5,0bdca8cf66b7d24237c048c8992a8b7a,delivered,07-06-2017 21:13,09-06-2017 02:23,09-06-2017 17:25,19-06-2017 14:52,30-06-2017 00:00
53f3f52eca823461e5ee857dd46fb101,00ee08bd4046a080a8ec38c5e0937372,delivered,15-10-2017 17:27,15-10-2017 18:08,16-10-2017 15:38,04-11-2017 16:42,10-11-2017 00:00
1e01369b33244af82c1b44d7359da3dc,0c11fa556f26997671eaeb09e029bc73,delivered,06-05-2018 11:40,08-05-2018 19:55,11-05-2018 14:53,14-05-2018 20:02,21-05-2018 00:00
1ed9fe02b5d745a3397a33415ecd5577,0603e61027d99341d08fa2c64fdf5915,delivered,16-02-2018 20:28,16-02-2018 20:46,19-02-2018 17:54,26-02-2018 14:08,15-03-2018 00:00
4d8a7251d3f4f82c05c207b52ccd25f3,6ee76c3941b644506c8dc73861add1d9,delivered,11-08-2018 18:52,11-08-2018 19:05,13-08-2018 14:22,17-08-2018 17:04,27-08-2018 00:00
9320275e627cc0d374f04e77e1ee2f0e,369a3bfbe0d193b57a6906b4f5f93d8e,delivered,24-07-2017 19:22,24-07-2017 19:35,28-07-2017 11:19,14-08-2017 15:31,15-08-2017 00:00
970bbf79974ba1ef73cc21ee6fe52cc6,7b7f18d5f94e3c25bd66ec35e87383f0,delivered,03-04-2018 00:05,04-04-2018 00:09,13-04-2018 18:05,18-04-2018 23:48,04-05-2018 00:00
a3f03305225173eb1cf3ea5eeb32e583,74e3e653fa67f92300809f4369b0f8de,delivered,31-08-2017 10:45,31-08-2017 11:04,04-09-2017 13:14,11-09-2017 18:58,20-09-2017 00:00
7f6ad013a5d4f135c074e96bfa4de9a3,bb78e1ff2a9e97842dc581fc896e161c,delivered,22-12-2017 22:02,22-12-2017 22:11,26-12-2017 19:57,09-01-2018 20:54,19-01-2018 00:00
fb797aee19d1e438385938cd482027bb,62383c983441809ec8977c644dd37a54,delivered,08-08-2017 10:46,08-08-2017 11:04,08-08-2017 15:59,05-09-2017 18:53,01-09-2017 00:00
77fc7da5ef4df2c48276ae832072dcf1,a260ca264a1787a1842ced2735bff664,delivered,07-01-2018 22:52,07-01-2018 23:07,08-01-2018 21:10,09-01-2018 15:57,24-01-2018 00:00
49b9d47f2bb04361f15cf1537390dd60,fb2b3d5e34ae153e59fe64aa930e01d5,delivered,07-02-2017 21:32,07-02-2017 22:30,08-02-2017 09:10,24-02-2017 10:42,22-03-2017 00:00
f09d0203a51785e9ba9279607c38958c,90abf5b0ac7c7b7bb763da066ca7e60b,delivered,13-02-2017 13:00,15-02-2017 02:45,17-02-2017 16:03,06-03-2017 10:36,16-03-2017 00:00
d8e44f5b26cd539b50d9be42ecbe5d92,6e58debec4d82dd7dbdc9efdaa2bc43a,delivered,11-09-2017 17:58,11-09-2017 18:10,13-09-2017 19:13,15-09-2017 19:23,06-10-2017 00:00
b6b7ebd3ab897684bb22eaf084f8f299,073b17ed858e674f538ce7dc938c8e5c,delivered,16-12-2017 00:46,16-12-2017 00:54,18-12-2017 20:03,29-12-2017 21:12,11-01-2018 00:00
4a1340ea38a829e0ea96cd19d7a0f951,88d808f3083f22381023e9dbb5e99751,delivered,21-01-2018 08:10,22-01-2018 13:44,25-01-2018 15:47,08-02-2018 14:07,14-02-2018 00:00
ad42f04485e4f6eea616c0cdac1db05c,6aa762e5f01eb065661799c936a23487,delivered,31-07-2018 11:28,31-07-2018 12:31,01-08-2018 14:00,06-08-2018 14:38,10-08-2018 00:00
1a9a9700a3759028691f3af38138e3d8,6707f7d56127b258c3a93068d0f9394a,delivered,20-05-2018 14:52,21-05-2018 16:14,29-05-2018 14:04,06-06-2018 19:28,11-06-2018 00:00
b574f97b093ad4bc022f420344327e12,36d39e3b372efc3bbed5188c23d0d1ca,delivered,04-03-2018 11:13,04-03-2018 11:29,09-03-2018 00:25,29-03-2018 20:45,23-03-2018 00:00
9be42eec91e05104d84b81e71a9e6b81,89232b00f62b63711ba3be0c01a172b0,delivered,30-10-2017 19:03,30-10-2017 20:31,06-11-2017 22:03,08-11-2017 00:14,07-11-2017 00:00
913ed16681197337e68e936fc28b8370,42a17b496d860f35546c295e70f516a7,delivered,03-08-2018 00:00,03-08-2018 00:10,03-08-2018 11:38,08-08-2018 00:48,16-08-2018 00:00
e1215367814d0d82c496bf4c6b2ba6f7,fc39afc06082ea33d82e5c4b4c6e94d5,delivered,13-04-2017 20:08,13-04-2017 20:22,17-04-2017 10:50,20-04-2017 15:54,09-05-2017 00:00
bc52f8f79c3a17b6fd6fff5c63212940,8ea2a72106ace564cfabf220f79491ca,delivered,21-01-2018 21:07,22-01-2018 13:59,26-01-2018 17:12,29-01-2018 20:32,06-02-2018 00:00
3735720b8c1cd4212fa0866a8e58a049,94af59d9cac1ae1976312584f628ef6f,delivered,16-05-2018 23:08,16-05-2018 23:55,17-05-2018 11:58,21-05-2018 20:50,20-06-2018 00:00
bb24bc48ede5999f7be893f8d0024291,9b605f1eacf9a8ba0a7902464d6c884f,delivered,13-08-2017 20:31,13-08-2017 21:03,16-08-2017 19:49,18-08-2017 21:29,01-09-2017 00:00
74e033208dc13a7b8127eb8e73d09b76,72fcbb1145f2889eddcba6d6c1d6c090,delivered,02-05-2018 10:48,02-05-2018 11:13,02-05-2018 09:49,07-05-2018 23:06,29-05-2018 00:00
bf4f937c279d6f44c375450523ee9383,24fc6ae10363187c6761d4f8ad137cf7,delivered,06-10-2017 08:32,06-10-2017 08:49,09-10-2017 10:10,13-10-2017 16:09,30-10-2017 00:00
2c9bc10b715272770d51948b929485f7,2ca9b081fd8cf85263e827dffd02446b,delivered,03-05-2018 15:12,04-05-2018 15:10,07-05-2018 14:20,07-06-2018 20:03,29-05-2018 00:00
554ed79a85b56443912252c580b0ad02,68f20e749722e81e95a294b21b2763b5,delivered,24-02-2018 17:02,24-02-2018 17:15,28-02-2018 15:55,17-03-2018 00:08,22-03-2018 00:00
5596ba1b51a8d6801a60712a250471a8,c38477a5b6ae3d9b123c14c74e258210,delivered,16-06-2017 15:16,16-06-2017 15:26,17-06-2017 09:17,19-06-2017 21:18,11-07-2017 00:00
a2bbb88a8a7ebfa655f9172b60fd987f,cd4caa9c8a2fd5517470fe1f3360b969,delivered,03-12-2017 17:04,03-12-2017 17:12,05-12-2017 19:03,16-12-2017 12:47,28-12-2017 00:00
43f9a3d3e9d95525bfce717e31f72a56,b003d09f32a12bcc00b6ca04d46554e6,delivered,11-07-2018 00:13,12-07-2018 03:10,27-07-2018 16:27,04-08-2018 16:15,30-07-2018 00:00
68553e9e7b2c06807226ff348142d3ba,8d8ae08c6a8561cd5e932281b2b53855,delivered,20-08-2017 14:51,20-08-2017 15:05,22-08-2017 19:38,01-09-2017 00:23,22-09-2017 00:00
f44cb69655f8e4d13e7aae7cdd3d3c25,eab62436056c6ce3853a17dd6892951a,delivered,13-07-2018 22:22,13-07-2018 22:35,24-07-2018 19:07,25-07-2018 14:03,31-07-2018 00:00
f18eb4af9b5b05f1b47b1cb4e4abe4ba,7ba45738393d29e95932601bd28031bc,delivered,28-06-2018 00:27,28-06-2018 01:15,03-07-2018 14:29,05-07-2018 22:17,17-07-2018 00:00
14bec9a20933b219426d500ca2581dc4,b6e2d2a4ace19ed16fa851d6c9677487,delivered,29-07-2018 15:36,29-07-2018 15:50,30-07-2018 13:44,10-08-2018 21:43,13-08-2018 00:00
0ec76bccb5366815ac1be29b90db03c7,376085f5d0619f4cc1ea6cc1eb6663d6,delivered,02-03-2018 19:33,02-03-2018 19:48,06-03-2018 20:04,29-03-2018 21:58,03-04-2018 00:00
2380ca3ffd1097862f0f1f9b8f7c566f,731723e171b17d3d3d478ea3a1f4151d,delivered,12-05-2018 13:38,12-05-2018 13:54,14-05-2018 12:42,23-05-2018 17:32,06-06-2018 00:00
1c57302ee71281562fa44bc88283e3d1,601b800732110a9e3695e9c454bfa828,delivered,30-11-2017 08:13,30-11-2017 08:19,06-12-2017 19:49,18-12-2017 19:57,28-12-2017 00:00
fae78da81b7ad4a5389732f61e0264ef,90b17430567733d3e005cc92466c213a,delivered,06-06-2017 18:10,06-06-2017 19:15,08-06-2017 07:49,19-06-2017 21:22,17-07-2017 00:00
ceb992824b749348734de15eaca939ac,93516ce404b65731cecbd93db7392d33,delivered,11-04-2018 10:58,12-04-2018 04:50,13-04-2018 21:34,16-04-2018 19:46,27-04-2018 00:00
2f8b697ad1c74526e18a07acd7d7169b,eb19d6117ee958ab1e3e3a2d8b230083,delivered,21-04-2018 14:18,24-04-2018 17:27,25-04-2018 06:22,07-05-2018 18:57,28-05-2018 00:00
fbf0dfaa84a26a3cbddf314c3362316c,cab4cad0f7657576558c907ad8e307fd,delivered,25-11-2017 01:03,25-11-2017 03:51,27-11-2017 16:52,18-12-2017 18:46,15-12-2017 00:00
210d1686d116f7589a06e12974814bba,f9a448ce00c793bc273313654d4ac153,delivered,19-06-2017 08:03,19-06-2017 08:15,19-06-2017 20:57,25-06-2017 09:58,30-06-2017 00:00
4519d054994236d26b04aba27498afb9,fb713deec65d4832addaff1950dee895,delivered,11-04-2017 13:37,12-04-2017 02:45,18-04-2017 09:28,27-04-2017 13:20,05-05-2017 00:00
afa2c425be2efd14c19b4a0aa62f9b59,2a22ba1cb2f182b16cfd4b7620ea6114,delivered,04-03-2018 02:25,05-03-2018 08:15,06-03-2018 17:03,06-04-2018 19:24,22-03-2018 00:00
9c30d1a4692fbd9418f2404ada176ccd,c6c138e91cd9b75b300f8d5181f622c5,delivered,28-11-2017 00:37,28-11-2017 01:31,29-11-2017 19:10,06-12-2017 17:57,18-12-2017 00:00
3562e5cbf3effd83e186fe72ebb92f95,69c2c14480efd86260ca133de7a15868,delivered,16-02-2018 18:35,17-02-2018 03:47,21-02-2018 00:29,06-03-2018 23:07,19-03-2018 00:00
646e62df54f3e236eb6d5ff3b31429b8,55f35e2e63c2446e9eeea957bbe164ed,delivered,20-10-2017 08:41,20-10-2017 09:49,20-10-2017 16:19,25-10-2017 15:13,09-11-2017 00:00
7000fce52371834b260a8b6dd57eb419,8b22c8fb9fe2cd131779d2cad4931f09,delivered,24-02-2017 15:50,24-02-2017 16:02,01-03-2017 13:01,03-03-2017 13:25,17-03-2017 00:00
7388afc4743da7d6e532b7fd086b4357,986c590aed8ad278ffc220f81b2d8e4f,delivered,28-09-2017 08:54,29-09-2017 02:14,05-10-2017 18:00,16-10-2017 19:43,25-10-2017 00:00
cd664e197521a82f89b34d1af4af7aa0,b5f533f7de4aaed81593a76fcf108929,delivered,02-03-2018 10:01,02-03-2018 10:10,06-03-2018 00:29,06-03-2018 17:41,14-03-2018 00:00
774b8c52e2dda4cae042a9175258ab1b,f4089d4af6a57725128cafde4c098188,delivered,20-11-2017 12:49,20-11-2017 13:07,22-11-2017 17:38,22-12-2017 18:32,21-12-2017 00:00
a184881e0110ee6bba45e5ba8287c638,485abc56a464a56ff6e9f9a752ff4308,delivered,16-10-2017 20:22,16-10-2017 20:35,21-10-2017 12:42,14-11-2017 16:04,03-11-2017 00:00
a0b05780db06986cd81518fc9cc9b34d,e95ac603dd00da603acf38d05e55d781,delivered,24-11-2017 19:58,24-11-2017 23:13,28-11-2017 16:41,29-11-2017 20:37,11-12-2017 00:00
84cf671bc3869df812c782309ef46a8d,72a4d28238f6eeded6dbeba88988cd6f,delivered,18-07-2018 10:44,18-07-2018 10:55,18-07-2018 13:25,24-07-2018 14:48,07-08-2018 00:00
117ce86d1ddbcdf65da3ff7fe763ed09,a6f0724c88ff8742ef397186be22c75f,delivered,13-06-2017 23:49,14-06-2017 00:55,14-06-2017 08:57,19-06-2017 20:24,06-07-2017 00:00
23f1f636dd6189253847462e5ea2e797,358fde222358cdce3408ac3fc3b1d1e0,delivered,12-01-2018 18:14,12-01-2018 18:28,15-01-2018 17:04,16-01-2018 19:56,02-02-2018 00:00
6bd15a70199a7500ae1bcb5b7bcccd7c,777bf9a904c89700fef785ee2de8c0de,delivered,23-09-2017 16:40,23-09-2017 16:55,26-09-2017 20:52,05-10-2017 19:55,18-10-2017 00:00
bf7dc4793cf928d5303528934bd9647c,11185d8d8221dfe29861c0c27dfab584,delivered,17-09-2017 11:47,17-09-2017 12:09,18-09-2017 15:14,28-09-2017 13:41,09-10-2017 00:00
c26545d07aedc265947816ff58acf2d2,55814b1c0dcf038f760c8f30b1b1d430,delivered,15-06-2018 08:26,15-06-2018 08:56,15-06-2018 14:00,26-06-2018 19:41,24-07-2018 00:00
5c6c22a0e96822517dd3c5ee6cd1fbcf,1188830c8320a8f9abd982d8deb49330,delivered,11-01-2018 22:14,13-01-2018 04:55,17-01-2018 16:14,25-01-2018 21:38,14-02-2018 00:00
12c35cf2a5171b0fb8e19d60abcb9353,96d3fe655ac136a3575eec6f7bd4d698,delivered,21-01-2018 22:39,22-01-2018 14:03,23-01-2018 13:11,25-01-2018 15:49,06-02-2018 00:00
dda3e0dbde3a2cd09432650b3634582d,ed7abe2bf6dacb66b55c2bebf0d2adaf,delivered,22-04-2018 20:13,24-04-2018 18:37,24-04-2018 16:22,09-05-2018 19:58,16-05-2018 00:00
ed1407b1e486fadba3e6cd4460dccd56,d83913dc23a7f3c90ff7a10d1b4bd4c6,shipped,22-10-2017 12:55,22-10-2017 13:14,24-10-2017 11:46,,14-11-2017 00:00
7249fd69ae42373a6a357567e41ecc57,c2a3ea344de262f71dfb5d9f83a02adf,delivered,26-01-2017 22:15,26-01-2017 22:25,27-01-2017 16:14,08-02-2017 09:52,24-02-2017 00:00
4941da6e1a4eef723674c7148152c4f6,5c4fbfda89ecf784397c5a99ec36601a,delivered,11-06-2018 16:49,12-06-2018 04:57,12-06-2018 15:05,13-06-2018 18:39,26-06-2018 00:00
fe1db39ee392d14b9d8b00c17e02023f,1a38db127bea608981938b7abf53da7b,delivered,21-06-2018 13:17,21-06-2018 13:39,22-06-2018 13:56,27-06-2018 21:06,16-07-2018 00:00
a6b58794fd2ba533359a76c08df576e3,ccd8e3459ad58ae538c9d2cf35532ba4,delivered,14-05-2018 15:18,14-05-2018 15:33,14-05-2018 13:46,19-05-2018 19:33,08-06-2018 00:00
3c8876b8e5a484c81a1aa6c8bc4e65d6,e4e69809ae1da631eaa47e73e5f4f641,delivered,14-09-2017 13:25,15-09-2017 16:44,18-09-2017 16:13,10-10-2017 19:42,18-10-2017 00:00
1767c122a3ee029a66f97b74a2538d2e,d01dc54fcf3bf7bf2fee5926f43e0516,delivered,11-01-2018 14:48,11-01-2018 14:57,13-01-2018 02:06,22-01-2018 21:42,15-02-2018 00:00
76754c0e642c8f99a8c3fcb8a14ac700,f6c39f83de772dd502809cee2fee4c41,delivered,26-10-2017 09:31,26-10-2017 09:49,26-10-2017 21:33,01-11-2017 21:17,22-11-2017 00:00
75679c6961aad55f81620d8542166135,0e59972cf69e00897677dfb1445ba420,delivered,26-11-2017 20:26,26-11-2017 20:37,27-11-2017 17:37,28-11-2017 20:29,12-12-2017 00:00
fe317ce4a7ca2ec5a2cdb56c3e5788b2,dcc865b0a392f4d72458ec0677e1f085,delivered,05-04-2018 13:50,05-04-2018 14:09,07-04-2018 01:42,16-04-2018 19:29,03-05-2018 00:00
d8f1c1e598fd2b2e9e562c42782e0226,3e6afc2521b10ee0a075d3193467c9f5,delivered,15-05-2018 18:25,15-05-2018 18:59,16-05-2018 14:46,17-05-2018 21:18,23-05-2018 00:00
411b8901b201804f134429744b17b686,c5bbfe67cb7212c9e6390fcd598caf85,delivered,18-09-2017 18:51,18-09-2017 19:05,21-09-2017 20:42,22-09-2017 15:12,29-09-2017 00:00
f2bfe1e2b86b6e22866492f4dbd26ff0,80f96051386679183cf545a68d3314c8,delivered,02-12-2017 00:01,02-12-2017 00:14,04-12-2017 18:06,20-12-2017 20:39,02-01-2018 00:00
2feb60b66471f9985b3f06df1f360f34,7e31ff5a549f128e99d5cf90f3b9a649,delivered,05-06-2018 20:29,07-06-2018 02:54,07-06-2018 12:30,20-06-2018 14:16,18-07-2018 00:00
ed9ddf13b205161d8ca32de15a50a5c7,0c6402878bcf4a5a361d9008210101d4,delivered,03-12-2017 19:38,05-12-2017 04:17,05-12-2017 14:52,19-12-2017 20:38,27-12-2017 00:00
0c40dfe4127461031cfea37fb4c63856,812db10465ec8fed84262db66f615f87,delivered,14-05-2018 09:01,14-05-2018 09:14,14-05-2018 14:58,21-05-2018 18:32,04-06-2018 00:00
7033745709b7cf1bac7d2533663592de,7f0ca17bb33b230b47459437cf0682c7,delivered,04-10-2016 14:13,04-10-2016 14:46,08-10-2016 14:46,11-10-2016 14:46,30-11-2016 00:00
e6555e78046757613e040b01b153fc1f,3da77d06455b633b2d7e79511d75f76e,delivered,02-06-2018 12:36,02-06-2018 12:51,04-06-2018 13:54,05-06-2018 17:38,28-06-2018 00:00
c94ad4f97a88391955fc080a1a4e74cb,abefd2db6a344cf871cf42687fb563f4,delivered,28-07-2017 13:47,28-07-2017 14:05,31-07-2017 18:03,09-08-2017 23:45,21-08-2017 00:00
1dab6cb14267214f76fe292d1a79014c,7e572970d84b6164550e059b22c1bca1,delivered,06-06-2018 08:41,06-06-2018 08:55,08-06-2018 12:45,18-06-2018 14:32,16-07-2018 00:00
1131444207572a61609f9be4f5308af3,1c9e4589fd7fa6552ce6e19f4e9f1746,delivered,24-10-2017 14:48,24-10-2017 15:07,26-10-2017 20:59,03-11-2017 17:41,24-11-2017 00:00
5189eca8aa65ca525e4929c6f6a758d1,cb91916ede5670fdd34d3acd31ac21b3,delivered,19-05-2017 20:13,23-05-2017 03:25,25-05-2017 15:43,31-05-2017 06:45,14-06-2017 00:00
2050ad559df86365b2d2a824640af4a1,d03d5c0d58cfeefd79f0b7af50bbfb87,delivered,28-02-2017 17:28,28-02-2017 19:20,01-03-2017 14:50,06-03-2017 17:28,22-03-2017 00:00
59af6639bc574148a47076bb16ff485e,b83bd80a9acf980ee6ac382e5c1452ae,delivered,08-09-2017 10:32,08-09-2017 10:45,11-09-2017 21:03,14-09-2017 18:15,26-09-2017 00:00
b7707080e47946584d1280f2b8f200a5,5d8613cf1855d00dfec57ccdba74f7c0,delivered,24-08-2017 16:14,24-08-2017 16:25,28-08-2017 20:59,01-09-2017 19:22,14-09-2017 00:00
0f6a5e91a0432f84b83844d7b001d765,fe659882d754bfbce85819a43c666004,delivered,01-08-2017 00:22,01-08-2017 00:45,01-08-2017 18:12,08-08-2017 20:12,23-08-2017 00:00
ce3f08db12e92209931e4bff447392df,ad575c56bac677400aa8cbaca2d8446d,delivered,23-06-2018 18:19,23-06-2018 18:35,25-06-2018 13:47,27-06-2018 15:58,16-07-2018 00:00
92aff898bbb77b43b3ce8c33bc2339f2,39b99beee67aed8ae9553366b6f79de5,delivered,18-04-2018 01:06,18-04-2018 01:15,18-04-2018 18:19,24-04-2018 16:38,11-05-2018 00:00
dd94f2867bcd2be2229f44d7a0df4e5b,786ee3fc4d3b8097f9759d512efb5540,shipped,28-03-2017 09:43,29-03-2017 02:10,29-03-2017 15:20,,17-04-2017 00:00
3c8f34ce6765b01eb78b79eec5617971,996595f66cb179af29159ee6c539dc10,delivered,17-06-2017 12:36,17-06-2017 12:50,21-06-2017 20:56,06-07-2017 17:53,11-07-2017 00:00
70462ebcf26934be8bd0327d2e6103d3,fb8b8298c590af3ee3169596c5ec2114,delivered,20-08-2018 22:06,20-08-2018 22:29,21-08-2018 13:49,22-08-2018 22:02,28-08-2018 00:00
eb314576a333adeb296496f38c4c7852,11b404d7080235f5ff52a1c38deb5a98,delivered,23-01-2018 14:52,23-01-2018 15:12,26-01-2018 16:43,16-02-2018 01:28,16-02-2018 00:00
b5585a71d72133e35079e240c76065d8,28e1fb62850ddf7aebac7ec6602dc756,delivered,22-11-2017 21:29,22-11-2017 21:36,23-11-2017 22:02,18-12-2017 13:51,12-12-2017 00:00
c7911a821f0816b0c1345016668c7752,d0b0b2dd8bdaf36ebea19c232b4e986b,delivered,08-06-2018 16:47,08-06-2018 20:31,11-06-2018 14:20,02-07-2018 16:52,03-07-2018 00:00
8b346abc34a6e64bc67fcd3b0eccdc9f,dd1506d329d9b0135855082aae3c79ac,delivered,11-07-2018 20:15,11-07-2018 20:26,12-07-2018 15:31,26-07-2018 23:32,09-08-2018 00:00
7a9d100d2a88bd95c3f8acd4af29d3e8,6f203f614778c173ade2490e6684c399,delivered,01-06-2018 22:35,01-06-2018 22:51,02-06-2018 08:45,07-06-2018 21:33,05-07-2018 00:00
573b5d93e53ee17f6d7276929890932c,dd9fdfd1c2d9c13f398bf35eb1f18325,delivered,08-05-2018 21:54,10-05-2018 03:09,10-05-2018 16:12,15-05-2018 18:29,28-05-2018 00:00
b95764ee8ef0302702f107df59c9c4a2,5fff39f1b59dc4d2fb96c9f19b9a484e,delivered,01-05-2017 19:13,01-05-2017 19:25,03-05-2017 13:32,02-06-2017 06:17,02-06-2017 00:00
f6e3e88cce05228735d1d123916961a8,40512822fff2718801d8ecdd063dfa9b,delivered,31-01-2018 23:58,01-02-2018 02:55,02-02-2018 00:11,09-02-2018 16:51,02-03-2018 00:00
586b28be2b8f5afe936887ea02ab3494,ae5ebdc6de8a5f0bb49b5a3cb50c661d,delivered,12-02-2018 18:10,12-02-2018 18:28,14-02-2018 14:46,20-02-2018 15:08,12-03-2018 00:00
a933a186653455e64fd077551cfcef0b,247d21dc380c7ca4269050fe3fc1a386,delivered,23-08-2017 20:53,23-08-2017 21:05,28-08-2017 14:57,04-09-2017 18:51,13-09-2017 00:00
215235517f0e156724a0ac20bc1076a5,b4523e0afadc29b0607177c2234b3218,delivered,04-02-2017 23:27,04-02-2017 23:41,07-02-2017 06:17,09-02-2017 12:21,01-03-2017 00:00
d9ab691cb8d49410e7ae590b588499d4,eea6871b2a776e5f98fe73b255a0a270,delivered,18-06-2018 19:57,19-06-2018 03:36,19-06-2018 14:05,21-06-2018 15:37,05-07-2018 00:00
6da34f9b88619e4ba847c49363dfb425,8ce4d77283bb19ebaedee1fb91fef7ba,delivered,03-12-2017 20:03,03-12-2017 20:13,05-12-2017 16:04,13-12-2017 21:19,29-12-2017 00:00
1e51b2b229678b37addbfeb359d0e3ab,b2de21eac1284b5492269771d68da739,delivered,22-07-2018 17:32,23-07-2018 12:32,23-07-2018 17:56,25-07-2018 21:11,31-07-2018 00:00
3eb08a4c95b522bed075ec059ad858ab,8aac7e3ddd515089585bbab2b7d85aa8,delivered,07-08-2018 22:03,07-08-2018 22:15,09-08-2018 10:56,17-08-2018 11:42,21-09-2018 00:00
1c7c35deaf3a1639e247ce03babdfded,87edd217bd6fc063e3bcaded331967a7,delivered,16-07-2018 16:33,16-07-2018 16:45,17-07-2018 15:00,20-07-2018 19:57,30-07-2018 00:00
cb3830baa25a82fb69d5256ffca9b6a2,524fb99dd1c0c28f8b9b9d33f38c7b13,delivered,15-05-2017 21:07,15-05-2017 21:15,16-05-2017 16:39,22-05-2017 13:52,08-06-2017 00:00
9236b5f6966275539861284a31b94efe,ccae8f97bb03a9257e3abbb5baf17a1e,delivered,19-05-2018 22:43,20-05-2018 00:25,21-05-2018 08:29,23-05-2018 18:14,04-06-2018 00:00
dbb786f88b6d4e52fe3cb5d771b979d6,478778636c75019554439f75286a22e3,delivered,28-08-2018 21:56,28-08-2018 22:10,29-08-2018 19:02,30-08-2018 18:22,05-09-2018 00:00
9f39472adcdca3e6eeaf227576a1a427,8805f5004091e5a6d6732b4b57c94e3e,delivered,18-12-2017 06:12,18-12-2017 06:50,21-12-2017 15:05,26-12-2017 20:51,11-01-2018 00:00
fe5d946bb1d5891792a436f46f3618a3,59a7929fc18263169c90c46240902697,delivered,25-03-2017 20:01,25-03-2017 20:10,27-03-2017 13:54,05-04-2017 14:38,20-04-2017 00:00
eb7ad8aef38707da6cf8a476dd47198e,7e27f4fc651dbbb8ef84aa9450dae2a5,delivered,09-01-2018 19:59,10-01-2018 10:32,10-01-2018 21:38,11-01-2018 17:14,07-02-2018 00:00
6e9cd3f36a1e951e29d455913402c171,aa76c84a162fed7b8e5b935ce4ea7533,delivered,24-07-2018 21:54,24-07-2018 22:10,25-07-2018 12:15,26-07-2018 19:58,09-08-2018 00:00
5b4bb46d2cabe7e960a2b8bf70af105a,14bf3008a25d689c6ad3ca1b5b9975ec,delivered,18-10-2017 16:30,18-10-2017 16:45,20-10-2017 17:38,23-10-2017 23:59,03-11-2017 00:00
ed63e82cc089fa6625b919b6533ff7bc,d62fe8fd4137b91ddd653cccd56811b1,delivered,22-11-2017 09:16,22-11-2017 09:24,22-11-2017 21:42,23-11-2017 21:49,04-12-2017 00:00
bf2910ffd07baa17d7d2ce5a170da758,2441a257e681c06ff2101ed765647ada,delivered,18-07-2018 16:20,18-07-2018 16:30,31-07-2018 14:10,06-08-2018 17:42,06-08-2018 00:00
6672ea757b340c6ebd644244a2c982ae,8070cecab3f3dbd764a549623cfa6243,delivered,03-07-2018 09:00,05-07-2018 16:31,04-07-2018 15:11,05-07-2018 17:12,17-07-2018 00:00
41d1a34204ce66a59daa5590f05cc4fa,881554102719236e5c195d199d6d868a,delivered,22-11-2017 13:45,22-11-2017 13:53,23-11-2017 21:10,07-12-2017 16:22,14-12-2017 00:00
d9b968b9f8c464fd7941981e0ee66845,fa9df1d2b3ed5aa06027b89a34ec272a,delivered,04-08-2018 19:25,04-08-2018 19:35,06-08-2018 16:47,09-08-2018 17:42,17-08-2018 00:00
ff455a4ac6c4471e4e1ddc55f6610e60,db2bae68f396fde5433217c9730d1b7e,delivered,23-09-2017 10:03,23-09-2017 10:15,25-09-2017 17:36,02-10-2017 20:09,20-10-2017 00:00
573ef5595dd0028826051b99f5306ad3,15d268e1a1f123f6ed84dcb45b4df293,delivered,31-08-2017 12:44,31-08-2017 12:55,05-09-2017 22:36,11-09-2017 17:04,26-09-2017 00:00
0c91c4102d1858f4ced29970f55e54a0,ae8ed9c83d32613ae9f7e6c72443cdbb,delivered,01-03-2017 10:46,01-03-2017 11:01,03-03-2017 13:51,07-03-2017 07:57,28-03-2017 00:00
0300095becf10f9b2993706759522741,05428560b11124d146bc86a2c4d5bf35,delivered,01-07-2018 20:21,01-07-2018 20:35,04-07-2018 14:22,10-07-2018 20:33,18-07-2018 00:00
5342639ad4af90638a48134b744df827,10c7dc349ad0a77ea4540c0464567dcd,delivered,14-10-2017 19:33,14-10-2017 20:20,17-10-2017 14:55,24-10-2017 20:45,08-11-2017 00:00
37575790ea3501cfd8c51bfe42e08950,6877b5e3cdd8a9efac00e34fcaa4e02e,delivered,09-06-2018 11:03,09-06-2018 11:15,11-06-2018 14:21,13-06-2018 18:49,20-06-2018 00:00
6b9ac2a31d647731d9523ae035f17dbc,b25d246218db68891876e79b3476038f,delivered,26-04-2018 15:01,26-04-2018 15:15,27-04-2018 10:15,24-05-2018 16:32,28-05-2018 00:00
3d4a36b2720a815f829c5e1f82bbd0d5,29c938e10e5b108f3141464ff1bab857,delivered,30-11-2017 18:40,30-11-2017 18:50,08-12-2017 12:05,13-12-2017 00:52,22-12-2017 00:00
6ff68e4d7ba469f258223a389f864f25,a182cf6abe84f63e4ee29ac3ad7ce340,delivered,18-06-2018 23:30,18-06-2018 23:57,19-06-2018 14:36,20-06-2018 18:38,29-06-2018 00:00
d5292f531e571c16fcd72df9fc07336d,2ef9aa87865d1090e352dcc1b116ac23,delivered,26-04-2017 10:48,01-05-2017 22:34,05-05-2017 10:38,18-05-2017 12:20,19-05-2017 00:00
2fe72d522af94b1264d79a8e6e41f933,5dce0d6d2ad974afb75df4b6ae8e4ac8,delivered,18-07-2018 13:26,18-07-2018 13:35,20-07-2018 12:42,23-07-2018 23:07,26-07-2018 00:00
d64d6b004a4ffd419003fc0a128c1c50,42ec6e7b9d6b378c51d60ee3d0d65b30,delivered,25-07-2018 17:11,25-07-2018 17:25,26-07-2018 12:22,30-07-2018 10:52,17-08-2018 00:00
362cc20bf09835f4398cedd319fb7d8e,9eb0d8ae0777405811966250213e28a2,shipped,27-03-2018 12:10,29-03-2018 03:28,04-04-2018 19:08,,19-04-2018 00:00
378aab9f026bcce6c5d6b5b6453be88a,37c19e14f0f664e83d2068be6b1f44dc,delivered,08-04-2018 18:44,08-04-2018 18:55,10-04-2018 22:54,11-04-2018 23:18,25-04-2018 00:00
c20a9485bdb520396c83079ef63bc71f,74cbbd9942f97b98f93c63b3e0ec8edc,delivered,28-11-2017 10:50,28-11-2017 11:31,01-12-2017 19:27,04-12-2017 19:23,13-12-2017 00:00
54ac5ed66a8b2c74a3878d90d805f367,e6ed40b69433d15314244f3ef50bcd29,delivered,10-04-2017 14:29,10-04-2017 14:42,12-04-2017 11:53,19-04-2017 11:37,04-05-2017 00:00
2dd08b72f1dfc49c74883302437e6f6d,94d64c9b674e29504cf012056f182c9f,delivered,27-09-2017 20:04,27-09-2017 20:14,29-09-2017 19:39,05-10-2017 14:45,19-10-2017 00:00
9d43eaf1f72a6d200577517c4e4265e0,855f0b8c477c57d9c5d0210c260459a5,delivered,27-11-2017 14:18,27-11-2017 14:32,28-11-2017 23:05,14-12-2017 17:58,21-12-2017 00:00
97f6c1beeb18315f25509f009a45b111,e7ea13209423cee1f34f8e8c7c8eeb23,delivered,30-06-2017 12:57,04-07-2017 04:15,05-07-2017 12:39,10-07-2017 13:49,24-07-2017 00:00
5e84bf559fcc6a7a95c0d302a48c89be,faa3126cfc735934e9e43665018a21b1,delivered,14-06-2018 19:41,14-06-2018 20:02,15-06-2018 09:38,19-06-2018 15:48,11-07-2018 00:00
9d5dfd77cf32bd319a504f77a137491b,c590bde02b403025bd56faa049638968,delivered,20-03-2018 16:43,20-03-2018 16:56,26-03-2018 20:32,13-04-2018 22:58,06-04-2018 00:00
5cd498954e2b37d71b315166809b4bd7,ff1a56726b7ea149c7423865609cc0c8,delivered,07-10-2016 00:54,08-10-2016 03:56,25-10-2016 11:35,27-10-2016 17:32,01-12-2016 00:00
3030ecce41acdc5bf51484698b3d8fe7,c9f6f241518c8603c0c46f0817ba487e,delivered,22-11-2017 19:20,22-11-2017 19:46,23-11-2017 15:51,27-11-2017 18:34,04-12-2017 00:00
74d91d0ed661cdf6683637341c196645,73126bea0883827ebbbabe078fc513bb,delivered,16-07-2018 15:53,16-07-2018 16:10,17-07-2018 14:31,04-08-2018 13:48,06-08-2018 00:00
bc5cea9719955b2337f23a87db809566,d605f9f01f069c8665dba62d0d8de501,delivered,12-11-2017 17:39,14-11-2017 10:27,16-11-2017 18:43,24-11-2017 18:52,04-12-2017 00:00
e51859ab3a4df4a9dd8d6f60a060148b,1d84ab68816537ec824426841b34e696,delivered,01-10-2017 13:57,01-10-2017 14:14,02-10-2017 20:57,04-10-2017 22:08,18-10-2017 00:00
288edb42bc749855816a5e66e39d342a,4ce13550ee2faa98b72b3c507e1144f5,delivered,28-12-2017 17:40,28-12-2017 17:50,02-01-2018 15:07,09-01-2018 17:59,29-01-2018 00:00
0aea558128f1a96bd223babc4dc79bd3,daf457df7093e56187eda2050592817b,delivered,31-01-2018 20:50,31-01-2018 21:09,02-02-2018 01:43,07-02-2018 20:17,01-03-2018 00:00
5943f6d5dc8ba01f970b8ef4d18678cb,f2c52534beb7f3e34299986eb4950d92,delivered,03-05-2018 23:30,03-05-2018 23:50,07-05-2018 14:19,10-05-2018 04:32,22-05-2018 00:00
174fb39de9de15c80ea4076ba0cb6c83,cf6d28f68cf26d4e77f3482f0c452d70,delivered,05-05-2018 09:13,08-05-2018 04:14,11-05-2018 13:58,26-05-2018 13:32,30-05-2018 00:00
8b2f04328e5408c6e2f9ebd38f2af662,c7dfe8a4d98f2c191a73944ffcaa76cc,delivered,24-08-2017 09:19,24-08-2017 09:30,25-08-2017 18:59,13-09-2017 11:23,18-09-2017 00:00
9b0efb7141956726fa720e1ab576d4ca,2ac13f95801bc09dc5624673d54d4c31,delivered,02-08-2017 07:37,03-08-2017 03:06,03-08-2017 19:29,07-08-2017 14:42,22-08-2017 00:00
b3b9c134c866906502560d298369a253,b55d0d8610fbb4935574a98c33c6a60f,delivered,15-08-2017 22:45,16-08-2017 01:05,17-08-2017 17:59,25-08-2017 20:17,11-09-2017 00:00
a65f65e30792ce1c3492008e544cd0da,4274d726e175b67d5a1893ea0fa4e1a9,delivered,10-04-2018 23:03,10-04-2018 23:15,11-04-2018 17:32,24-04-2018 22:36,11-05-2018 00:00
f8965d92f9d8e18cd5d1a0e3bc9d15fc,fb31ae52945c45377e1ba9644b7f78e5,delivered,24-03-2018 16:14,24-03-2018 16:27,26-03-2018 22:05,09-04-2018 19:22,12-04-2018 00:00
93ee5063c90357efe9aaeabb20badbf6,9f4578f809480da7c0bc98fab02c1cc3,delivered,22-08-2017 14:39,22-08-2017 14:51,24-08-2017 19:24,28-08-2017 20:17,18-09-2017 00:00
4ce4fb772277f3a13a61a93b7f19d62e,595a590ba9c0127d59855c4dba71a69e,delivered,13-06-2018 16:19,13-06-2018 16:39,19-06-2018 09:33,22-06-2018 18:28,05-07-2018 00:00
421a29f5936d35b40acaa102627113f2,691a7804c3cf06446a3f2c13cecbf251,delivered,29-03-2018 10:32,29-03-2018 10:48,04-04-2018 17:03,19-04-2018 00:03,23-04-2018 00:00
fa77901ba32818c037de356056fd2a6d,f2c08c6a66c51cae87e9c931f97a022d,delivered,10-08-2018 13:14,10-08-2018 13:25,10-08-2018 15:51,15-08-2018 16:21,24-08-2018 00:00
a64331bb3f2dc9398fc61964bbf99296,96bfa6abb051b3b455959e2d0bc6aeec,delivered,18-07-2017 14:57,20-07-2017 02:25,20-07-2017 19:49,31-07-2017 18:42,17-08-2017 00:00
1f0fb6f94c105ba0047b56143a01c3a9,a915c5f2ffdc3c2a11a35c426bc8de6e,delivered,03-09-2017 18:42,03-09-2017 18:55,05-09-2017 11:33,11-09-2017 18:24,21-09-2017 00:00
bbdac08bddebc79ee2654423b9ad63c3,6b0135fff11f14781d72fc93315eec54,delivered,28-11-2017 13:05,28-11-2017 13:12,29-11-2017 20:27,13-12-2017 18:15,21-12-2017 00:00
9a3492f3f18d2b5cf77e8ce369f84d80,ee6afaf3c3be813761f25c1e66b8fedd,delivered,25-07-2018 15:19,25-07-2018 15:30,26-07-2018 16:45,31-07-2018 21:12,14-08-2018 00:00
b836b696665c1f7e1d72497adf574b4f,f1def85ade6e5b754d5f84a958fd48c2,delivered,24-01-2018 18:33,24-01-2018 18:52,29-01-2018 19:07,06-02-2018 12:58,20-02-2018 00:00
11bd7edbef6a822b220f48085472871b,95a66a1b875e06e6490b4ad49d7ef34b,delivered,10-07-2017 21:36,10-07-2017 21:50,11-07-2017 23:03,12-07-2017 18:05,21-07-2017 00:00
f97e435076c45487417ce991028f5445,dbb099efb706ebbe3d67bf067d2442db,delivered,11-02-2017 14:45,11-02-2017 14:55,13-02-2017 15:28,13-03-2017 18:35,22-03-2017 00:00
712ddc2da1bdd2e1b5f6baf0171860c2,6c9de7274450f72bc4fb8d28f629ef4b,delivered,10-08-2017 21:49,10-08-2017 22:04,11-08-2017 19:11,28-08-2017 19:23,08-09-2017 00:00
710770cfb61b2c43a091ab2c7b89a921,f3df91219ffe2fb3e399377acfd0e527,delivered,06-01-2018 14:25,06-01-2018 14:34,08-01-2018 21:49,16-01-2018 17:51,02-02-2018 00:00
f05b87cae9d521c780bc3dfc281ca892,1a7edcadd05cd374c32cc5e4f87d9832,shipped,04-08-2018 12:49,05-08-2018 12:45,06-08-2018 11:55,,24-08-2018 00:00
de6167039d6c71c0bea5a5d3b9437082,fa59e3b76be4ec3ab0fa05000e7bf6c2,delivered,04-07-2018 17:27,05-07-2018 16:22,05-07-2018 14:06,12-07-2018 17:32,09-08-2018 00:00
6e341e7f154e744143c5fc3e937bfda4,aa07a30179954e45af84aa94003d2174,delivered,16-08-2018 16:13,16-08-2018 16:25,17-08-2018 14:46,24-08-2018 23:36,04-09-2018 00:00
99d49f52685bd8c00ec0c341cc75d68f,119b719f1b5c337406af6f99bb135b78,delivered,31-07-2018 21:04,01-08-2018 02:44,01-08-2018 18:29,06-08-2018 16:26,13-08-2018 00:00
ed3096861c94e38da3ac5ded1f35a0b0,99b1950e7fcf9d753b721988c2eb724e,delivered,14-03-2018 15:15,14-03-2018 15:30,16-03-2018 23:55,19-03-2018 21:48,10-04-2018 00:00
4e21387c48145e5e07a1d552b1a69776,766a6dd9d0045e8462f001462976ff99,delivered,06-02-2018 16:17,06-02-2018 16:30,07-02-2018 16:28,14-02-2018 20:29,02-03-2018 00:00
4813c50e3548fa87684c05b730ecccee,3e4442cd2958fbd08dc760884b222ae2,delivered,17-01-2018 16:49,18-01-2018 02:11,19-01-2018 19:38,05-02-2018 21:09,23-02-2018 00:00
006dd93155bc2abd844cc5eed3a0fe7f,1b9506de3da8fd318853195b13fb2dda,delivered,02-12-2017 01:20,02-12-2017 01:29,06-12-2017 00:22,07-12-2017 20:43,03-01-2018 00:00
05d27719c66597da0628a53f6009ed67,243243e2638f6c85b2b5c38f5bf05b53,delivered,01-11-2017 19:01,01-11-2017 19:31,07-11-2017 15:22,14-11-2017 21:28,24-11-2017 00:00
db7c883ba7581113260202fc55e73782,ea1783902a99cb4a06723a929e42e680,delivered,26-02-2017 19:51,26-02-2017 20:01,01-03-2017 11:05,08-03-2017 16:15,23-03-2017 00:00
e08f76fed43c999d57979d1879871ce1,61aecad4ecccb2ef8e88726a68d832d5,delivered,26-01-2017 16:48,28-01-2017 04:36,01-02-2017 12:38,08-02-2017 16:54,28-02-2017 00:00
dfa7d326a489fe0c01a652351a552b43,c5fb3c3494f2aa02774d5930a1f981e6,delivered,07-04-2017 10:07,07-04-2017 10:15,25-04-2017 11:44,10-05-2017 09:25,03-05-2017 00:00
e991f50bb727c1894e1f74527af4edf8,ec8fc917ae3db1dcd518ce839aa26584,delivered,26-03-2018 12:07,26-03-2018 12:28,28-03-2018 17:18,04-04-2018 20:28,16-04-2018 00:00
8cf0fd0e7dc9c106fa1f09ba6bce7626,3d90a8bd92497095afe20f9efeeab825,delivered,31-10-2017 15:26,31-10-2017 16:31,01-11-2017 16:07,01-12-2017 16:54,22-11-2017 00:00
f27ea04b349ddb1a82dbc871adcefe37,0da38d38529e170d768aa55382969f6e,delivered,17-06-2018 21:03,17-06-2018 21:15,18-06-2018 11:17,27-06-2018 17:08,12-07-2018 00:00
405a30197dbb4ed83804a680c2bbae9b,15f4d0b2acbd4c1deb4d62a8111fc846,delivered,09-08-2017 22:34,11-08-2017 04:15,11-08-2017 17:20,14-08-2017 19:07,22-08-2017 00:00
06f3401b97e4d89032cbd5ac7670247c,31d79ded8b09c0a871f049c73f2d331f,delivered,26-04-2018 23:10,27-04-2018 23:13,30-04-2018 15:34,09-05-2018 18:17,25-05-2018 00:00
6a233c2059af7138039e43722cde5874,7f9cf0ed8393054038c883ea7171ea8c,delivered,10-03-2018 20:03,10-03-2018 20:15,13-03-2018 18:48,20-03-2018 20:08,28-03-2018 00:00
a03310d9287cd64790388948501066cf,737d438cd631428265f911322d7e7f9d,delivered,30-01-2018 20:45,30-01-2018 21:13,31-01-2018 11:26,06-02-2018 16:45,23-02-2018 00:00
ec727bb2d54db32de3e2a4845988fe0b,b9f66f0da7f1dcb542b44a18581c8aaa,delivered,14-01-2018 18:39,14-01-2018 18:49,18-01-2018 18:49,24-01-2018 15:56,05-02-2018 00:00
f1d572fdda4a03235f86ebb75b8e536c,20c428d35e8e49aad5e519babee5ff48,delivered,09-02-2018 17:42,09-02-2018 18:15,14-02-2018 19:07,20-02-2018 19:25,12-03-2018 00:00
9d8698c08be0d1824923f62270dd0d3f,6dadbad06dc0935c3987489ae60c4dd0,delivered,26-07-2018 23:41,28-07-2018 02:50,30-07-2018 19:55,07-08-2018 00:35,09-08-2018 00:00
4da937ffa1e058f52a9eeb89187d65b5,60951029b7686cc004b24fcc814e00af,delivered,21-07-2018 07:18,21-07-2018 07:30,23-07-2018 11:27,26-07-2018 16:36,07-08-2018 00:00
f44290da5e8c6072226e24963b341e8e,ee1f9e745337f488f8ec432cdf8a19c3,delivered,18-07-2017 19:42,18-07-2017 19:55,22-07-2017 12:32,30-07-2017 13:27,11-08-2017 00:00
22c8ac26992112755df2e1542f2d1cfd,840f60a1f70ae3558d61b38cc86e0d48,delivered,01-05-2018 13:14,01-05-2018 13:36,02-05-2018 13:36,07-05-2018 19:16,23-05-2018 00:00
0e3e431534069e8ac235c637dfb199d8,be5b31d927c5966440f2826da46e6449,delivered,05-04-2018 22:08,07-04-2018 02:47,09-04-2018 23:52,30-04-2018 18:41,27-04-2018 00:00
cd746a0e172f3aac198180760cc21a8e,6af52967fd8b6160228c7b2237f516f0,delivered,28-04-2017 17:36,03-05-2017 15:31,04-05-2017 13:44,17-05-2017 12:27,23-05-2017 00:00
e63271442e778d83ae9868408c1028e7,fce8eb224fb44bca516d50d140e88ca0,delivered,28-05-2018 17:05,28-05-2018 17:16,06-06-2018 08:20,27-06-2018 15:18,11-07-2018 00:00
69aea24ee3243d0535ea6e03789bb5fc,cda108ca8623c898ad5cbedfe9f6fc88,delivered,15-06-2018 12:46,15-06-2018 13:26,18-06-2018 15:52,03-07-2018 07:52,25-07-2018 00:00
32569fba210ee051f2c62dff9d4344ed,115eb2fbfc2d8446a2a6d38a0d800c6a,delivered,23-11-2017 16:21,23-11-2017 16:30,24-11-2017 21:47,01-12-2017 19:27,19-12-2017 00:00
f2e891dfdc747b73c508d7a5689e82bf,39d5be86f1b2c886e37fde07eaffd537,delivered,07-03-2018 22:16,07-03-2018 22:30,08-03-2018 20:36,15-03-2018 12:28,26-03-2018 00:00
d2e1e475eb8219af9fae283307d88860,0bfdd26f029a368b463a48a56b65f560,delivered,21-07-2018 21:41,21-07-2018 22:24,23-07-2018 14:24,26-07-2018 18:17,08-08-2018 00:00
c1c7173565800e41c6701cfc4435f467,2f0d2cbd1ac4d6d80d7cbc6bc5f22160,delivered,04-12-2017 22:10,05-12-2017 10:30,06-12-2017 16:04,21-12-2017 10:35,28-12-2017 00:00
3ce16e50c1842ad30631811796a31afc,53162926c6c60935bfbc4a9d9419ca99,delivered,29-03-2017 16:12,29-03-2017 16:22,30-03-2017 14:53,13-04-2017 15:52,19-04-2017 00:00
f3f075558b483bc41012c816ef977100,e7679548f90781fac8359cdbe2e2c729,delivered,11-09-2017 11:51,11-09-2017 12:05,14-09-2017 21:37,15-09-2017 13:15,21-09-2017 00:00
c53b15af645d91a057ddba9d0e1f21c7,e4257cc2f24d3cb4a68767a524dc8b76,delivered,18-02-2018 20:42,18-02-2018 21:46,21-02-2018 18:58,31-03-2018 13:44,16-03-2018 00:00
fa3c3fa4aaa5d4ca8cdfdd7daec909bb,ffd6afe9c06d9dd8bd646b79f23b8b82,delivered,01-05-2018 22:57,03-05-2018 04:32,03-05-2018 19:01,04-05-2018 14:17,16-05-2018 00:00
784389cee609eccd4f055e1eb8544285,97ad0d51c3ad245df8f37e747bbcb423,delivered,18-07-2018 11:02,18-07-2018 11:10,20-07-2018 10:26,26-07-2018 15:37,07-08-2018 00:00
06661c686ea79767c8ab8b8ffa3e62fd,7f4b6c52e1e85f2e166d5f01ea86dec1,delivered,06-11-2017 22:25,07-11-2017 05:31,08-11-2017 16:21,14-11-2017 22:48,24-11-2017 00:00
44bb5734f29017e33add235fbdf83b90,6603ae268d9d38a828d348fd2ea7ab8d,delivered,07-08-2018 13:40,07-08-2018 13:55,09-08-2018 14:38,16-08-2018 19:42,17-08-2018 00:00
1d52ba7197c7acebbb4f826f6585536f,c9c7fe860d602373a9e93f8bfe9d877a,processing,13-02-2017 18:32,13-02-2017 18:43,,,04-04-2017 00:00
ad27779fb29796c8d798f29aefedf3d0,aceb1218ab19cb199ebe711d613f9fae,shipped,05-04-2018 11:39,05-04-2018 11:55,05-04-2018 21:32,,27-04-2018 00:00
26cf5f2fef907ebc54269ab08ba4fc3b,aa680a3db54307a03f5ec70888d99ec1,delivered,16-06-2018 11:12,16-06-2018 11:37,18-06-2018 19:34,20-06-2018 00:34,28-06-2018 00:00
7f54ad19b476573fb7bf3beb2faa6c55,2e19f8c8ec1187ae5dc50e54bfba01a9,delivered,21-03-2018 14:15,23-03-2018 02:15,24-03-2018 02:18,27-03-2018 21:22,03-04-2018 00:00
e14fbb884fb89b4ed687485a902caf75,93c4960d58cf80f39108c219017866c1,delivered,15-11-2017 11:45,15-11-2017 11:56,16-11-2017 20:51,21-11-2017 20:12,06-12-2017 00:00
0a7af36dc9b46e0920a68a9e2ee2198e,0fb85ae4e233e275790cba098c95c855,delivered,11-01-2018 20:21,13-01-2018 04:54,15-01-2018 17:03,05-02-2018 19:48,16-02-2018 00:00
2804019a383c2bf8db7dde416cf663d2,fd66171c97600151f735da73fd0aa018,delivered,22-01-2018 18:44,22-01-2018 18:57,24-01-2018 19:19,26-01-2018 14:08,14-02-2018 00:00
0b339dee90210409b715a9f2b6af29a7,fb7df68b487c7340f5a4e9c5d4ae3e73,delivered,29-11-2017 13:49,01-12-2017 13:58,06-12-2017 00:41,11-12-2017 20:12,28-12-2017 00:00
3fa91d0a7193cb9564de5db19fdbbd47,597b42a7a20556e77af8e237b6245b6c,delivered,23-03-2018 15:16,23-03-2018 15:30,27-03-2018 19:41,28-03-2018 12:13,05-04-2018 00:00
4b939b269e876343e876d466afcb69d1,0f28d0a2069593ae2c5ec29fc3800a72,delivered,09-05-2017 13:06,09-05-2017 13:22,16-05-2017 11:25,22-05-2017 16:23,31-05-2017 00:00
dc96a12713fb7cbfd8feac4ab0b8f2a2,c47f0ed7fbd21fc9be2cfca83f0dd490,delivered,30-07-2017 11:30,30-07-2017 11:43,01-08-2017 16:53,07-08-2017 11:22,22-08-2017 00:00
524328eaaeddfd8aa01dc3897ad69935,18abbf4ddb0d8414b4f9de1d7d865fb3,delivered,10-02-2018 23:58,11-02-2018 01:08,15-02-2018 18:00,27-02-2018 22:09,19-03-2018 00:00
247d5afd3ec08a69d7ae743a6fcae022,f2ef4ea65c9d748b559c450074db04d4,delivered,23-03-2018 10:31,24-03-2018 11:32,26-03-2018 14:17,28-03-2018 19:48,06-04-2018 00:00
7d07b6c1321e0ae86b7d6205e015f0a1,2cdced5335b76d6e563bfa3a40bcf7a4,delivered,18-04-2017 23:33,20-04-2017 02:55,20-04-2017 12:22,27-04-2017 05:57,10-05-2017 00:00
fcc92ad75bbb8728d4d4488325ffc907,0980d72e94bede8b0f7d8a4cd32511c8,delivered,24-03-2018 09:22,24-03-2018 11:41,27-03-2018 22:54,31-03-2018 15:48,17-04-2018 00:00
ac14a1a3d8c2b071a150eb2990b5ecd8,0dbeefcc8215e4d6b6ee3ec0c8a2f222,delivered,03-02-2018 22:36,03-02-2018 22:50,06-02-2018 19:28,14-02-2018 22:11,08-03-2018 00:00
afa17ebff8d7e00d7c9e04860c7ddcea,a40c9c907d645ac0394aa28875d5986d,delivered,10-02-2017 21:12,11-02-2017 21:22,15-02-2017 09:14,21-02-2017 18:21,16-03-2017 00:00
100ed138d169a3f969afa5449750db73,668e11820ada44a1b6cbf090995bee1f,delivered,05-05-2018 13:56,05-05-2018 14:13,09-05-2018 16:22,16-05-2018 14:35,28-05-2018 00:00
1cbc5d1981e34d5c950e9418aa02217d,f3875c080718c7e384875c4af4951afa,delivered,06-01-2018 17:12,06-01-2018 17:26,09-01-2018 23:47,23-01-2018 13:39,06-02-2018 00:00
bf9a3a8d9db6be5e4dfcfe2f071ef405,26fdb52d0382ebe750a8866b5bf9e5db,delivered,02-12-2017 08:50,02-12-2017 09:09,04-12-2017 21:52,15-01-2018 20:42,02-01-2018 00:00
b5195225c11fc325d686d24fe14eedbb,7fc191973597f7e5c232ecee9d7922ff,delivered,02-03-2018 10:35,02-03-2018 10:50,08-03-2018 19:56,07-05-2018 15:59,04-04-2018 00:00
8713b68a2b202b96d7de08d7e0b8f1a9,94eba5d03fc4a87e9a98c17ae4585bf7,delivered,18-08-2017 00:12,18-08-2017 00:44,23-08-2017 21:40,04-09-2017 15:43,14-09-2017 00:00
86f93f534bde58b65acb4aa52a45c8eb,81c6ab437fe90b28b08c3da8d1d12694,delivered,12-03-2018 00:22,12-03-2018 00:31,13-03-2018 18:02,21-03-2018 20:12,12-04-2018 00:00
369cb139024a5e7dcc497edd71a6f244,25d92c6c06f5fbdfc66aa5d91a5b17a4,delivered,27-12-2017 09:47,27-12-2017 09:57,27-12-2017 21:14,09-01-2018 18:03,24-01-2018 00:00
4338e6bc70fcf731f6d799f56c66b6cb,f8ec0585a994417a4bd53c5156689ddd,delivered,26-01-2018 17:06,26-01-2018 17:22,29-01-2018 18:15,09-02-2018 01:08,21-02-2018 00:00
a4d7c8bca45b56444e3c59ddcca7d7c9,fcdb673d0f8d2b84d3862193f17a08f9,delivered,29-08-2017 12:36,30-08-2017 02:05,04-09-2017 21:21,08-09-2017 21:36,22-09-2017 00:00
08d70627d548cd883ac394cc5da92d87,05de5898b9da9365b1823e7fd23700c1,delivered,14-02-2018 17:35,14-02-2018 17:50,15-02-2018 20:34,23-02-2018 01:09,14-03-2018 00:00
57fac99131db488c097fd2b5a75255dd,77188a1f345ff96d99ab8fc8bdee03bc,delivered,13-08-2017 21:05,14-08-2017 21:24,15-08-2017 18:32,22-08-2017 19:21,08-09-2017 00:00
13bad9a229ea7c04888ada5c6c971c28,7b889aa673094a3d02825ce67ee7b54b,delivered,07-05-2018 21:52,07-05-2018 22:11,14-05-2018 09:30,01-06-2018 17:56,29-05-2018 00:00
8da4b52fdefe7256cbe20ebf03ac47b7,550290db9e0772d476e9d9aeea14afa6,delivered,07-02-2018 18:35,07-02-2018 18:50,09-02-2018 19:38,07-03-2018 17:48,08-03-2018 00:00
fbee7d34e8344a4c1775259e98e9a2a3,79f895a52c8f46cdff6fd6e8763963cb,delivered,18-06-2018 21:38,18-06-2018 21:58,19-06-2018 14:59,21-06-2018 18:03,12-07-2018 00:00
4389819b71f1f23563fa9eadadc12a06,0d3740ed03979ba91a9cb4eb6300dd49,delivered,04-04-2018 12:47,04-04-2018 13:10,05-04-2018 00:33,11-04-2018 00:32,07-05-2018 00:00
38957bce5d0653b7a5b419556e7b9ba3,db91a791665fab255d516b921f1c826f,delivered,05-08-2018 21:48,05-08-2018 22:04,13-08-2018 06:34,15-08-2018 18:22,23-08-2018 00:00
55b2cadb9946209a0283fd636ddc6676,32f7f86eb8098b2c0bdfc1604b5da9bf,delivered,14-12-2017 17:38,15-12-2017 02:19,18-12-2017 20:09,04-01-2018 20:14,22-01-2018 00:00
a8aa2cd070eeac7e4368cae3d8222e2b,2c5519c36277c3f69df911c68cc97e50,delivered,09-05-2017 17:42,09-05-2017 17:55,10-05-2017 15:30,16-05-2017 23:22,18-05-2017 00:00
11210d2ba14b85282d66a4c956724533,51293a462a75bbaa62b024a7da9e068a,delivered,05-02-2018 16:15,06-02-2018 04:33,20-02-2018 13:48,06-03-2018 11:29,28-03-2018 00:00
fe2d73eb11a3d7eeea4e897f8ce8eb59,bc8bc13c6748cdaa83178cdf94ba57a9,delivered,16-02-2018 14:01,16-02-2018 14:10,16-02-2018 23:36,19-02-2018 16:52,05-03-2018 00:00
b62403f840bd7a9bddb5b25d19c227a6,cfa017a9574dad12aef6224074fca734,delivered,15-11-2017 14:30,17-11-2017 10:30,21-11-2017 12:49,23-11-2017 18:37,04-12-2017 00:00
84cb0c7a55c176d0a08ced1bfd5d0af5,6c90e1d5132397793019aad82cb7c985,delivered,18-04-2018 18:59,19-04-2018 02:51,19-04-2018 17:42,20-04-2018 18:18,04-05-2018 00:00
7f94f1618e029449c3041113289cc240,2f07e48012def52891a4e56dfca6b9ff,delivered,06-03-2018 13:40,07-03-2018 02:35,07-03-2018 23:55,24-03-2018 15:08,22-03-2018 00:00
c9c090d55d074c5b0d0effca2b928d4c,44ceede9e72823df1130be3bb7996635,delivered,02-03-2018 19:25,02-03-2018 19:35,13-03-2018 00:26,17-03-2018 10:51,29-03-2018 00:00
b826c69bf943ea295e515a1078f76086,f41d2058b5f03c36e81d18a58878e876,delivered,23-07-2018 02:44,24-07-2018 10:31,24-07-2018 14:42,09-08-2018 19:22,08-08-2018 00:00
e340657d4d28d54192270b3b99ba63f4,ad98dd84e944900f8cb73cc24e611d5a,delivered,31-01-2018 08:45,31-01-2018 13:51,01-02-2018 23:29,08-02-2018 01:47,23-02-2018 00:00
9edd9058babbac571631bfc8092e47c3,959e9e378242bd601d7e2dc08828f53c,delivered,30-08-2017 12:46,30-08-2017 13:04,31-08-2017 16:44,15-09-2017 18:15,22-09-2017 00:00
2a142c0426781261c6ea8c07941a55a7,94e4969b72d31602e59dbb8d2c7c1d09,delivered,24-02-2018 10:26,24-02-2018 10:47,27-02-2018 04:11,28-02-2018 21:43,14-03-2018 00:00
d62324319b4efb72f855f123f06cb07f,7eb38a9118f8a13aed9f3587e13e33cc,delivered,21-05-2017 22:53,21-05-2017 23:05,23-05-2017 15:45,03-06-2017 08:55,20-06-2017 00:00
f913d229653fdd809c249ed98ab6b754,e1365d7b227b247b6bc0931771885eaf,delivered,30-04-2018 02:18,30-04-2018 03:00,30-04-2018 13:54,08-05-2018 17:53,24-05-2018 00:00
56af0400ccac703cca01cd9846d29c58,89d08063d07129349239d9584c768a9c,delivered,20-02-2018 17:37,22-02-2018 02:30,27-02-2018 01:48,06-05-2018 17:08,19-03-2018 00:00
1a58f35be1cae85f27119089958d5c7a,91d77116484e151dafb5510b82c22eac,delivered,12-04-2018 16:14,13-04-2018 12:50,18-04-2018 17:56,19-04-2018 18:18,30-04-2018 00:00
38d6205cb4508e8d63dcbae0aac1fe96,d0ca4d9e8fa6fca510ed593effc04df5,shipped,02-05-2018 09:02,03-05-2018 03:55,03-05-2018 14:18,,25-05-2018 00:00
096b267153128e0d7f9e593bba803956,df9432f68e31773dc4b20fb916f2f647,delivered,23-06-2017 08:45,24-06-2017 02:31,28-06-2017 13:17,29-06-2017 13:11,06-07-2017 00:00
790512cc033ced5f8fe1f9158eb8f2fe,8752a4fb5c55922535507e67d4f431c6,delivered,28-02-2018 22:34,28-02-2018 22:47,02-03-2018 20:05,21-04-2018 20:14,20-03-2018 00:00
2f92b812fd7c7df5b629833c484cdf1d,18f6ca10777417c932cf49e7fc9387ff,delivered,18-01-2018 14:40,18-01-2018 14:56,19-01-2018 18:48,01-02-2018 19:20,15-02-2018 00:00
2a30390f1b957c7120f80795b9f97316,e1a66c81cd7d20ecf12f40679b70eab2,delivered,26-08-2018 17:28,26-08-2018 17:44,27-08-2018 14:15,30-08-2018 23:24,13-09-2018 00:00
b4e2eb7f4325b44130052476646043c6,cfa96f1103002b25178f822afeb4c104,delivered,12-06-2017 23:00,12-06-2017 23:10,13-06-2017 15:59,22-06-2017 18:32,03-07-2017 00:00
9646b5afa783a0861b20b9b106229076,8ce7e88df97ba2a54e3b4b6f3ccf757b,delivered,01-01-2018 22:54,01-01-2018 23:07,05-01-2018 20:51,08-01-2018 17:19,22-01-2018 00:00
82b1c20e33da405ba22cded4ff91d160,05ad208d1e3ae7d49fc33c89026327d2,delivered,12-02-2018 23:11,12-02-2018 23:27,15-02-2018 00:32,17-02-2018 13:29,26-02-2018 00:00
56ec7cbe6d41f3fdbbe68de8142b3123,f0b133218c83b8eb0298301a5b4c17ed,delivered,16-08-2017 22:06,18-08-2017 02:30,23-08-2017 13:30,01-09-2017 22:18,04-09-2017 00:00
593b6eefb72afdf364b30dedb1294414,361075ad44ffadb27e3440aaa0271533,delivered,24-11-2017 21:53,25-11-2017 01:31,27-11-2017 19:48,05-12-2017 20:45,22-12-2017 00:00
85bbb7b7b20d622bb504d5e2be1ce4ca,317fb4e6f110c2dfc11b19630875cccb,delivered,15-05-2017 16:58,15-05-2017 17:15,18-05-2017 10:04,31-05-2017 11:37,14-06-2017 00:00
2d8a0bc4abbb7bbb3a420f2219f02f93,4c80c9c4f15db841f85d24b515c68ba2,delivered,22-06-2018 21:39,22-06-2018 21:58,26-06-2018 14:33,29-06-2018 17:41,20-07-2018 00:00
af312feacf16e33a9b01189ded132df4,1ab1cdf0251ee60790cac24a399bbe41,delivered,10-03-2018 18:18,10-03-2018 19:08,12-03-2018 18:42,23-03-2018 18:48,02-04-2018 00:00
69bfec47c3230907ad9552f2f1e0c690,fba1b16ea69f821d782b597f71ce2fc3,delivered,23-01-2018 18:31,25-01-2018 02:57,30-01-2018 01:11,06-02-2018 11:41,15-02-2018 00:00
ee0db22a8e742b752914016708470ec8,aae50600d30bf2efe013ca4c1754ded7,unavailable,24-08-2017 11:04,24-08-2017 11:15,,,18-09-2017 00:00
61a85d9f7f064313ebd87019f7a65903,9609746d9d84c1096dce6a95b3a9f7ed,delivered,15-05-2017 16:28,15-05-2017 16:43,16-05-2017 16:19,23-05-2017 16:18,22-06-2017 00:00
aadd5a22c7d1dd16b1fe905a302d70e2,f4d98068179c2289cd5f050f0ac67644,delivered,25-08-2017 08:58,26-08-2017 02:15,08-09-2017 19:54,13-09-2017 18:10,27-09-2017 00:00
d815bd2c2bdd79e4c0e0263caa986d66,04d7d73089b39d83f81b829cbd98e43d,processing,15-03-2017 10:30,15-03-2017 10:30,,,13-04-2017 00:00
cb2ed75db8803d99a171c1056638ae9b,d32393bafaf1d7caa8147c19838c4090,delivered,07-04-2018 14:12,10-04-2018 04:10,10-04-2018 19:08,23-04-2018 15:39,10-05-2018 00:00
652c4ec4ac6a529e56176feba143e388,ed5b3952b9a674f798d9cd2fbd854ed5,delivered,24-04-2017 22:57,29-04-2017 23:33,04-05-2017 15:51,08-05-2017 11:47,15-05-2017 00:00
f6cbd0bea76d160391128a43b629ae9f,7e513111ace41e153422909d22223677,delivered,16-02-2017 09:42,16-02-2017 09:50,17-02-2017 13:34,02-03-2017 14:09,17-03-2017 00:00
5d78d11ebe819b207a2c7530ca368d0e,5f5338d15473dca8643f97ed503ffe96,delivered,11-04-2017 13:23,11-04-2017 13:35,12-04-2017 09:18,19-04-2017 11:18,09-05-2017 00:00
eb3b5ecbc980ff057c188ea3b3eaf722,3b9470ed68cc82d8fdaaf97d552e8fd2,delivered,04-07-2018 14:54,05-07-2018 16:09,04-07-2018 16:13,09-07-2018 12:32,23-07-2018 00:00
36cd1ce42b6013f372ceb0a80b2a1b7c,c65121f92dcf3a7d5a7b612ea1756bdc,delivered,20-08-2018 22:15,21-08-2018 09:10,22-08-2018 12:43,28-08-2018 23:46,03-09-2018 00:00
4b673ab5e166be0e06ffbac98732264b,4dab6a9558a5b8884eab4e5abfa71a76,delivered,13-08-2018 16:28,15-08-2018 03:25,22-08-2018 14:15,28-08-2018 22:14,11-09-2018 00:00
a34ee4377977a9fb56e0f98a503f0dda,d8f4f31d3c53ea3bcbaad5249591871b,delivered,11-03-2017 00:05,11-03-2017 00:05,15-03-2017 14:05,27-03-2017 14:19,07-04-2017 00:00
0435b65bfd0a1cd1c48a82f5b405ea78,625784c6aad212dc7d249ea10e276617,delivered,18-07-2017 13:32,18-07-2017 13:45,26-07-2017 17:59,01-08-2017 20:34,15-08-2017 00:00
6e546451c98a5df5fccb147e1c68827e,8c7e8c23615d33fffa609b8702645cb6,delivered,22-04-2018 23:01,24-04-2018 18:37,26-04-2018 13:22,02-05-2018 22:42,22-05-2018 00:00
1613193aa6cbc8820d6b5c12536722a0,61cc0e28471e6851f580dbdcb60854e3,delivered,15-03-2017 16:00,15-03-2017 16:00,21-03-2017 11:38,18-04-2017 12:12,26-04-2017 00:00
886554d6a49f10154eb12b81a6c4ef4b,42382073d3ad89dce202e766862bc851,delivered,15-03-2018 13:11,15-03-2018 13:29,16-03-2018 21:53,24-03-2018 10:33,23-04-2018 00:00
e5f3aa7d16fea584333063fee66666b5,2c945d100d97a528af1ad94613a8018e,delivered,30-11-2017 15:47,02-12-2017 02:38,05-12-2017 00:03,12-12-2017 14:52,26-12-2017 00:00
b64b1539563ff515922bd124fd838863,a22203b8cd7210764aa43f442904a076,delivered,06-05-2017 11:48,06-05-2017 12:47,08-05-2017 11:46,24-05-2017 15:06,21-06-2017 00:00
f11d42e75fda2da775eb7a258bc5c635,a7ad58f5e42ef88d447efe9d7b02f4df,delivered,14-12-2017 18:33,14-12-2017 18:52,20-12-2017 16:38,21-12-2017 14:19,03-01-2018 00:00
06d6b5a626ba890f56dae296e1384f75,565ab5b150fec651f51db8783d2e645a,delivered,05-02-2018 19:28,05-02-2018 19:50,06-02-2018 19:54,23-02-2018 21:09,13-03-2018 00:00
23af56e201b15091e86aebe6bde84b2b,2acc2e222c7d4a93c01b88d28b17a1b3,delivered,20-02-2018 22:22,21-02-2018 18:50,22-02-2018 23:27,22-03-2018 18:34,19-03-2018 00:00
66608d7d921ffa9c6409e0a80f383861,34d4006019767b756428bebda87427e2,delivered,29-11-2017 13:05,29-11-2017 13:14,02-12-2017 00:18,04-12-2017 23:56,13-12-2017 00:00
15dbd4fa73037a8e8a6c619e4cffd46c,0f5cbabecf09e4453086b1db91138cb8,delivered,01-06-2018 01:20,01-06-2018 02:33,04-06-2018 15:09,09-06-2018 11:04,29-06-2018 00:00
d487835d01a5017cf60bdec36e5e8cff,40357acb43a9f2bac194202545bef741,delivered,28-05-2017 02:08,28-05-2017 02:15,29-05-2017 11:47,06-06-2017 15:35,21-06-2017 00:00
a212cde404c8177ad20508a28c282082,29461056d55b904562da2d9698e6a923,delivered,16-11-2017 13:20,16-11-2017 13:50,17-11-2017 13:28,27-11-2017 22:59,12-12-2017 00:00
52b828f13e08788433adad4a7d135779,3c9a7cf7435eb8c2afd717c62809b521,processing,05-05-2018 22:32,05-05-2018 22:53,,,01-06-2018 00:00
edcc6b79e8394346ba3ba21b00b4055e,08aea10c40f606e52597486db2b56a81,delivered,29-04-2018 16:03,29-04-2018 16:15,02-05-2018 08:25,11-05-2018 23:12,25-05-2018 00:00
dacbba6fa0fb5bbe678d0d3007b0be10,21fa276ecd01f54a1a15fe00a51110af,delivered,16-03-2018 11:47,16-03-2018 12:09,16-03-2018 21:33,09-04-2018 19:58,05-04-2018 00:00
e3143ad1af7d0f2878a66a1cd565e4a2,b0f994938a75bb0c6a523fee2e7c5746,delivered,07-03-2018 13:34,07-03-2018 13:48,08-03-2018 15:23,29-03-2018 19:33,10-04-2018 00:00
bc58b90707a6d6fe11fa9a989c5a7269,48af1e304b92d53867e5bc8892f2b052,delivered,19-11-2017 20:27,19-11-2017 20:46,21-11-2017 19:22,07-12-2017 14:38,12-12-2017 00:00
b7a418412fbab412e2a4da964aa235e4,a005c22f16d0a335ffdedd9173c83c53,delivered,23-02-2018 08:22,23-02-2018 08:30,02-03-2018 01:22,15-03-2018 21:51,16-03-2018 00:00
972c2e78e9af23a750a48184aadfca4d,9a311a6bd1f11fe0aa7cd6b77ba8e8ad,delivered,27-07-2017 08:44,28-07-2017 08:50,02-08-2017 18:22,16-08-2017 18:29,24-08-2017 00:00
c6bbe896f3c4d0cc5969d1e46ecab29b,31bfe03c50b9796f8b3b1360ea888364,delivered,12-04-2018 20:51,12-04-2018 21:12,13-04-2018 23:42,19-04-2018 21:58,08-05-2018 00:00
31209eb386cfc93a1aeacf7d2da74f86,a7822dc752d3f4130c061c077d15d5e4,delivered,19-02-2018 21:53,19-02-2018 22:55,24-02-2018 00:42,23-03-2018 14:28,23-03-2018 00:00
44029f83c215c9ede6c231dda3ab2219,3a274a842a177ac78b8c85127962aeba,delivered,01-06-2017 10:52,01-06-2017 11:05,01-06-2017 14:18,13-06-2017 11:18,26-06-2017 00:00
33ef079ec39c1b46e6e552e038e67c5b,4a5dc0dfa0d6bb6fee6eac33a4b39d7b,delivered,15-01-2017 18:57,15-01-2017 19:10,18-01-2017 04:57,20-01-2017 16:47,01-03-2017 00:00
2f7201b5d9baf4deb546eefab3b7125a,215db0d9420c188518c58426fc946c9a,delivered,22-02-2018 23:29,22-02-2018 23:47,26-02-2018 09:18,13-03-2018 22:38,21-03-2018 00:00
ab042583eff2cb1ffe2110a95da95d4b,6fb4f2354f36e554ac80141e9128f528,delivered,22-01-2018 12:02,22-01-2018 14:19,24-01-2018 14:36,07-02-2018 21:22,22-02-2018 00:00
eb9236a155ca9a3bb5059cdb8e167724,dd9e6d0e73eaac93397a66b760d9809e,delivered,07-01-2018 15:20,07-01-2018 15:27,08-01-2018 18:46,30-01-2018 19:59,02-02-2018 00:00
e14b9bc8bd743ef2c1075fa8c73e52a6,1ac37d50d7aa51410432a743a9c52ca9,delivered,15-06-2018 15:26,15-06-2018 15:59,18-06-2018 12:47,28-06-2018 21:32,25-07-2018 00:00
56ab0ef6726f49b711b84ce62e305c7c,5a643f32f961a09e6046bad513aa588b,processing,21-11-2017 17:54,22-11-2017 17:59,,,13-12-2017 00:00
65650a09e390bf885b72172fb90348cf,eca08a2a142685e81a822aff8d3df37b,delivered,14-11-2017 00:52,14-11-2017 01:06,16-11-2017 13:46,24-11-2017 19:32,08-12-2017 00:00
a4efaffc506a395c9cea7402b078c1e5,2020559b0ae9910898ef57a8159533ab,delivered,17-01-2018 10:50,17-01-2018 10:58,24-01-2018 12:30,07-05-2018 19:25,23-02-2018 00:00
fcc69f39fe215a8ad61a1d1b1868d88d,4ff41b1c00bade23c1ddcdabf5fe9009,delivered,11-06-2018 20:19,11-06-2018 20:41,12-06-2018 14:05,18-06-2018 16:22,04-07-2018 00:00
5f67e17e7b6a4989752e40276de7a0e7,e6c67be032549956a7f9f38854a918f7,delivered,15-12-2017 22:58,15-12-2017 23:11,18-12-2017 20:06,05-01-2018 14:14,15-01-2018 00:00
632caa865e0a254b21fc0ce5e6d02006,7d03d567ff50c1fb0e43724bf5f92fe7,delivered,15-03-2018 18:52,16-03-2018 17:35,19-03-2018 19:28,21-03-2018 21:21,28-03-2018 00:00
2f6c001bbacba3575b0852b17b0c3dd1,b2b863015dad63b56e3b9dae12d52f71,delivered,04-06-2017 20:44,04-06-2017 20:55,06-06-2017 18:38,14-06-2017 16:38,28-06-2017 00:00
a4907d55de6b9e1bbeffd51d8ea317bf,6400a543b43290107a7e65480ac3b41b,delivered,16-06-2018 11:46,16-06-2018 12:18,18-06-2018 13:51,03-07-2018 00:51,23-07-2018 00:00
cdf2839409d0f62e2b2e61b62b72dc16,852947b57caab58c544343592f5e06d2,delivered,14-02-2018 10:26,15-02-2018 04:07,15-02-2018 22:08,26-02-2018 15:27,08-03-2018 00:00
9cff15929217597cae032b555b2bed95,36b9676e6379e30a0df0cd7eddb48c2c,delivered,29-06-2018 14:40,29-06-2018 14:50,03-07-2018 12:12,09-07-2018 21:56,20-07-2018 00:00
7f2f81a366f89b37109845799fc5bbf3,844cb4ee61b1b92e94afbe24cb04edf8,delivered,17-11-2017 08:47,17-11-2017 09:06,23-11-2017 18:37,29-11-2017 22:34,30-11-2017 00:00
a9cd6c2b2f5fb42940c49246ea7ce08f,3e7b2479252ab3087413e44eb3354263,delivered,02-02-2018 11:14,02-02-2018 12:15,06-02-2018 22:43,15-02-2018 17:20,02-03-2018 00:00
ea974c4643d1f84570ee374ac0b44475,5d2a6f43827078f498988bdf977913be,delivered,18-06-2018 16:28,18-06-2018 17:01,20-06-2018 13:03,26-06-2018 19:38,12-07-2018 00:00
0350e1e5b7265e23e84b1e467e0b6b82,13a546131c3ba5360cefc5abbb428a01,delivered,19-02-2018 10:29,19-02-2018 10:46,21-02-2018 20:08,23-02-2018 23:52,05-03-2018 00:00
9a01e11eb3e82a6d9e7bd3f3acafa7ca,49206e681a7405da8d06cf16883575ff,shipped,02-03-2018 22:07,03-03-2018 15:35,06-03-2018 00:04,,02-04-2018 00:00
13dabdb9dbb49bde13dd90285c2640eb,bdeed2682d24050311eb6f60d75721e5,delivered,12-02-2018 19:26,12-02-2018 19:35,15-02-2018 15:52,15-03-2018 18:58,13-03-2018 00:00
b28cd85f7b7464e08e64f88fc6f6123e,142971bb683b69e32bf1b691f9acc928,delivered,02-06-2017 08:48,02-06-2017 09:03,02-06-2017 14:49,09-06-2017 12:43,29-06-2017 00:00
6596197a74edd396e3d34c53eff4ad6f,524d1030b6d659f0aa5e03f459a89b34,delivered,07-02-2018 20:18,07-02-2018 20:33,09-02-2018 16:44,15-02-2018 15:38,05-03-2018 00:00
2e8de999929cf628d91b5a78fb7c71de,79990624398c7f07be8365fe30da10a1,delivered,16-04-2018 10:37,16-04-2018 10:50,16-04-2018 23:32,24-04-2018 23:34,11-05-2018 00:00
9eee5730bfa05aa51dea08370c871abb,34f6d97c05765ba01cc9a5d58ce3ab7e,delivered,18-09-2017 22:36,18-09-2017 22:45,20-09-2017 20:17,03-10-2017 14:00,13-10-2017 00:00
66656ddf8a0954cd14d95c8d3ed6678c,839b4dc2602b8041b1593c8ad4c08682,delivered,09-01-2018 14:08,12-01-2018 08:53,13-01-2018 02:15,23-01-2018 19:02,08-02-2018 00:00
121bf0ddd1c3d94dd344d3f0e81de607,76151a775ac037b2e2acea0033ad43e4,delivered,10-02-2017 12:01,11-02-2017 06:50,20-02-2017 03:54,23-02-2017 11:23,16-03-2017 00:00
b483e46d6e6756224ac7bfebadf91e15,d3a05bd8ea655c5e7d56120b0b23669f,delivered,12-07-2017 14:11,12-07-2017 14:30,13-07-2017 18:32,14-07-2017 18:38,27-07-2017 00:00
7ff3ca8faea7dab783c1b45a736fb744,10953b2bea8e8eb31821c2d41e85c4dc,delivered,30-06-2017 20:48,30-06-2017 21:03,03-07-2017 12:32,05-07-2017 09:07,13-07-2017 00:00
ed74f58267e72cfff04845c801ae8bf0,b5f6b4b52d86c568a9b41c6babaebb20,delivered,25-04-2018 22:01,26-04-2018 21:55,27-04-2018 13:12,02-05-2018 16:46,23-05-2018 00:00
9216e5f315f7427f8bc325d861e071ec,028d9c8cb891f2860106890cbc40834f,delivered,03-05-2018 12:49,03-05-2018 13:11,04-05-2018 07:49,15-05-2018 00:27,23-05-2018 00:00
e61b3892b434215d5575d1f4c1b94da4,307329610b09cf8c45bec0d871eb1ec8,delivered,23-07-2018 19:25,24-07-2018 10:31,30-07-2018 13:23,02-08-2018 20:16,15-08-2018 00:00
75626319165f5a98618d8916fd5c6df8,7e8b40da1dd60be07114921fe802381e,delivered,02-11-2017 21:45,02-11-2017 22:06,06-11-2017 19:11,14-11-2017 18:09,08-12-2017 00:00
b16a6ea9c85cf3f6644f1529e04982da,1b2e930fc7821a521be8b5dcffa540e0,delivered,20-02-2018 14:06,20-02-2018 14:28,22-02-2018 22:36,26-02-2018 22:22,16-03-2018 00:00
71f2cb6a79279eae67ab5e770b2c2053,896fbb79da75a6bb466de84b5dcacc41,delivered,31-08-2017 14:26,31-08-2017 14:35,01-09-2017 14:04,06-09-2017 15:13,20-09-2017 00:00
aeb12b49be31428bee39c92e36968325,def2837c388d3254b44cc238dfaaa628,delivered,27-03-2017 20:31,28-03-2017 03:50,28-03-2017 08:24,13-04-2017 10:42,13-04-2017 00:00
fe9a6d1cc6a07629474a4ecb1ed9077a,e98e177d7d60c154a7da57096c1680f4,delivered,11-12-2017 23:18,12-12-2017 00:05,22-12-2017 08:39,26-12-2017 18:25,04-01-2018 00:00
23c4889b86a761e3cc76cecad70bff4f,7c397262827fc3b4fb1eaee0d480cbbe,delivered,09-03-2018 02:40,09-03-2018 02:50,10-03-2018 17:21,19-03-2018 15:42,27-03-2018 00:00
2f2d19b0f7b592189062b9ba3eaecc16,ff9602a062f03021213c2ffcfd7f7e9d,delivered,27-02-2018 17:09,27-02-2018 17:28,01-03-2018 01:23,16-03-2018 01:06,26-03-2018 00:00
e0b23ee5e7134cc220b6bbba915ee91c,04c6e463d6568c157c2b96e5a4e34a23,delivered,19-09-2017 19:46,19-09-2017 20:04,21-09-2017 19:11,29-09-2017 20:49,05-10-2017 00:00
9f98d6530155e3b3869f47e53834b562,0f1749055e31c2093f2392e8a639e1be,delivered,20-09-2017 15:26,20-09-2017 15:44,22-09-2017 18:46,03-10-2017 23:18,13-10-2017 00:00
2bfb6645f99e561b82bbdd84c98da7e1,1052b949c000efee96083e5b24bd7a60,delivered,11-05-2018 22:49,11-05-2018 23:11,14-05-2018 11:13,15-05-2018 15:56,24-05-2018 00:00
e0392865844b1934818565a516cf8bdb,9146a82ef0aef149115d9365555b4343,delivered,18-07-2018 12:19,18-07-2018 12:30,19-07-2018 13:58,23-07-2018 21:30,09-08-2018 00:00
a4df4e468e42ed5687c3ee2e925239a7,e5e50b9e762526a12499a7bb4e97a862,delivered,04-12-2017 17:42,04-12-2017 17:56,08-12-2017 21:38,15-12-2017 23:42,28-12-2017 00:00
1cbc4deb78977f04e2e3c262a613abc0,091644e5b77192246134faa0a042a356,delivered,25-11-2017 13:31,28-11-2017 03:32,01-12-2017 21:59,07-12-2017 17:48,15-12-2017 00:00
8c98f0aff69a4ac8620e15058c497092,0b706fbffec4cc332af5995e683ba779,delivered,13-06-2018 22:04,13-06-2018 22:38,14-06-2018 12:49,25-06-2018 17:13,05-07-2018 00:00
c7a01909a06bdf140604711177208036,ccb8fcc1f4292df715ceb9e190dd8682,delivered,08-08-2018 14:47,08-08-2018 15:04,10-08-2018 12:11,20-08-2018 16:46,28-08-2018 00:00
b86ddd788f0b18de16cd6562b3a9266c,5f9d934496cdd0317bf9d307fa131859,delivered,09-10-2017 08:49,09-10-2017 09:04,09-10-2017 20:23,10-10-2017 20:32,25-10-2017 00:00
9fa33f47b8defffcb858b25dff6c55e6,b8e0b0edff2de6181d492311d927769e,delivered,22-01-2018 10:10,22-01-2018 14:15,23-01-2018 22:29,14-02-2018 22:51,15-02-2018 00:00
eabfb81cf01d772d65405ff27c793ddb,e44d9a10a0978d6c21403879bf8076d0,delivered,23-01-2017 16:57,24-01-2017 06:50,25-01-2017 10:56,02-02-2017 10:25,20-03-2017 00:00
a71763b37d5723556f170c6b45f540ed,750552a134fd72b2627d5dacba2d23aa,delivered,16-11-2017 13:53,17-11-2017 03:46,21-11-2017 20:32,24-11-2017 19:27,29-11-2017 00:00
beeec4fe9275a411277354695e721252,15a581dd2c1425a1a859d6dfe00d69bc,delivered,06-05-2018 21:42,08-05-2018 19:34,09-05-2018 12:35,14-05-2018 14:03,04-06-2018 00:00
07f2e5679e13d0e45de9da85bb833558,c99704d45e509477b708b7ed594fb324,delivered,11-07-2018 13:48,11-07-2018 14:06,11-07-2018 18:13,12-07-2018 21:31,19-07-2018 00:00
30c26d11b6d707abbd543b6d1910106d,04e348e604e760a16a4d3160462c73f4,delivered,24-11-2017 10:49,24-11-2017 12:32,27-11-2017 22:14,12-12-2017 18:20,15-12-2017 00:00
ca28049cbd8e65a6e26834584bb3d38e,c218c0ad64ba488d6abf967e0e346fb2,delivered,08-02-2018 01:34,08-02-2018 02:35,09-02-2018 22:17,22-02-2018 16:33,08-03-2018 00:00
239f380355f65dcb68551f07d16fc4a8,4150cf7549e3776c9c3c6b54349b23f3,delivered,26-06-2018 15:00,27-06-2018 14:55,28-06-2018 14:35,13-07-2018 20:48,26-07-2018 00:00
dca86af3a25e55e88e77e0197f4b6c2b,cd91f11fdee723232212c46ce64b4809,delivered,18-07-2017 10:12,20-07-2017 02:11,21-07-2017 17:59,24-07-2017 15:39,31-07-2017 00:00
98f7181cfa8722f0a06d9c025d5f71fe,0d18e5ab5d69e1bac8dd02e02c9b2230,delivered,12-02-2018 14:04,12-02-2018 14:27,16-02-2018 00:05,22-02-2018 21:08,19-03-2018 00:00
3fa8403b65d7e40a6d9ceed8802b4d96,94d00a2a42c7af169f6f5f44f7a86b75,delivered,26-11-2017 17:58,26-11-2017 18:12,27-11-2017 11:34,02-12-2017 16:58,18-12-2017 00:00
0df706c2c6b700754129d98ffef2b669,ef3bbff3023c5032593c0e754f87114a,delivered,23-05-2017 20:15,23-05-2017 20:25,24-05-2017 15:17,21-06-2017 16:47,28-06-2017 00:00
bee896dee409e283b040fd0b5cd2ae16,bf7829c59bdda3409fdb934815d53836,delivered,05-07-2018 21:00,05-07-2018 21:12,10-07-2018 11:12,13-07-2018 14:41,06-08-2018 00:00
db88396cf9aab6635eb909ed423d6662,167db18e4fbd9ba3dec2aa5a7b79969b,delivered,26-05-2017 14:36,26-05-2017 14:50,31-05-2017 15:47,13-06-2017 13:52,20-06-2017 00:00
26a232627994b0bdd4a4975bedde0e63,afdde8786fe503ed8704b7b091d9265b,delivered,16-07-2018 14:00,16-07-2018 14:15,20-07-2018 14:41,23-07-2018 21:35,07-08-2018 00:00
914850b13acc6b7b75bed132fcc7d0bb,caafbaf20864b4b9ce101b71a74677e7,delivered,02-12-2017 12:22,02-12-2017 12:32,05-12-2017 22:46,14-12-2017 12:22,02-01-2018 00:00
777b4b0b8467866361a717d277ef1b1f,c21e32dc14bf1951f1cde9b3d149f35b,delivered,02-04-2018 22:55,02-04-2018 23:10,03-04-2018 21:08,16-04-2018 20:56,19-04-2018 00:00
b16eb7a0c75d99f6818fc68dffa8f11d,6e340889d05dbbe467a8de3ac31ba55c,delivered,18-05-2017 11:18,18-05-2017 11:30,19-05-2017 10:28,28-05-2017 11:19,09-06-2017 00:00
be3f2215558f0027b83b3a51e6454c3e,2098460678d4ec096748c21bea80fd87,delivered,19-06-2018 14:04,19-06-2018 14:17,03-07-2018 08:03,09-07-2018 14:32,19-07-2018 00:00
b3443b9956f438b73ca1d434c1d209d4,50a6b9bf2be166cbccc5b039176833bb,delivered,15-02-2018 08:13,16-02-2018 08:07,17-02-2018 01:33,20-02-2018 19:38,02-03-2018 00:00
f13e2dd2c1c2f64bad1edb05bf4f241c,6641d4bc99bd20a09ec8c66f4c7ae0e3,delivered,28-06-2018 10:55,29-06-2018 02:53,29-06-2018 13:39,03-07-2018 19:48,20-07-2018 00:00
9b189f6cf2ef734a7dd0419ed3c64d99,f8508e9ec506a046a25f3a4a63d0c630,delivered,11-05-2018 10:49,11-05-2018 11:09,14-05-2018 14:49,25-06-2018 13:08,13-06-2018 00:00
0e91a45e000263f1a4d58c5ecb5a52d7,4956084127edf70906aa6ffa9ce1e635,delivered,09-01-2018 15:49,11-01-2018 10:08,16-01-2018 22:09,22-01-2018 23:06,02-02-2018 00:00
296b1479f16b9b8b7ac30b42d5b35c49,04509e3fc8b310f74b4ee514f0c1899d,delivered,16-10-2017 13:30,16-10-2017 13:49,16-10-2017 20:09,18-10-2017 21:02,27-10-2017 00:00
5e6786653a325a061d408b04a91c0233,b7cb32f9af2209cd24f528f67ca51f19,delivered,09-02-2018 13:46,09-02-2018 14:15,16-02-2018 15:35,07-03-2018 18:36,08-03-2018 00:00
8ddd6fc19a466ec0847fec42d69824c6,dd43426ee4923b0a1c0dcd48cc1ee36e,delivered,19-05-2018 18:43,19-05-2018 18:58,23-05-2018 13:36,30-05-2018 19:08,18-06-2018 00:00
4d19a84d4fe92e95e982b879faa52c20,c286d8d1ca1868b73e7e89118129fdf2,delivered,25-07-2017 22:57,25-07-2017 23:10,26-07-2017 20:04,01-08-2017 20:56,16-08-2017 00:00
b65d2760746d1872f57f872c7c881c4c,594d026e19325c3e1a570e17b0cc0543,delivered,05-03-2017 23:21,05-03-2017 23:30,07-03-2017 08:44,20-03-2017 07:06,04-04-2017 00:00
b669dbb8187ebd3a27a9d710d9e53194,bcf47f22d180c8242c96c83bf11fdc51,delivered,17-05-2017 23:58,18-05-2017 01:25,23-05-2017 10:08,31-05-2017 14:59,13-06-2017 00:00
c1fbc5439e7dfc2d85fef29b7353bbdf,685bdb800c0df843bb14d7a7a241c0df,delivered,17-07-2017 13:34,19-07-2017 03:45,20-07-2017 18:31,26-07-2017 01:03,09-08-2017 00:00
469a464be162099fa2c0e8f1cfc871db,be687363317507b670445b40f548a747,delivered,21-02-2018 10:13,22-02-2018 02:08,27-02-2018 04:52,25-03-2018 14:35,14-03-2018 00:00
3c901df8e80c646961877910379f4c1d,745b41873a19a0a1b38807987bd21cb2,delivered,09-02-2018 20:03,09-02-2018 20:15,19-02-2018 18:14,10-04-2018 18:24,06-03-2018 00:00
1e648b21368a3ed91634edf2b262d33c,687a935172033fd0c5fa350e5cfe1458,delivered,11-01-2018 14:59,11-01-2018 15:09,12-01-2018 21:10,16-01-2018 22:25,09-02-2018 00:00
df66e94131ba6d4c45c7b0f75680d29b,4baaaf6362f7e72690d2c85b4f6f9eff,delivered,17-07-2018 09:42,18-07-2018 03:01,18-07-2018 10:10,24-07-2018 23:39,01-08-2018 00:00
e95fc2995e8119f6216b0fed9887ef3b,97144965e658e088379f20e1b464cf2c,delivered,26-11-2017 20:36,26-11-2017 20:53,27-11-2017 16:28,29-11-2017 16:03,18-12-2017 00:00
fc56d6734e3fc6fa34d7e752a49bf25b,59c20aaccd770eacb8b3dac4b3ef9358,delivered,23-05-2018 12:40,23-05-2018 12:54,24-05-2018 10:49,07-06-2018 16:49,19-06-2018 00:00
3928ee08774d7c7850f58871b25ce3ec,7a74aa94eccd47b6c280dd22bdfaa5d2,delivered,22-08-2018 20:55,22-08-2018 21:05,23-08-2018 13:36,27-08-2018 14:06,14-09-2018 00:00
9a697390de6da65c977ba337071a06a3,7d428145472db20c245cfc1d7a6af615,delivered,06-02-2018 09:43,06-02-2018 09:55,06-02-2018 21:33,21-02-2018 20:39,09-03-2018 00:00
ade5be9864c75127b5d9dbec4850da34,9b36e720f2f357d9bfc8a1b27706e6a8,delivered,29-03-2018 06:43,29-03-2018 07:35,03-04-2018 20:26,10-04-2018 22:54,20-04-2018 00:00
2cbb35d23159c9f44b1e6ee4735181d2,022bdd440f8a37e8ba62d67287135a75,delivered,28-03-2018 11:29,28-03-2018 11:47,28-03-2018 21:50,29-03-2018 22:58,18-04-2018 00:00
939b9bfbbe679418ac73646f380353ec,ada98c5815c41b1489a6b5761a36655e,delivered,25-03-2018 14:11,25-03-2018 14:27,27-03-2018 00:42,28-03-2018 19:47,06-04-2018 00:00
4c3499a7df623b40778ee01a90811a2f,7422267f46a52991b0a78f0e10e1ca65,delivered,12-06-2017 13:49,14-06-2017 02:30,16-06-2017 14:58,19-06-2017 21:33,05-07-2017 00:00
04b7738ad5fbb213eeb7a2145bea8242,46c8678b6afe29d90d3142f31ff01791,delivered,16-05-2018 10:58,17-05-2018 02:15,17-05-2018 11:42,18-05-2018 20:22,08-06-2018 00:00
cb2ca9584ce09074196d8fa3f3ae804b,35c5d6d54387298f596d72d4a3b12721,delivered,20-04-2018 11:16,20-04-2018 11:31,24-04-2018 00:38,24-04-2018 16:32,09-05-2018 00:00
3e52730ef2fac6c1dc97b85aa5180ff0,0148f71e97a15ed3cf071ea28250eb87,delivered,18-05-2018 14:14,18-05-2018 14:34,21-05-2018 09:15,08-06-2018 11:33,19-06-2018 00:00
654c6463f421d51939eae082dcc3b15e,84b3985a451fbc57255b5f65c2763cca,delivered,17-04-2018 16:03,17-04-2018 16:30,19-04-2018 19:36,30-04-2018 14:40,14-05-2018 00:00
a3ba21f961c9d61f7502766974371616,82a5458c7efd1055b6ab24f6985fa233,delivered,04-03-2018 08:56,04-03-2018 09:09,07-03-2018 20:35,17-04-2018 21:34,27-03-2018 00:00
26dbf6db0bc6942823fa21ef58e3ce4f,30d149ba8c3793107e4829a8aaa4406f,delivered,05-05-2018 14:20,05-05-2018 14:30,07-05-2018 07:26,09-05-2018 20:21,21-05-2018 00:00
c9c727aec325e060789405c422a90c1d,24422572c50718665f5a8589e5d55d78,delivered,14-08-2018 10:03,14-08-2018 10:15,16-08-2018 15:18,25-08-2018 17:48,20-09-2018 00:00
9634a2f4e8ae92d44d182b5acddb8955,a9eff89343d9d04ca381e8a374cdbf10,delivered,13-06-2018 14:07,14-06-2018 02:39,14-06-2018 14:29,20-06-2018 21:46,05-07-2018 00:00
700bf35cd16de6e4d5d1e6e023b0221d,a03d07bf4aa2b1c94d11585aacbdaac2,delivered,14-06-2017 23:41,17-06-2017 03:49,19-06-2017 11:08,27-06-2017 14:32,07-07-2017 00:00
32c28df30cefeb8eb92d79d4adba2e1e,545bd426acb3f30a7672e7d5769431ed,delivered,23-05-2018 11:48,24-05-2018 02:35,24-05-2018 15:49,05-06-2018 17:44,14-06-2018 00:00
9b05f77ce0774039487118673d490f37,dbc0875589e7140d0f2fdaa85de3c1aa,delivered,06-03-2018 15:16,07-03-2018 03:08,08-03-2018 21:55,14-03-2018 20:38,26-03-2018 00:00
2b3c116f4ae22a4b4a127c73d39f5d6e,220367f3c3fb236001b6afb8d3c0e9aa,delivered,24-06-2017 01:01,24-06-2017 01:15,26-06-2017 14:33,30-06-2017 14:58,18-07-2017 00:00
69d4b792fad7f4acff2e38e426f5e3ea,7681fbcd3ede0e49dd00c993245ffb3d,delivered,04-04-2018 22:14,04-04-2018 22:28,10-04-2018 23:58,09-05-2018 17:11,03-05-2018 00:00
4460d444aff619a6e34f6080d64a3e73,6e1f1a05297f39ca54b3949e68c9a0a6,delivered,15-03-2018 16:31,15-03-2018 16:49,16-03-2018 20:12,06-04-2018 17:39,17-04-2018 00:00
ce8502b200546c12a54e51a65f313f34,b494a22912f25bd9fd639019c32607ca,delivered,23-03-2017 14:42,23-03-2017 14:55,28-03-2017 12:24,07-04-2017 16:52,24-04-2017 00:00
fd367f6c9ff07dedbdbf5c44b23d209a,5ddb3dc4aee7f86a48f39e2d1b836a41,delivered,19-04-2018 11:17,20-04-2018 07:31,26-04-2018 18:54,28-04-2018 00:16,04-05-2018 00:00
3a353ddf8b0cac74d4b4376f526283cd,33f382bbe8b6dd6a3b7f4f161b05e45e,delivered,16-05-2018 22:27,18-05-2018 05:34,18-05-2018 14:28,21-05-2018 22:06,05-06-2018 00:00
fdb6e644d463ad142d9ed03c9f6222a6,9ccf002a05faa1131c4ffb8b3cfc0b46,delivered,08-04-2017 16:23,08-04-2017 16:35,11-04-2017 15:44,19-04-2017 13:15,02-05-2017 00:00
b4568e6876016532c655618a5994591b,596a331453a4d186667190bc667aaec5,delivered,26-01-2018 17:36,26-01-2018 18:00,29-01-2018 23:22,03-02-2018 11:44,21-02-2018 00:00
26b66bcb4cb37fe553c114832d3a5e45,e75cd2b8044ef17f9fb52badd80a76d2,delivered,11-04-2018 18:17,11-04-2018 18:31,13-04-2018 16:04,15-04-2018 14:04,27-04-2018 00:00
fa44b98d202360f1246681a3e0405db4,ef95061d7fabce59a19b991b10e9bfc5,delivered,05-02-2018 20:25,06-02-2018 04:32,10-02-2018 11:54,17-03-2018 17:57,05-03-2018 00:00
9d2a11bab82354e3c134c7212988228a,7cb29cd77ba1de0bef1bd69d0e6f185d,delivered,04-06-2018 15:55,06-06-2018 02:35,06-06-2018 15:46,09-06-2018 17:22,05-07-2018 00:00
41267d204131714c919730fc9cf0adee,4a2231202fbd4dfb5678c0241d7cf141,delivered,12-02-2018 08:31,12-02-2018 09:48,14-02-2018 17:29,17-02-2018 00:16,26-02-2018 00:00
b97c941aaa3079b3eaef0786f512bf13,6b0fafb93f2ffe553ee4226de796542a,delivered,08-04-2018 20:58,08-04-2018 21:10,09-04-2018 19:11,13-04-2018 13:52,03-05-2018 00:00
378035ea5017f82d47a885f52fff9be1,a5cc05472dc39567d79da21664133388,delivered,05-05-2017 11:25,09-05-2017 09:43,10-05-2017 03:42,17-05-2017 14:06,05-06-2017 00:00
4c57f545143e8865ca2347d8cba154a7,4d4f3df77247391775a95ca8bf017d8c,delivered,26-01-2018 11:21,27-01-2018 13:33,29-01-2018 21:16,01-02-2018 17:54,19-02-2018 00:00
746894acbab13a8cb17e369fdee65152,a5c106ac83bc1dad699205d5a3cad955,delivered,05-05-2018 17:11,05-05-2018 17:33,07-05-2018 13:48,20-05-2018 16:03,29-05-2018 00:00
499331448de4dfe6a702b8550821720b,098c4d55ae6761b13901be67e6f22ac1,delivered,24-02-2017 15:28,24-02-2017 15:42,01-03-2017 08:22,06-03-2017 09:54,27-03-2017 00:00
bd2e72e4a107f535d737c2c2a52a018d,6f47b7699f8a027611922b02d6078f91,delivered,22-08-2018 02:28,23-08-2018 02:44,27-08-2018 13:51,30-08-2018 20:23,13-09-2018 00:00
c6984432d9f4eefb72712f14a8103b6e,45c4444133e260eb729533fbf3b1837e,delivered,23-07-2017 09:24,23-07-2017 09:35,26-07-2017 16:47,01-08-2017 18:27,15-08-2017 00:00
befae3252c7f7ffb6abdeb4d3f4eb668,873951dbadc164fa5d61eed16cf38770,delivered,16-05-2017 16:41,16-05-2017 16:55,18-05-2017 06:35,25-05-2017 15:49,05-06-2017 00:00
38aa75897750a332bf16c880772df768,2dbaa0a8ff7368884cb638b3fb17638b,delivered,04-05-2018 14:06,04-05-2018 14:15,05-05-2018 08:40,08-05-2018 18:46,21-05-2018 00:00
18aff2402dfe994cc353173909a740ba,d79fb17b8cca444c9a779a23137074c6,delivered,19-02-2018 22:50,19-02-2018 23:50,21-02-2018 17:45,26-02-2018 18:29,22-03-2018 00:00
dcda6f9e7ef0110e7cfc192c003c8ae4,07730bcce8f619f15485de16f0793767,delivered,07-08-2018 10:39,08-08-2018 03:24,08-08-2018 14:04,15-08-2018 15:58,21-08-2018 00:00
c98f20eb107a235a15b60b2b5de731da,0db14e678766522f6cb08781de60626e,delivered,05-08-2018 11:07,05-08-2018 11:24,08-08-2018 15:34,17-08-2018 19:41,16-08-2018 00:00
194e7b03e4469b2bcc7ba3c353077252,2e8bfe5a56818eccb5017d88820db31f,delivered,09-09-2017 11:00,09-09-2017 11:15,12-09-2017 20:04,18-09-2017 18:31,27-09-2017 00:00
409e6afee2a8d16df0be7d30f6278067,b174fb91c364d103fdbe5b9ccd95a991,delivered,01-03-2018 00:40,03-03-2018 02:51,08-03-2018 19:52,18-03-2018 12:21,22-03-2018 00:00
8cbb4c68b07f1ffbb2a640bcede44b4b,3c11f4f0d688fcca55850744ec691440,delivered,01-03-2018 10:25,01-03-2018 10:49,12-03-2018 16:29,22-03-2018 11:27,04-04-2018 00:00
3d7fb1dd6ff6f0eedb9976eda81e4a95,e4d7da67c0fd69d37a1ced68726d9b25,delivered,24-11-2017 12:33,24-11-2017 14:39,28-11-2017 18:32,05-12-2017 01:16,14-12-2017 00:00
a867d77ca2a1f66f8ef67750c711d074,0e2a4c9eb384b1ded134d519b6baa0fe,delivered,13-07-2017 18:53,13-07-2017 19:05,14-07-2017 16:49,20-07-2017 17:17,02-08-2017 00:00
430545209b9cc4b7ef7ae765a54816a7,2b1b46ed74054a19c6b1751c0284c1cf,delivered,22-05-2017 12:58,23-05-2017 04:10,27-05-2017 04:41,07-06-2017 08:59,16-06-2017 00:00
1c81cddd8cd868c4f95fa77dde1810d7,86f4aa9faf5fd1c55a84b395183c8619,delivered,06-06-2017 11:38,06-06-2017 11:50,08-06-2017 08:54,28-06-2017 16:32,25-07-2017 00:00
5db2ef66c9c43c3ede53f72e6d10760c,8f9dd2625351d1727097357b1e240ac7,delivered,15-08-2017 16:00,15-08-2017 17:10,16-08-2017 18:10,01-09-2017 19:26,11-09-2017 00:00
cc0482c9c30742e1f8ce96e0e1cebe07,58993c1b0cf20b93cd56ce5ca278381e,delivered,20-07-2018 17:07,21-07-2018 17:04,23-07-2018 07:53,25-07-2018 19:46,30-07-2018 00:00
76b6310b3f184c266dabec32ac0eb26a,6cf178abb6cadf4e56f9bb91c672c4e4,delivered,16-02-2018 15:48,16-02-2018 16:07,17-02-2018 15:05,23-02-2018 23:59,08-03-2018 00:00
12950f3d9bc12065fc5da141faab5780,5e6916fe2fcc2d982cc64eb97f593b92,delivered,29-06-2018 22:06,02-07-2018 09:30,02-07-2018 14:33,12-07-2018 20:06,26-07-2018 00:00
dc8813f7d3d197a72f015b1faf219a72,1b116df734af684a39602a867430a4ae,delivered,11-01-2018 11:04,11-01-2018 11:13,15-01-2018 17:48,22-01-2018 23:13,20-02-2018 00:00
44e5e4871a2b86afa53f08e86001bca5,5176b354a363c7c6884ea58c62884608,delivered,20-12-2017 12:25,20-12-2017 13:02,20-12-2017 23:09,26-12-2017 20:16,09-01-2018 00:00
2582e280d624a46c545db9c09f6cd424,2de12f428569afe73e5e6b1b4e2f8179,delivered,24-10-2017 11:34,26-10-2017 03:09,27-10-2017 19:51,08-11-2017 19:22,21-11-2017 00:00
762accd1f919295f51f3b39e314cee12,e9185b3210712b4d59df466551941825,delivered,29-05-2017 20:15,29-05-2017 20:25,31-05-2017 09:07,06-06-2017 15:58,09-06-2017 00:00
275725b6f36bbcb5524f2f7b704cfb3a,1b36cf62ae1e4c76b0be903a75c4d52c,delivered,29-06-2018 17:25,29-06-2018 17:50,04-07-2018 13:30,13-07-2018 18:08,27-07-2018 00:00
bfb11ae717892540547adae8fea72c10,4145e2cdf46220102a9838f6c37b2184,delivered,13-09-2017 15:12,13-09-2017 15:34,14-09-2017 16:12,18-09-2017 21:21,29-09-2017 00:00
9fc9a2d21f7cc6a9fad3431d2250ead7,e4533e66897653612225400895e0fa39,delivered,16-01-2018 16:57,16-01-2018 17:10,17-01-2018 18:37,22-01-2018 17:16,07-02-2018 00:00
ea8dcab0edc786ce2f0ae34a906657d1,33dde4e12f42caa841c4686f7f04eac1,delivered,03-06-2018 20:21,04-06-2018 20:15,06-06-2018 15:03,11-06-2018 18:48,16-07-2018 00:00
67d413d255c5eb97d120a90d68e2c3d9,893f9d0672c5190ed0d36e777d769a3c,delivered,12-06-2017 10:26,13-06-2017 04:05,13-06-2017 15:29,15-06-2017 10:03,28-06-2017 00:00
a5875ee134166b373cc08cbea838760c,c55a6a8fb09446878f0ec7d78a1471b8,delivered,24-08-2018 14:30,24-08-2018 14:44,27-08-2018 13:20,30-08-2018 14:46,30-08-2018 00:00
6b6634917b74d4db4d32cf09754c061d,1ac1963cfcf8bda4b3b64300c5b11b16,delivered,18-07-2018 16:59,18-07-2018 17:10,19-07-2018 09:26,23-07-2018 20:21,08-08-2018 00:00
c000556923c9e9f96eb1121213f153b0,e630c8a8b546a3a6486ccdca9cc6eb0a,delivered,24-11-2017 14:22,24-11-2017 16:33,27-11-2017 21:43,29-11-2017 21:37,12-12-2017 00:00
2c8d335aabf96328d817f48bdbccc430,2686a83dc8181e558df153bea379e2de,delivered,19-10-2017 06:28,19-10-2017 06:49,19-10-2017 17:53,23-10-2017 13:32,07-11-2017 00:00
2e2e88c4bb691287b71a9e1ee8a193a4,439f42a3cd2931ef5f1bb20e54f2357d,delivered,12-01-2017 23:42,17-01-2017 11:35,17-01-2017 14:44,26-01-2017 13:11,22-02-2017 00:00
b7bdc34249124db0a0637b568f5afdc1,59114bde7ce6b9fd6ed88bb8dc422d46,delivered,27-06-2018 16:57,27-06-2018 17:10,28-06-2018 14:39,29-06-2018 20:12,23-07-2018 00:00
d66cc620bf1415956e645bc1123aaa50,112a2b7ccb2d89926da59b967775b8f8,delivered,02-12-2017 17:28,02-12-2017 17:38,04-12-2017 19:12,13-12-2017 22:37,03-01-2018 00:00
b0478e447df29ef9a7efd1eb63de629c,08b9cbfbf948ebc2dc43212aa3b5a2a2,delivered,01-02-2018 05:41,02-02-2018 02:54,08-02-2018 22:51,20-02-2018 11:46,23-02-2018 00:00
762a479b42165d528417d5c3220640fc,935ceb581095e6dd41a24c74f2f0ca6c,delivered,07-01-2018 20:49,09-01-2018 07:25,10-01-2018 18:32,12-01-2018 20:34,24-01-2018 00:00
526043f9d39d510f7a79547410cd3318,6ea0cb2f488c5dd5311de194008ab1a8,delivered,02-11-2017 11:45,02-11-2017 12:05,06-11-2017 21:22,16-11-2017 21:26,28-11-2017 00:00
481bba01f1c9a6070e8bdcaf7965b1e0,7787f804c4ac91d4e231f532f7d70c2b,delivered,04-04-2018 10:30,04-04-2018 10:49,05-04-2018 23:17,18-04-2018 22:00,04-05-2018 00:00
3b2cfa22d9226264ad6c05510c4a3ef3,3deaf89058a65b6c3fd21ff77a189ea0,delivered,20-07-2017 10:11,20-07-2017 10:23,20-07-2017 20:06,26-07-2017 11:04,11-08-2017 00:00
1488ee1c0dc7439e64d5df80ae9f6089,42396af504e7592889a5e54951ce2cb8,shipped,16-03-2018 17:44,16-03-2018 17:55,22-03-2018 20:33,,13-04-2018 00:00
cf37324c9d35fb8f5f9d14cd6d48a3a2,fa8d8a26ce081c2669b4c79639a98e08,delivered,14-05-2017 09:13,14-05-2017 09:25,15-05-2017 11:36,16-05-2017 15:22,24-05-2017 00:00
efff0f02714bda94c05b552d6603f6f9,8cad893a6771fcbf107ffedd147bc71d,delivered,06-02-2018 07:02,06-02-2018 07:10,06-02-2018 19:19,09-02-2018 22:39,02-03-2018 00:00
280a1ee261c5b9821daccb1fcdd0f776,0e3fea1b0f292d71f5e8750446801344,delivered,08-08-2018 12:55,10-08-2018 03:10,10-08-2018 13:46,16-08-2018 13:29,20-08-2018 00:00
7581c7decedb7d7f4310ef8313f935a7,c9714864eb54838221b5ae330c338590,delivered,11-03-2017 17:50,11-03-2017 17:50,13-03-2017 13:23,20-03-2017 05:52,03-04-2017 00:00
d556bdb76163c01de4a108305dc4bd65,7a3d80bf0a5b5b564db738f5aa86c7a9,delivered,09-11-2017 19:40,09-11-2017 19:50,14-11-2017 19:29,16-11-2017 21:57,23-11-2017 00:00
c1712e588b4d7547170f454dba1ef0c3,e516dbd004a6367d636cf7f5bfbaefcc,delivered,10-11-2017 09:18,11-11-2017 09:26,14-11-2017 16:51,28-11-2017 18:09,27-11-2017 00:00
a06dda7f954798c0ad5a0b24e73b1ddb,5b0317e52f6059c5ae2572fc5edeb9a2,delivered,25-08-2018 23:39,25-08-2018 23:50,27-08-2018 14:49,30-08-2018 22:41,12-09-2018 00:00
6b36830dcd8e168800764cf5077796bf,187eff014e217a4f13317d72024f4a93,delivered,07-05-2017 10:19,07-05-2017 10:30,09-05-2017 07:34,18-05-2017 10:19,07-06-2017 00:00
0b24d5a62da084e9c66959aff6328dbc,2b261c26529c69b68839968c14d22369,delivered,03-12-2017 14:18,03-12-2017 14:28,04-12-2017 23:29,14-12-2017 18:32,02-01-2018 00:00
4692a9af537563c6a43b14abe7bd951d,e9804bd21b1d9db0bf2bf5857bec27c0,delivered,09-03-2017 19:38,09-03-2017 19:38,15-03-2017 10:31,20-03-2017 09:28,28-03-2017 00:00
e2a0a74ea79eebb803a7752cf3b429bf,8960ce4eea38d38519114455d943d56b,delivered,19-10-2017 11:30,19-10-2017 11:49,01-11-2017 22:07,06-11-2017 18:18,17-11-2017 00:00
d6b16c30481ca56fec3cc6919a37c1c1,da2c6819715d9b77dea652c23582d8b1,delivered,21-03-2017 10:21,21-03-2017 10:21,23-03-2017 12:44,11-04-2017 13:29,11-04-2017 00:00
1f0ece120cc036379fc3b3bf6f930947,288cab403c2e768a363a897b1095f5a0,delivered,11-03-2018 18:35,11-03-2018 19:47,12-03-2018 20:22,28-03-2018 00:28,12-04-2018 00:00
189622f157848ba3ed54191c7538e07e,6707fe92f6f05df40924ac311f930d8a,delivered,02-08-2017 04:26,02-08-2017 04:35,03-08-2017 14:05,04-08-2017 16:29,15-08-2017 00:00
41ec8df2674e2577b8efdc3f54e2b779,4b83fd2609057103e8d7604ab567c5e6,delivered,06-12-2017 22:34,08-12-2017 22:30,11-12-2017 23:22,04-01-2018 20:29,10-01-2018 00:00
2b5d3344cbf347b2aa5bc40c5deb3de6,d612ae3fd747409f47e50348961f5b6c,delivered,25-04-2017 15:33,25-04-2017 15:45,03-05-2017 12:05,09-05-2017 10:08,12-05-2017 00:00
0f932ea7fd11ef18c60feace8c548366,5bbf0546c8ccf4dcfe02790cd73b6297,delivered,05-04-2018 07:41,05-04-2018 07:55,07-04-2018 01:42,12-04-2018 20:14,08-05-2018 00:00
0efd493233dcc9266a7423754db0079c,d2f3e714cdac1771b576fa1a70ed7c8e,delivered,26-03-2017 21:42,28-03-2017 03:42,29-03-2017 14:46,05-04-2017 08:51,26-04-2017 00:00
09045ce363fa81cd9f206c86b989e2ba,75fa6cfb28484afc68c0ab2177d339cc,delivered,23-11-2017 16:23,23-11-2017 16:32,24-11-2017 18:31,19-12-2017 20:27,27-12-2017 00:00
48b2a7ba18f76dcb8be971239e41746f,45aa60acb5f87544e19b278e6955e451,delivered,27-06-2018 12:49,27-06-2018 13:12,28-06-2018 08:53,30-06-2018 00:23,12-07-2018 00:00
1c9f6ba93f9fde712da4fa24ecc30660,58a75ca9de60ce1a749012bfccf2c926,delivered,15-04-2018 15:25,15-04-2018 15:51,16-04-2018 18:17,20-04-2018 18:26,14-05-2018 00:00
3dcf2c01583e72e6d43ea642b44274b5,4aea01a91f0ccd5817dcb03ae16a5f90,delivered,23-03-2017 22:23,25-03-2017 02:10,29-03-2017 08:39,04-04-2017 13:17,20-04-2017 00:00
9959dfdd19dcc0fbcabc33723c619d74,a5a503bfb7b525f8176ea84c6a9389e4,delivered,16-07-2018 10:56,16-07-2018 11:10,23-07-2018 15:19,27-07-2018 20:29,08-08-2018 00:00
c9cb980dd4167a515f9bcb3677706240,426759c5e8f53301e8e8c644c4e73e75,delivered,11-11-2017 13:33,11-11-2017 13:50,16-11-2017 13:46,24-11-2017 19:27,05-12-2017 00:00
24eaa9941af703f34c309aff1a56aa5e,150dcbebc045e4eabe1f896727a84ecf,delivered,07-02-2018 15:35,09-02-2018 02:50,14-02-2018 15:48,15-02-2018 14:26,23-02-2018 00:00
83832d7a696d54e9e32347d7cc7df962,079f12eb1b192642da96011b5befc023,delivered,12-10-2017 13:48,14-10-2017 03:36,18-10-2017 14:05,24-10-2017 18:00,01-11-2017 00:00
2573400a7beba401684ca3eca5e38936,45cb012906505930fa83d7f85939a7e0,delivered,15-03-2017 21:25,15-03-2017 21:25,16-03-2017 14:23,06-04-2017 10:25,05-04-2017 00:00
0807ef98d4c6786b58238e6dfb2d2a9c,7b1189510beea7145ec61234465745ff,delivered,24-01-2018 15:55,25-01-2018 02:58,02-02-2018 23:48,16-02-2018 14:03,08-03-2018 00:00
5f890a619c8d23b671705de61578d238,35ceb0ca31f6af7fee0c6e6d39f98e56,delivered,26-08-2017 20:27,26-08-2017 20:44,29-08-2017 21:21,21-09-2017 21:31,22-09-2017 00:00
ed3efbd3a87bea76c2812c66a0b32219,191984a8ba4cbb2145acb4fe35b69664,canceled,20-09-2018 13:54,,,,17-10-2018 00:00
55e68a38817afa16c0547a6ebeeff145,22e479a8d9de172048d1dc3e707f53b4,delivered,08-01-2018 20:56,08-01-2018 21:08,11-01-2018 16:46,17-01-2018 19:53,16-02-2018 00:00
3cdd33ec05cf28374828827789437fc3,d25c28e2e418a2f688e8e17130b29b49,delivered,27-05-2018 03:04,27-05-2018 03:15,28-05-2018 14:08,20-06-2018 17:05,28-06-2018 00:00
72fd9a44c510d4f0d8049e791ad3a073,de3b82f99f2cfb72c60e935cdb6e7007,delivered,19-06-2018 11:47,20-06-2018 02:55,20-06-2018 14:18,03-07-2018 15:56,24-07-2018 00:00
5509f25fd68fac3fe49fc1a532ba33ef,f9717b3ce18c05540645923e43f64710,delivered,29-11-2017 10:03,29-11-2017 10:18,29-11-2017 18:14,07-12-2017 16:01,20-12-2017 00:00
5394217c78ea24ee2b377c043b6bd7d9,74bfc507b3ac32b750e60fffd04a02cc,delivered,04-07-2017 10:24,04-07-2017 10:35,05-07-2017 13:35,06-07-2017 15:43,17-07-2017 00:00
0ba2b0331265d38d1c6670ed6c749732,f15f5e1d8a0248d9b6552b4d39122bdd,delivered,17-08-2017 21:49,17-08-2017 22:45,21-08-2017 17:47,25-08-2017 14:46,11-09-2017 00:00
0350fc2d00f48ad8a74efdf4d2fd4bdc,c7f658d05c387b0664410be68026ef0d,delivered,14-12-2017 01:30,14-12-2017 01:38,19-12-2017 18:48,19-01-2018 21:47,12-01-2018 00:00
9274443a23faa8fd9d5805fc0bd68c5e,81635d1e48d6fc1a14f8462975c96dc3,delivered,19-12-2017 13:54,19-12-2017 14:55,20-12-2017 20:09,27-12-2017 19:48,15-01-2018 00:00
d95236c2780d744b3bd884f327590d14,b8e481a0db2593829469c8536e52426b,delivered,08-08-2017 16:39,08-08-2017 16:55,10-08-2017 19:54,19-08-2017 12:21,04-09-2017 00:00
0966b61e30c4a07edbd7523f59b3f3e4,2fcc597b8934d99715dbfff7909dd27f,canceled,22-05-2018 18:50,22-05-2018 19:17,,,03-07-2018 00:00
18c2124c3874f480651069f1f8c9b903,3a5f82b200e600b7fc671e3a395dfe2e,delivered,22-11-2017 19:18,24-11-2017 03:12,28-11-2017 12:41,14-12-2017 21:06,19-12-2017 00:00
dbd10344065568345dadbd904bb51dc1,1589f4bea320a405a122738de980c6e2,delivered,15-04-2018 17:15,15-04-2018 17:30,17-04-2018 23:55,07-06-2018 22:06,17-05-2018 00:00
4197f94f8bddd171804b1360fa78d368,caa50bd83824193b0486b8f4da8dfb32,delivered,19-07-2018 16:24,19-07-2018 16:35,20-07-2018 14:15,26-07-2018 11:41,10-08-2018 00:00
d8cac70bba1a4ab6937ceaf9c2679c20,7aa3343466ae7796dc4e7db6a7e3e726,delivered,07-10-2017 00:16,07-10-2017 00:44,20-10-2017 13:00,27-10-2017 16:43,27-11-2017 00:00
55ab4aefca70a7b4b0a8466be48c5bbc,3687f50a22a1c1fd70b824bc79ba4b15,delivered,15-02-2018 19:23,17-02-2018 03:35,21-02-2018 14:37,22-02-2018 23:53,01-03-2018 00:00
c5cb8ff0538e13ce7112d7f51b705d54,9800729155e4255834b080a60b6bcda9,delivered,30-11-2017 13:31,30-11-2017 14:31,04-12-2017 12:28,06-12-2017 02:48,18-12-2017 00:00
759ef6eef7b8279539f81a2663c2f500,dbdc5f4edc37f3f149e239e4a3880a97,delivered,22-06-2018 08:59,23-06-2018 02:20,25-06-2018 14:25,14-07-2018 16:12,01-08-2018 00:00
9021cf1919f615a121410790dcce848f,7acf55df0298e1d2c31200fb4f6fb93b,canceled,04-07-2018 16:05,06-07-2018 02:55,,,22-08-2018 00:00
86aac0e27cf2e46d9c9bc5cd1c5e9348,62cb1e5de9e5558b5426d059f570ca8f,delivered,05-03-2018 13:15,06-03-2018 13:10,06-03-2018 22:35,23-03-2018 23:28,28-03-2018 00:00
d5feaf42ebb0105f527be0c6dd622b80,d399cd64e15fc776a47839d972c5bb2c,delivered,26-05-2018 16:01,26-05-2018 16:18,28-05-2018 14:04,06-06-2018 23:18,29-06-2018 00:00
6760e20addcf0121e9d58f2f1ff14298,17ddf5dd5d51696bb3d7c6291687be6f,delivered,07-04-2018 15:48,07-04-2018 16:08,11-04-2018 02:08,13-04-2018 20:06,25-04-2018 00:00
4f5fa78eddf28c3f669aa1554fe38622,51437a7b80a72d28fb0dd8debbb7fc60,delivered,14-04-2018 18:24,14-04-2018 18:35,16-04-2018 20:14,23-04-2018 18:45,11-05-2018 00:00
5f8e8bff26bd07b73a3ecf086de33d4a,6233e1c1b76b3f0e1527afdd8db0c7a1,delivered,12-08-2018 22:56,13-08-2018 22:50,14-08-2018 12:56,27-08-2018 18:22,11-09-2018 00:00
9ba4f1229c25da86b79e5f8af0e56461,fea04944f4e1fe567fc5151c02529203,delivered,04-04-2017 10:10,04-04-2017 10:22,10-04-2017 12:27,17-04-2017 10:28,02-05-2017 00:00
6ad57aecbae806a7e9cc2cdb6b380711,d31dbd02ac052d662285f678f8994326,unavailable,30-11-2017 07:48,30-11-2017 08:14,,,29-12-2017 00:00
5e57ff5e1c008db89fac24b76655dbe1,4c756c39c13545719a2953df112e4e90,delivered,29-06-2018 18:39,29-06-2018 18:50,02-07-2018 11:57,03-07-2018 22:16,30-07-2018 00:00
bf4072fdc2122c74befd6df427938cab,ba682ab005cd6617c7d3384aabf4a45b,delivered,24-01-2018 14:19,24-01-2018 15:16,31-01-2018 00:24,05-02-2018 21:18,26-02-2018 00:00
21b47da23dc2187f6da58dfd7698faa8,2c069e58cbc8b600e8e4078598ee2c35,delivered,13-11-2017 23:27,15-11-2017 02:55,28-11-2017 23:04,06-12-2017 19:04,27-11-2017 00:00
737513abba391330e69fe0383703d447,c7a91e6580509dae3db905dbaf815876,delivered,24-07-2018 16:05,24-07-2018 16:44,25-07-2018 14:26,30-07-2018 17:43,14-08-2018 00:00
830f6ac44e90f0d692444fc8f861fd1a,a14033a8e28cf976d87b63aa00d6d34d,delivered,27-11-2017 13:38,27-11-2017 13:51,28-11-2017 14:09,04-12-2017 21:09,14-12-2017 00:00
665a012cd7368e5609ab518539d91adf,8d2502669799c13d5a67d873981ac627,delivered,09-05-2018 01:46,10-05-2018 02:35,11-05-2018 15:23,15-05-2018 18:07,21-05-2018 00:00
51b0dccc8596ce37a930dff2d63a10a2,31bf1057b00f14804278590bbac18b1b,invoiced,05-05-2017 22:34,05-05-2017 22:45,,,06-06-2017 00:00
9eda5cd4fa8caf92f0886bcc15b98577,e414cf673d7803bcddf9263feed7c535,delivered,08-08-2018 11:30,08-08-2018 11:45,08-08-2018 14:36,13-08-2018 22:41,16-08-2018 00:00
efab4aff7807bb9194a9f4f434820161,b4b7f7c1b2a1a968c55e72c5275e0c8e,delivered,12-03-2018 10:47,12-03-2018 11:20,12-03-2018 22:28,29-03-2018 20:35,03-04-2018 00:00
19a8ddfef7a411a196509d51ee14b776,78273c93ab6b793ee62a60feb6b7140d,delivered,11-12-2017 18:30,11-12-2017 18:51,22-12-2017 13:52,16-01-2018 21:18,22-01-2018 00:00
1ffe6486cbf2a0f96d34ee9945f5ed04,6ba7e8555e95549d99f21d08dadae199,delivered,11-11-2017 11:31,11-11-2017 11:46,14-11-2017 16:52,01-12-2017 12:35,13-12-2017 00:00
214a42323dd7ec45504d319315a1386b,5f2cfa9c8c34ab5d785fbf253c63b930,delivered,08-06-2018 17:05,09-06-2018 11:15,11-06-2018 13:47,14-06-2018 16:46,26-06-2018 00:00
1fe0c983b306f5e920e23d8a461c8451,f331460c320c55eda5519b4743e8673e,delivered,18-11-2017 17:16,21-11-2017 03:59,21-11-2017 23:38,23-11-2017 16:32,19-12-2017 00:00
bf40c06bf172145e8d7d468e6de69de8,5364f18dbadca7f50016ad6da7a39436,delivered,27-06-2018 20:55,27-06-2018 21:10,30-06-2018 08:21,04-07-2018 17:38,20-07-2018 00:00
6d02a007afc7698b7dd60ffb07514d1c,0423a0c4b6eea9435c2f40758658a2d4,delivered,30-01-2017 14:51,30-01-2017 15:34,02-02-2017 12:12,15-02-2017 12:53,17-03-2017 00:00
3f4f4efff28e8872522bbba90393b7df,25674af17e538296b83b371c8c0975b1,delivered,11-11-2017 07:38,11-11-2017 07:50,14-11-2017 16:04,22-11-2017 19:18,06-12-2017 00:00
c284eb7adf76e92a2a39d845f1333a61,7d8e5e6bf66ef639b5089ce4194a01d6,delivered,07-04-2018 22:17,07-04-2018 22:30,10-04-2018 16:44,11-04-2018 17:51,25-04-2018 00:00
7f579e203c931f3e8410103359c6d523,d665be250d1c687c58fdea61a9b55a58,delivered,02-08-2018 18:09,02-08-2018 18:43,10-08-2018 14:15,13-08-2018 20:11,09-08-2018 00:00
94dccbc39bc2673b3639fc98286c99b0,4023882589774ba137fdea0400aa4857,delivered,22-01-2018 20:28,22-01-2018 20:57,23-01-2018 16:52,02-02-2018 17:17,19-02-2018 00:00
86ebe0e8621ac6e5bb8ee0bfad457b5e,67991d4b892a4fd507c46e42e256a041,delivered,12-03-2018 23:29,12-03-2018 23:48,19-03-2018 23:18,20-03-2018 15:36,06-04-2018 00:00
68723accfe0d19555872abfbf08ed7d4,ccb92189b22e174f8813cce161768b3a,delivered,18-09-2017 21:39,18-09-2017 21:55,20-09-2017 19:02,26-09-2017 13:53,02-10-2017 00:00
7652086d66b18b3e2f19c1a28d6cc670,b59240e14630c3dad40626dcdaf69b18,delivered,18-07-2017 12:35,18-07-2017 12:50,18-07-2017 21:15,31-07-2017 21:04,09-08-2017 00:00
6b57b46391a662adacf6841b5da8d084,7508680e17b526665363d2bd205b44a3,delivered,29-05-2018 23:14,29-05-2018 23:34,30-05-2018 14:48,04-06-2018 10:44,21-06-2018 00:00
b35514909dd1ba45599c5f535621238a,9d82abb78c84c72c1802757c2c3733b8,delivered,19-01-2018 15:00,19-01-2018 15:13,29-01-2018 19:12,08-02-2018 15:19,19-02-2018 00:00
a3b5d696f2dc3df83942f644beb879da,f936ee0917d5d6e40833918f8672ced0,delivered,04-01-2018 09:30,05-01-2018 02:38,08-01-2018 19:19,09-01-2018 14:59,23-01-2018 00:00
c1e0736c3e624397f906c5371b2b381a,682095c6672eb2edf4b60e6a7c6e96f4,delivered,15-11-2017 13:43,17-11-2017 08:47,20-11-2017 22:33,28-11-2017 21:41,05-12-2017 00:00
5cbc29442f8eaafa46489e988fafa403,00ba72dac5dae2776b5bfcf799a956b2,delivered,11-08-2018 22:06,14-08-2018 04:30,14-08-2018 15:58,16-08-2018 21:38,16-08-2018 00:00
a93cc6a86a64ca1f201b78f981adbc25,e86f553170b06db9ee781701ad6091ee,delivered,16-07-2018 19:02,16-07-2018 19:15,19-07-2018 14:56,24-07-2018 12:39,31-07-2018 00:00
ce1d43d723c88bee2b9c749198eb023e,3833a2cc43f6ee57cc7cccf7d7d53d18,delivered,12-11-2017 00:00,12-11-2017 00:35,14-11-2017 16:27,29-11-2017 14:33,04-12-2017 00:00
92ea21bbb9c9b6f286602dc4c563d087,e0b36a2b88ead76489b6a2d913c997c3,delivered,20-07-2017 18:11,21-07-2017 18:22,24-07-2017 17:11,03-08-2017 21:56,21-08-2017 00:00
07ad2a87dfce684f0b6a23886db925c9,fe196aba95e52d084e7bb60dbd8a23f1,delivered,27-04-2017 08:26,28-04-2017 11:41,28-04-2017 10:05,15-05-2017 10:09,29-05-2017 00:00
8b8164ec47a3d04ec76e8ce5389033d4,edd33f337f01e490cf1e95da2957fcea,delivered,08-03-2018 18:48,09-03-2018 19:28,12-03-2018 15:17,16-03-2018 18:47,26-03-2018 00:00
21fdf6a269bd4c5befb28302d4d00803,9849acf233e29a676126fe8d91c4cbff,delivered,10-05-2017 14:39,10-05-2017 14:50,10-05-2017 16:02,23-05-2017 18:29,01-06-2017 00:00
d2e15d8894685652160e7545fd304610,d241d89dc876ac8450f20fa9824eb416,delivered,07-12-2017 21:14,07-12-2017 21:32,11-12-2017 18:54,19-12-2017 15:22,03-01-2018 00:00
d44cb52677c0960afb3e43a96d79a25b,f47f3a8480b7a19fad8c129983945370,delivered,29-10-2017 20:33,29-10-2017 20:45,30-10-2017 16:51,03-11-2017 20:53,17-11-2017 00:00
fd86c80924b4be8fb7f58c4ecc680dae,db76ebd0d51c2b3cc44d84cd6df46336,delivered,08-03-2018 19:37,08-03-2018 20:28,09-03-2018 18:04,16-03-2018 01:30,27-03-2018 00:00
a50d20f183503ea2b8aa1b506eee3d33,4e4db632921de78e11340349b66f5c99,delivered,20-08-2017 13:13,22-08-2017 03:50,23-08-2017 17:48,06-09-2017 20:10,13-09-2017 00:00
5792e0b1c8c8a2bf53af468c9a422c88,5c427f06e7fcf902e309743516e2c580,delivered,26-07-2018 13:25,26-07-2018 13:35,26-07-2018 12:42,30-07-2018 14:45,09-08-2018 00:00
5baf114f7f5f649d16ec1bf3cf78279b,a7de7057db988489dbb13ca9e0c80456,delivered,02-05-2018 13:10,02-05-2018 14:59,04-05-2018 14:04,12-05-2018 00:16,29-05-2018 00:00
a81adc3e4219d4699da549a75107de87,27c4c0e841788a80932b2500f7c0fd36,delivered,20-05-2018 22:11,20-05-2018 22:30,22-05-2018 13:41,03-06-2018 12:32,05-06-2018 00:00
f9161376e0d004c0b545db4e4bfb4e57,e79f3050c5e88a95a083b36f0ddb3f49,delivered,26-04-2018 21:24,26-04-2018 21:35,27-04-2018 15:26,30-04-2018 23:03,11-05-2018 00:00
df8282afe61008dc26c6c31011474d02,aa797b187b5466bc6925aaaa4bb3bed1,canceled,04-03-2017 12:14,,,,10-04-2017 00:00
f3e7fae1e0a6001047deeefa288f96a9,c5c79cc42b407bb10fcf30e765c0ac2a,delivered,25-03-2018 11:26,25-03-2018 11:47,26-03-2018 23:46,05-04-2018 16:04,18-04-2018 00:00
c2e9150ecca583eb68c1e2e2b650caac,fe2f3701874bc7c2a8e1509621366717,delivered,07-05-2018 13:59,07-05-2018 16:12,15-05-2018 15:46,04-06-2018 21:16,07-06-2018 00:00
73fc7af87114b39712e6da79b0a377eb,41dcb106f807e993532d446263290104,delivered,11-01-2018 15:30,11-01-2018 15:47,12-01-2018 21:57,17-01-2018 18:42,02-02-2018 00:00
7ddd225286ba5817d36116c8d2300407,cef005896655dc4492849ce91f7363f1,delivered,28-07-2017 14:20,28-07-2017 14:35,01-08-2017 16:22,07-08-2017 20:23,22-08-2017 00:00
8fd96c034d11d9719cbc57f6acb93855,5a5e41c2d8c585d430c98e1a1d772a4c,delivered,30-09-2017 19:19,03-10-2017 03:56,04-10-2017 16:45,19-10-2017 12:07,30-10-2017 00:00
6ba4f2aae2d3d15f3281258017b4552b,9d57e17547e118b158dc652dc640714e,delivered,24-08-2017 01:40,25-08-2017 03:05,25-08-2017 17:52,12-09-2017 21:47,28-09-2017 00:00
9e7298f5bfed83404b628b69f965c94d,839a0aca2e489a773724ca101f3f5c70,delivered,17-10-2017 19:31,17-10-2017 19:46,18-10-2017 15:14,30-10-2017 23:16,08-11-2017 00:00
3b7a0831b87f721284d340cd1b55fb91,970d2db627e9a4b280c51701f45d51c5,delivered,19-02-2018 17:36,21-02-2018 06:10,21-02-2018 21:35,06-03-2018 16:18,15-03-2018 00:00
e063aafe4ec760123fe14ed5925631a2,ccc4d86eb7f5d275d4f297e251817d6e,delivered,26-02-2018 09:42,26-02-2018 09:55,27-02-2018 14:19,28-02-2018 22:52,13-03-2018 00:00
6c601e45c13b22fa58a1e290b4b14d8f,b18a495aae75db67b4f99a58d5e2f272,delivered,27-11-2017 20:31,27-11-2017 20:39,28-11-2017 18:37,05-12-2017 15:34,20-12-2017 00:00
b0f093c9a7e135bb44a1e1bd7406ba30,f57351f8f87213bbb758f2f902f600c2,delivered,18-05-2018 12:22,18-05-2018 13:05,21-05-2018 12:52,06-06-2018 20:41,07-06-2018 00:00
dd3d73f70b77e2a07f64360620621ca4,38f1fb4bd44289ca591479b76905cdbf,delivered,02-01-2018 09:45,02-01-2018 09:54,02-01-2018 17:19,04-01-2018 12:41,18-01-2018 00:00
20246bd1767d916d618e27b8e4fcb8fd,d6d3a9d936ef9f148ccb6631997b13c5,delivered,09-10-2017 17:58,10-10-2017 03:35,10-10-2017 21:24,13-10-2017 18:14,27-10-2017 00:00
469c8cf0bafa84bcc6a10629bc4016b3,5f8fe568347c41b2b42b72d72ebe0d67,delivered,23-06-2018 20:23,24-06-2018 20:16,25-06-2018 13:39,28-06-2018 19:32,31-07-2018 00:00
b2fdce90b6f515d645e1e98430176ce2,8ce5a8335c77debad7537ff999efeb8e,delivered,11-11-2017 17:22,11-11-2017 17:30,14-11-2017 20:07,22-11-2017 21:48,01-12-2017 00:00
1f7ff21f05c5258ab082ee51e8b2872e,0258af3a8301a7331edc8ba02da35b7c,delivered,17-01-2018 09:57,19-01-2018 02:37,20-01-2018 00:13,29-01-2018 20:46,15-02-2018 00:00
064e219a982901ccffc2d33432b77a2c,17e1a5591eec6af6ab825d5687790ee7,delivered,10-04-2018 19:24,10-04-2018 19:35,11-04-2018 20:24,20-04-2018 19:38,03-05-2018 00:00
c2f4ff5a710ff7ff87f90b026028bf18,9ba926ad01e17e9a308791ae9cb69699,delivered,28-02-2018 14:56,01-03-2018 02:35,01-03-2018 21:39,09-03-2018 02:24,19-03-2018 00:00
75c3993b743335fa57b1645f056b59d2,be842c57a8c5a62e9585dd72f22b6338,delivered,05-06-2018 13:33,06-06-2018 02:55,07-06-2018 12:39,13-06-2018 16:56,23-07-2018 00:00
7201c562f7a8bcd02e8f1a35dad540f4,77e188b1127d58981db82ce19e0b601d,delivered,27-08-2017 00:32,27-08-2017 00:44,28-08-2017 20:33,31-08-2017 16:55,22-09-2017 00:00
e303201d86cda5183986a56d5ae1b084,f844756b662228b3f52bf081ffb76e96,delivered,29-03-2017 12:31,31-03-2017 02:15,05-04-2017 12:57,11-04-2017 13:47,04-05-2017 00:00
378d03578566e65bc195cc5296a31526,06757bb75493151d0e73ce8e3bc32987,delivered,09-09-2017 21:21,09-09-2017 21:30,11-09-2017 18:16,13-09-2017 18:02,27-09-2017 00:00
cdc0800fdbf7580a26201f0a1529ee1f,a86780ec4509f4c3191af88c40de649d,delivered,27-12-2017 19:37,27-12-2017 19:48,02-01-2018 23:32,13-01-2018 00:24,02-02-2018 00:00
82b0f8f974cc6e92e6bae6cd7714b712,4ff25b11b74df70d77dee5fac4dc0039,delivered,27-07-2018 16:33,31-07-2018 04:31,01-08-2018 10:38,06-08-2018 15:21,10-08-2018 00:00
2478ddd1d1395639b71cf0d498d8dbf6,7fa774bf2be90197a2586c899c7e774d,delivered,14-08-2017 09:13,14-08-2017 09:25,14-08-2017 18:55,21-08-2017 18:47,01-09-2017 00:00
b9374fefc8bd25caac04f6223e7649ab,a2c0d0dea2025e9edfddd1952a437985,delivered,28-07-2017 16:03,28-07-2017 16:15,09-08-2017 19:13,11-08-2017 15:04,29-08-2017 00:00
f5248851770f05fc31f3915accb0bcff,2dbb87e382aba3b28963aaa6fcaf7132,delivered,07-03-2018 22:03,07-03-2018 22:15,08-03-2018 21:57,14-03-2018 20:58,26-03-2018 00:00
cc03f6907e3230fc27f728ed4e977534,26b37aea51f367cc0cfcf19c80944e58,delivered,24-07-2018 20:14,25-07-2018 10:05,27-07-2018 13:59,07-08-2018 19:26,23-08-2018 00:00
c6bf92017bd40729c135b58b643f64c2,3d3c463710ea6e8dd9a63c1110eeb06b,delivered,08-08-2018 01:15,09-08-2018 07:44,10-08-2018 14:43,15-08-2018 00:18,16-08-2018 00:00
c4bb1fcbb98d9733607ea0c7ab067e11,74246ec587472230b93065911e420ed8,delivered,13-07-2017 18:26,13-07-2017 18:44,14-07-2017 16:29,25-07-2017 19:39,15-08-2017 00:00
5cfb9fad9f8d6f2ef8a17144088bb622,745797df7e1f604c7d608c43b43f62e7,delivered,27-07-2017 12:16,27-07-2017 12:30,28-07-2017 15:18,30-07-2017 14:24,09-08-2017 00:00
9457f83b9faf36f40019d656cb5679f1,a6981c9a8bc899ed4f22b9e5b70796a1,delivered,30-05-2018 23:21,30-05-2018 23:35,05-06-2018 19:03,06-06-2018 13:58,25-06-2018 00:00
544b98cbee1fc6152e5ede26e1ef2986,1d7079eccf3132bfcc76f65aa79c789e,delivered,07-01-2018 12:26,07-01-2018 12:35,09-01-2018 02:10,21-02-2018 23:46,06-02-2018 00:00
4ff907acfe03d4b4eccece88f700eb43,09a90a21ae1d1a693fbc83851edafead,delivered,20-02-2018 23:00,20-02-2018 23:40,21-02-2018 22:58,24-02-2018 02:22,12-03-2018 00:00
a0151737f2f0c6c0a5fd69d45f66ceea,fc2697314ab7fbeda62bb6f1afa4efcd,delivered,12-07-2017 14:11,12-07-2017 14:30,13-07-2017 12:47,18-07-2017 16:24,25-07-2017 00:00
5c6f08e3231f7cff6e6853e225cb7eef,f1e77cf0c4452e2cf36f4d481a48024e,delivered,16-10-2017 12:04,16-10-2017 12:37,17-10-2017 12:12,18-10-2017 22:19,03-11-2017 00:00
f384f4edb05c390598d9010ea97f7f4e,db8d12f33acf6a08a434eda169d25106,delivered,20-04-2018 14:45,24-04-2018 18:39,21-04-2018 01:32,30-04-2018 13:12,16-05-2018 00:00
e5733d96d53e3a8a13f59a0fe4c38d74,d0d213ed2d6d390dc1cc1e6f45706c8b,delivered,06-04-2018 15:28,06-04-2018 15:50,07-04-2018 18:24,18-04-2018 17:56,09-05-2018 00:00
ef1470cc5437e2d2d5e2ad587712a406,6d67d2bbd339e5ce434c5bcf85bd654b,delivered,21-06-2018 20:23,23-06-2018 01:40,26-06-2018 09:48,30-06-2018 01:16,23-07-2018 00:00
d3364a29f093a5f36e7eca9f148235c2,520dfb976e8d7e64c6c9275de698053f,delivered,17-02-2018 10:31,17-02-2018 10:49,20-02-2018 20:19,27-02-2018 20:46,12-03-2018 00:00
9165d656c399c6eac7a6a00dd6e02e7f,ab308900612e0f192d73e0051653af5a,delivered,03-04-2018 17:00,03-04-2018 18:15,04-04-2018 18:17,11-04-2018 12:38,30-04-2018 00:00
35b5262480e3a45052ad1b8070395e36,cfb5d52b65936738f2dc936f15369010,delivered,14-05-2018 12:36,14-05-2018 12:52,15-05-2018 13:59,18-05-2018 14:08,30-05-2018 00:00
25e5f6a88a4525f820943240376c45c5,5425974ca1091055b0c05604f43f711e,delivered,26-11-2017 14:08,27-11-2017 14:20,28-11-2017 17:26,06-01-2018 17:09,18-12-2017 00:00
5ddbd5a10844f5d88892b9a051ef648d,14e237fe96e5b5c7c4cf9ac6c2f5d60e,delivered,17-12-2017 11:18,17-12-2017 11:30,18-12-2017 21:28,26-12-2017 16:37,12-01-2018 00:00
3f6a06dd65ecc8c3c8bf73dd9f5ade29,88ca1a52550c2c65c9b75121cc26b060,delivered,29-06-2018 11:19,05-07-2018 16:04,04-07-2018 13:55,13-07-2018 13:24,27-07-2018 00:00
0957ed870116e596b800540427c61497,0f0603d577f299ca129f39109268c546,delivered,29-01-2017 22:14,29-01-2017 22:33,30-01-2017 08:27,08-02-2017 17:14,20-03-2017 00:00
cbe9eae36605cf2bd005c6bc1ae5f864,e8ab70fc0d2c473d43b64647d1d73414,delivered,06-09-2017 19:51,07-09-2017 20:05,12-09-2017 13:57,03-10-2017 18:44,26-09-2017 00:00
0c0200c8b683dcbc6138639044bb781d,e6369fd23db5134714b0ce70202cf74a,delivered,16-11-2017 12:16,17-11-2017 03:46,21-11-2017 14:03,22-11-2017 14:33,29-11-2017 00:00
2b71ffffcf089d2287505f5b4441204b,e68de27b72357e93a5edbf9068812f9c,delivered,27-02-2017 19:54,27-02-2017 20:05,02-03-2017 08:54,16-03-2017 11:35,23-03-2017 00:00
68c3f2fc647e6d809af24b6ccbe84388,426354919a964cd30206bdcdaa53bdd3,delivered,18-05-2017 20:51,18-05-2017 21:02,25-05-2017 15:38,02-06-2017 11:26,09-06-2017 00:00
9c6fa2375d04ebce9627208eff6aa01b,b6c2a592baed4e617db2e58189eeb671,delivered,25-07-2018 10:52,25-07-2018 11:05,25-07-2018 15:52,30-07-2018 20:11,08-08-2018 00:00
fb8c84f49d464b75f05a3de37923fc87,1e12754604af85397680cb28482f73a6,delivered,24-05-2018 00:52,24-05-2018 01:14,24-05-2018 12:08,25-05-2018 19:28,11-06-2018 00:00
5aa89bb7eb1a8dca4d70fcd37878c8a4,fe86c2c022a8d1665da64dabf0ceeaea,delivered,25-07-2018 10:54,25-07-2018 11:05,25-07-2018 11:58,31-07-2018 20:06,20-08-2018 00:00
b7a098563d93a0a1f918772c24ca3831,7974eb74e94d3f3e1031f74d1b97ea5e,delivered,17-02-2018 16:41,17-02-2018 16:55,21-02-2018 18:32,27-02-2018 18:22,05-03-2018 00:00
6a4d41fb9165f032ec025794db381fa7,c89d15c5a577db7e5d3535a0a54ae452,delivered,05-10-2017 12:39,05-10-2017 12:49,06-10-2017 19:33,11-10-2017 20:58,31-10-2017 00:00
8a12018fd6af932819b6e06b6e3eeba7,bdc70f91dc54953d1be0ef76d183c5d1,delivered,24-11-2017 23:40,25-11-2017 01:39,27-11-2017 18:47,28-11-2017 22:27,08-12-2017 00:00
05c1808ab7242e387b4947245e0c0649,069c942e82eba9152f2797da49e1e764,delivered,08-03-2017 16:49,08-03-2017 16:49,09-03-2017 05:44,20-03-2017 12:23,30-03-2017 00:00
a9be69fb32d8f98c2a1620823cc03217,28c9ef88cd702b973c4f6af0da609605,delivered,30-11-2017 08:37,30-11-2017 08:53,30-11-2017 16:17,06-12-2017 19:57,02-01-2018 00:00
f8204e84e9a426029a3f9848738caf33,7181d4c67d92d02969a0d9bf56d4c645,delivered,05-08-2018 15:33,05-08-2018 15:45,07-08-2018 14:37,11-08-2018 16:51,14-08-2018 00:00
192e8093aeeb86d202c1035db3a5bd48,df2af8efbfb8b719e19e7e08d0017759,delivered,20-07-2018 10:32,21-07-2018 10:25,25-07-2018 12:43,31-07-2018 20:14,30-08-2018 00:00
5f90a6d7c0262682ff8a77f40e668e1a,4869c2c49b393e96bac32c0f844d9cd5,delivered,07-04-2017 21:10,07-04-2017 21:25,13-04-2017 11:44,22-04-2017 14:42,03-05-2017 00:00
1078cee780187c1672d97d4ebfb4cc2e,cbfe773accbd474bcd87443dcdf49416,delivered,01-02-2018 08:35,01-02-2018 09:53,03-02-2018 01:16,05-02-2018 17:37,19-02-2018 00:00
8dde389ebcf87898f96614bf718a3424,7f9a771719afa6802825b9f0793d980f,delivered,14-08-2018 10:41,14-08-2018 10:50,22-08-2018 08:00,28-08-2018 19:39,05-09-2018 00:00
04dd5aa087f6b04e0e145fb4c4fef047,2800b82a7d904585f1f78639be21f877,delivered,27-11-2017 17:19,29-11-2017 18:12,04-12-2017 19:52,11-12-2017 21:09,18-12-2017 00:00
69cfe2f137c308ad6f6d0896ad8189d2,9ba20212326011c0a71ef26b476a19f7,delivered,14-11-2017 09:19,15-11-2017 02:46,16-11-2017 19:43,21-11-2017 14:38,04-12-2017 00:00
ab46b23c27822b224f0e2fcca0f25e63,d06fde36eadfb52477c545e5922b1c9a,delivered,10-01-2018 21:12,10-01-2018 21:29,26-01-2018 20:53,06-02-2018 18:24,06-03-2018 00:00
b0ee8cb0ccd868a2b5fd4b0f66bea08a,3b5595f4f91fa8f27d5d3a7ff2dd0831,delivered,14-04-2018 20:31,16-04-2018 08:51,16-04-2018 17:48,09-05-2018 19:03,21-05-2018 00:00
e05ad3bb40dd7a1f005c828e86493bcc,348dab3f7710f2be30559eb101ff7696,delivered,24-05-2018 13:13,25-05-2018 02:55,25-05-2018 13:44,28-05-2018 16:46,13-06-2018 00:00
b56499883923b712fb275ca6ee73bcbe,8587712871a9068612ca82692acd6051,delivered,02-05-2018 12:02,02-05-2018 12:15,04-05-2018 13:47,10-05-2018 18:10,22-05-2018 00:00
5add03213ad417aab3988852ea890572,69009aaf4e400602c05b1da3989ca40b,delivered,01-09-2017 10:42,01-09-2017 10:55,04-09-2017 21:45,11-09-2017 16:36,26-09-2017 00:00
e01734681e487d52315e5745bf478d7d,7a34180d4442d594be87d3e69bbf0ba0,delivered,16-11-2017 20:37,16-11-2017 20:50,22-11-2017 15:14,28-11-2017 01:22,06-12-2017 00:00
1afd8ff2dd513d0b66ac931347fd264d,bbc17ff568ee38c7faa4f30dadb38e8a,delivered,29-03-2017 07:03,30-03-2017 02:15,03-04-2017 14:27,07-04-2017 16:34,24-04-2017 00:00
5bb67bb01ea5cb177b047ffe340c5c3e,302ddfd48143e8c407b25c746096e09f,delivered,11-07-2018 07:33,11-07-2018 07:45,12-07-2018 08:48,26-07-2018 16:16,30-07-2018 00:00
1ee14212cb207ed5474b41f501133c11,ba936b691c12f67e4c24f195f5d2f5bd,delivered,22-08-2018 22:04,24-08-2018 03:05,27-08-2018 13:30,30-08-2018 15:52,13-09-2018 00:00
fe421e7d38d622aedc8ca97d58771ea6,9bf5b0d90ce42a8216c828b07d44b528,delivered,22-04-2017 08:49,22-04-2017 08:55,24-04-2017 12:38,15-05-2017 12:08,19-05-2017 00:00
df6340ee228a1f029c6341931763f177,32705597278e6504c324f9c7fe5d74c9,shipped,01-12-2017 21:55,02-12-2017 10:18,04-12-2017 21:52,,27-12-2017 00:00
6d5f62b312ef08610aa99b1a365ec10b,2c58296eab043d713ee5fc669f6aba05,delivered,05-07-2018 14:59,05-07-2018 16:30,05-07-2018 16:08,10-07-2018 21:04,03-08-2018 00:00
dac8bbf73624993402c1e7481bb37ee5,e65ce9b007466b457e8b7bc5004b1186,delivered,06-06-2017 23:08,06-06-2017 23:22,07-06-2017 10:44,14-06-2017 14:42,29-06-2017 00:00
e48247404129e18919a1425efabcf422,f90c4fc69ee075a663c05fa16b2e61a0,delivered,16-01-2018 13:55,18-01-2018 02:13,18-01-2018 22:26,26-01-2018 20:46,08-02-2018 00:00
69a2a91fc2f5cf8fd09cf5e9ed2b56ff,c70ebd6d93654220aed313d7c3130d13,delivered,19-07-2017 21:09,19-07-2017 21:24,20-07-2017 21:23,21-07-2017 14:12,02-08-2017 00:00
07c33a9470d0df2a30cc8a8ebd0288d1,b4a2eabc4ac6b82d0f3aa2961fc9220b,delivered,16-05-2018 18:29,18-05-2018 05:16,21-05-2018 15:02,23-05-2018 14:58,25-05-2018 00:00
074d6aba62abd52ad27529d3fb746260,204bbfa4c9b59b50791939141259e2ed,delivered,08-06-2017 18:26,08-06-2017 19:03,09-06-2017 14:16,21-06-2017 16:53,03-07-2017 00:00
08b57d9de8bb87cfd045a7bc735ba831,b63fa2c5e73bc1c4f1340748442f0722,delivered,23-05-2017 19:52,23-05-2017 20:05,24-05-2017 17:22,26-05-2017 07:33,05-06-2017 00:00
c9b0a65b5794db7ced550ecc9ba178ca,d1c715c3201e2a54b45c12a6ae5e0f67,delivered,07-02-2018 16:10,07-02-2018 16:30,08-02-2018 00:36,16-02-2018 19:38,14-03-2018 00:00
d37e660e61680fadd235a5ca5b6721bb,252230964e63dc483b06023a916ac62b,delivered,13-04-2018 14:37,13-04-2018 14:51,16-04-2018 16:44,26-04-2018 20:11,09-05-2018 00:00
0524a4740833e4c479484d6fd2735725,09d9f64ba169a1b0e2c8d9690ef483c2,delivered,30-07-2018 18:34,30-07-2018 19:24,31-07-2018 09:57,03-08-2018 11:51,09-08-2018 00:00
fd3b391929c4fc835fb015acdf8049e2,9cb5cb63842b6b3b9843f6803eda167e,delivered,11-05-2018 12:38,11-05-2018 12:57,15-05-2018 12:00,16-05-2018 15:06,29-05-2018 00:00
8d994041d6127d2acc8d13aad557e75f,79549bf1ee85aa08fa9007af4f4a6dde,shipped,24-03-2017 21:48,24-03-2017 22:02,25-03-2017 09:33,,19-04-2017 00:00
9bcfea969358b43046969a17bfa436b9,a8dae326e70d36bde8a49e2207f1f0d8,delivered,22-02-2018 15:43,23-02-2018 15:54,28-02-2018 19:34,22-03-2018 11:32,28-03-2018 00:00
a077228a07e8b9b735ffd87f50d423e1,28c1154b280de237fd5050b71fb67c0b,delivered,24-11-2017 11:11,24-11-2017 13:14,30-11-2017 16:47,01-12-2017 21:43,08-12-2017 00:00
dd5831f3eb10afa80b5cea07ae84e87e,7982e84c59ee033ee1ba6110456f3f6f,delivered,06-04-2018 20:02,07-04-2018 20:08,10-04-2018 19:40,11-04-2018 20:07,18-04-2018 00:00
cbf5771b59c1f5688a8f8224f08607eb,4a727b3912355023c5284abd4b1c6956,delivered,27-04-2018 08:52,27-04-2018 09:08,27-04-2018 14:03,03-05-2018 20:58,22-05-2018 00:00
d1f23373fcc8819b0168ed403939600f,e96b0fbad01c75bac4692b344f98d0b8,delivered,11-02-2018 00:17,11-02-2018 01:15,14-02-2018 22:37,16-02-2018 12:57,05-03-2018 00:00
9e79eaf24f3a351f51692b227136741e,79d9271e1bd3984404a8b296a6de3c42,delivered,27-07-2018 22:23,27-07-2018 22:44,30-07-2018 18:16,07-08-2018 21:08,15-08-2018 00:00
755dd61fa0b225c0a149662ea67cd5ff,957928b8ab3a4c3a4ecaf3818801af0b,delivered,12-04-2018 18:25,14-04-2018 02:30,17-04-2018 15:08,21-04-2018 01:08,07-05-2018 00:00
0f55ec65ad1f38ceeb753846d0684c52,dd98b876b13121dcda59ffb2d37d0de7,delivered,01-02-2018 19:58,01-02-2018 20:13,07-02-2018 20:28,08-02-2018 18:31,19-02-2018 00:00
746de2565dea8d35a273e6b7db1764b9,542a1542afb92ac617f667ed43640af8,delivered,05-01-2018 16:09,05-01-2018 16:15,08-01-2018 18:49,13-01-2018 01:21,15-02-2018 00:00
418018cd21bcca5f7cc37f9f17ac1466,81c19ba9169b16ec020f789b0e05b677,delivered,16-01-2018 18:19,16-01-2018 18:29,22-01-2018 19:26,30-01-2018 18:08,07-02-2018 00:00
cb6e441ff2ef574ce08d3709426f88ec,4fb843d304c57182d4aa27bb39ca592b,delivered,08-08-2018 19:27,08-08-2018 19:44,10-08-2018 13:32,18-08-2018 01:11,15-08-2018 00:00
3b4f91054cb9728a62114d3103612374,b78af1eb8561b53cb6b93162ecb34e49,delivered,16-10-2017 21:39,16-10-2017 21:50,27-10-2017 21:51,10-11-2017 00:58,17-11-2017 00:00
31abfb3d839221bf8dc8165fbd494c2f,f62b26b783dc075ee45d0525eb2649dc,delivered,04-07-2018 11:05,05-07-2018 16:32,05-07-2018 07:38,09-07-2018 10:16,24-07-2018 00:00
03f2794ace8d10c0af8614f6fac2be3e,748632357c64f888b1f6932d1eee4fd7,delivered,15-05-2017 20:46,15-05-2017 21:02,16-05-2017 07:40,24-05-2017 15:12,08-06-2017 00:00
a39d3db795a5cf4c8b6c9dd050f0d326,ec66df2cb66dfda07c03050470e21f69,canceled,13-03-2017 16:12,13-03-2017 16:12,,,30-03-2017 00:00
3b2124c60aeceeefe963adfc35d0310d,1d00e4153e19570adc3862c093d0d071,delivered,02-06-2017 12:57,02-06-2017 13:22,05-06-2017 11:45,13-06-2017 10:37,29-06-2017 00:00
d3e0a0298be4e950a2271ef880d8e1ff,1da9f9775d33dcdc0a8d7811009a19be,delivered,17-02-2017 00:29,17-02-2017 01:06,17-02-2017 13:21,25-02-2017 12:13,16-03-2017 00:00
b5620c351108ed4667886da53f3f8599,2364ed5a865ac9d255eac0cac6366ea0,delivered,08-11-2017 16:43,08-11-2017 17:30,14-11-2017 13:43,20-11-2017 22:57,28-11-2017 00:00
8d1d09cecb392f024da77ada654625c5,4608ffc5f70a8c67bf129d6770948fb3,delivered,23-10-2017 17:11,23-10-2017 17:35,24-10-2017 16:58,27-10-2017 20:41,09-11-2017 00:00
165db2f7901b38055fe76db6894683d2,7b7ba1ea7b27f88bba9a40beb28b0520,delivered,04-10-2017 10:45,04-10-2017 11:05,04-10-2017 21:48,06-10-2017 17:41,23-10-2017 00:00
afde85ca0156001aaeb789fe4747edda,943a02b9d5564146f21343b020bcb5de,delivered,19-02-2018 16:20,19-02-2018 17:47,22-02-2018 21:29,23-02-2018 16:03,05-03-2018 00:00
4af91349921618b7fe12e5b417b3fc7d,412f4e3e4f82e83c44e9ccc631885767,delivered,24-11-2017 17:52,24-11-2017 21:16,04-12-2017 16:52,05-12-2017 23:58,14-12-2017 00:00
e2cfe4b2af025a2ae3b1d8795f677525,263e66eb67eddc6a0053b194571427d0,delivered,05-12-2017 12:19,05-12-2017 12:33,05-12-2017 22:54,05-01-2018 23:59,29-12-2017 00:00
397734101cdc7f8ac3663089a968a763,a8ce91cb1dbbaddba9f7be0a9937b25f,delivered,30-01-2018 17:04,30-01-2018 17:29,01-02-2018 18:23,12-03-2018 20:32,02-03-2018 00:00
807451448a665b991d8608a4890e6059,4b881664606b8531347f673b8860c565,delivered,28-07-2017 13:10,28-07-2017 13:43,01-08-2017 00:03,04-08-2017 16:10,14-08-2017 00:00
af9b2bc020f9e2e4baf46e08f5700e51,6fbf49020855ca62bea99874ac92e715,delivered,01-08-2018 17:02,01-08-2018 17:30,07-08-2018 13:02,10-08-2018 16:31,15-08-2018 00:00
a8f5a2b22f55e0af45b300929d1fdc7d,6e359a57a91f84095cc64e1b351aef8c,delivered,15-05-2017 17:58,15-05-2017 18:10,16-05-2017 15:41,19-05-2017 11:10,06-06-2017 00:00
c57a1614ff14e7e6009f15b0d36d67da,604cdd5917fc17427bdb04712335927a,delivered,05-08-2018 14:47,05-08-2018 15:04,06-08-2018 14:00,09-08-2018 21:52,22-08-2018 00:00
7edf656fde82d2902cc1a19596cdf422,116a19a0ae346ac667f771936ff445bb,delivered,20-03-2018 15:36,22-03-2018 02:49,18-04-2018 18:21,23-04-2018 16:48,20-04-2018 00:00
6e57e23ecac1ae881286657694444267,2dda54e25d0984e12705c84d4030e6e0,delivered,09-08-2018 17:36,20-08-2018 15:55,14-08-2018 13:26,17-08-2018 16:45,06-09-2018 00:00
b8bf848cf366061f0e9555337da2a9d6,56b819ca6360d77781801ec530b47783,delivered,22-08-2017 13:04,24-08-2017 03:06,24-08-2017 15:04,04-09-2017 19:06,14-09-2017 00:00
9ec69e593c93e73dea5c433c653e8d46,461ef2a952bc2e913cf440163e85a4de,delivered,20-03-2018 13:03,22-03-2018 02:49,23-03-2018 13:22,06-04-2018 22:31,11-04-2018 00:00
f03bbe221b9e5bae09eccab6a0c4120e,5117c4b5e5b786a6f513005ee3bd9f18,delivered,03-11-2017 11:24,09-11-2017 18:15,10-11-2017 22:18,20-11-2017 17:35,30-11-2017 00:00
dfa3653e86520b99a8a2dceed4362a7c,0326dd6a607188065ee1d69c0390395d,delivered,18-06-2017 22:03,20-06-2017 10:35,27-06-2017 08:52,03-07-2017 16:03,21-07-2017 00:00
a6ae47718cbf5663cae29d4ed03ba272,28bdf307ebed2aa57b5c83c7fb080fd1,delivered,05-08-2018 18:13,07-08-2018 06:10,09-08-2018 15:19,10-08-2018 21:58,13-08-2018 00:00
934daa3b33591884346152a2c7f15ce5,ccc2a5577a251f98fb39d90e7fca0c78,delivered,17-05-2018 20:04,18-05-2018 01:57,18-05-2018 12:57,22-05-2018 19:12,28-05-2018 00:00
1f079793c7cf0447834c7f3fff027802,f92cd4dab2ff641c55fe00ae3f3ddbd5,delivered,01-08-2018 14:42,01-08-2018 14:50,06-08-2018 10:00,07-08-2018 23:51,08-08-2018 00:00
d02a27af33a8164ec42eeddf27c5ad59,a0227ec32ff282dc027d2afd5982ba5a,delivered,22-03-2017 09:57,22-03-2017 09:57,22-03-2017 12:14,29-03-2017 16:17,12-04-2017 00:00
d8e0ad323eb1f4ae7725beb34e2aff1f,dbe0f00a51158c7c60c7de899c9562d9,delivered,24-11-2017 21:45,25-11-2017 00:35,28-11-2017 18:12,02-12-2017 14:07,08-12-2017 00:00
610d998ea61935583bd897dd101d0e1d,4c6646f19dfcb0bc05ebccf4ddeb745c,delivered,24-07-2017 19:36,24-07-2017 19:50,26-07-2017 21:03,03-08-2017 18:09,22-08-2017 00:00
dff6ed771cf60abd35926e39beb502ef,c01443cc3dd815804225dacaded87050,delivered,06-05-2017 15:20,09-05-2017 09:30,09-05-2017 10:39,16-05-2017 09:03,31-05-2017 00:00
b13efaac3f8cb7730ba737059abc614b,f48c503766cc6385fe6947e623c20b65,delivered,26-10-2017 11:22,26-10-2017 11:37,31-10-2017 16:58,08-11-2017 22:04,23-11-2017 00:00
06450a9849cb4a8c2f3bbeba9995b64f,6668dac2eb65c90a4b5662e8d5a38514,delivered,19-01-2018 20:26,19-01-2018 20:36,23-01-2018 22:08,26-01-2018 15:08,01-03-2018 00:00
7dc27189eb855013011423a5dcac71c3,848a418025af5ffbbadfdedd85081da7,delivered,15-04-2018 18:55,15-04-2018 19:10,16-04-2018 19:26,17-04-2018 19:04,27-04-2018 00:00
ca186afb25218627f21f78bcb9a5ea08,7180be94124d3a8df635fa390531a16a,delivered,21-08-2018 17:10,21-08-2018 17:27,22-08-2018 14:35,27-08-2018 19:07,03-09-2018 00:00
767cc814433df2750747896ffc066766,2edc6f92f35d994f26752db0fd1f5727,delivered,28-06-2018 01:05,28-06-2018 01:15,28-06-2018 14:02,09-07-2018 15:18,03-08-2018 00:00
b198d16d5ba1cbacf02b4d54728314fa,7021912eee1bca99920c934a3d8b27c5,delivered,28-07-2018 14:57,29-07-2018 17:45,07-08-2018 13:43,15-08-2018 13:41,21-08-2018 00:00
a66765fe402323e56c6304674dea53ec,6a9f8b26d13f6070c2be70b834949be9,delivered,09-09-2017 11:35,09-09-2017 11:45,11-09-2017 22:10,26-09-2017 17:56,03-10-2017 00:00
eb95318c123e12f8213e02bd24fe4118,0c61d5a89f3c2614ad54d1db39a03186,delivered,10-08-2017 07:06,10-08-2017 07:26,16-08-2017 22:21,25-08-2017 18:59,01-09-2017 00:00
f351c922b3d5947bcadbeeab096796b8,259d4795add79a2b1ea46f0210db8766,delivered,08-11-2017 19:39,08-11-2017 20:30,13-11-2017 19:48,24-11-2017 14:09,30-11-2017 00:00
a6534e13be8fdab7ccd171198936be57,1b160c386763e9d5ef99a5afd66d61d9,delivered,13-02-2018 23:42,15-02-2018 00:31,15-02-2018 23:29,26-02-2018 19:23,08-03-2018 00:00
e2a4e699c1ba4cf1036be1ca8851b2f4,49c6a9bd8786031fa02ef67014dd2bc1,delivered,07-04-2018 00:49,09-04-2018 08:09,10-04-2018 02:57,20-04-2018 19:19,02-05-2018 00:00
fc0e0898cfd3461507bc68aea61e36d8,69cf5beafa7bea170aac033ed6ba25d2,delivered,29-12-2017 20:50,29-12-2017 21:07,03-01-2018 17:28,05-01-2018 14:44,18-01-2018 00:00
17369d934e18e1cb2481bc11a9dcce78,9fdf053062b1f535917981029e490fa8,delivered,23-02-2018 23:33,24-02-2018 00:07,27-02-2018 21:58,14-03-2018 19:51,26-03-2018 00:00
aa5bea3edb5908e4063ffee094543547,135cff02649bf8b25bb2ca8b46bd80c3,delivered,03-02-2018 10:17,04-02-2018 10:10,05-02-2018 16:42,28-02-2018 21:33,06-03-2018 00:00
31b9cf3309387ffd343b19690e6985a0,b6b8e122cb92d8153a97eecba602db4d,delivered,14-07-2017 20:57,14-07-2017 21:10,15-07-2017 15:41,19-07-2017 19:34,03-08-2017 00:00
43df363e546c5d4be691fee79394213d,5687096b10ffbfce09ee6a5fc3ebefd1,delivered,21-12-2017 13:57,22-12-2017 02:50,22-12-2017 17:56,26-12-2017 19:09,10-01-2018 00:00
cfcdaec7ddcaf0a8ff1ef398575d9917,5f4b2469ef500958180a1e9bd6edd1fc,delivered,06-01-2018 17:38,06-01-2018 17:46,09-01-2018 22:39,11-01-2018 20:22,31-01-2018 00:00
649119592692c2ce73021844e7892aa6,a2aeb9a5650ba6f97ebd3335cb0dd610,delivered,27-06-2017 12:00,28-06-2017 02:35,28-06-2017 17:37,10-07-2017 20:49,25-07-2017 00:00
f7a4be4d6edb66bd0e62e91e1bbc9061,30df93bd0e2874646d39d37dec1764d5,delivered,17-01-2017 10:49,17-01-2017 11:02,18-01-2017 12:40,30-01-2017 13:28,01-03-2017 00:00
ee6f7abb8cf6ea119dbd09f8cf6acbfe,2c87fa5de571fe098ce699a0b93da7dd,delivered,16-06-2018 16:39,16-06-2018 16:58,18-06-2018 09:33,21-06-2018 16:09,26-07-2018 00:00
17c7247e36a481d564a5ec8c28861709,89aa7d6c004419805cfefc8ed2e01c1a,delivered,21-07-2017 10:09,25-07-2017 03:50,26-07-2017 10:21,29-07-2017 11:11,03-08-2017 00:00
922d589aa475c4bc7935c3b9d97e6dae,08d5cabc983964257832805dc6f0e74e,delivered,22-10-2017 16:53,22-10-2017 17:14,23-10-2017 17:30,24-10-2017 20:17,03-11-2017 00:00
ab19eec70d9d0fa0b30f290905c806e5,d19766c98ec819e36dc3d8db0491f72f,delivered,27-08-2017 02:41,27-08-2017 02:55,28-08-2017 18:53,29-08-2017 18:57,08-09-2017 00:00
10ef04a6021b2bac686ed668485c8c80,82b03a0031f872239665983241c52179,delivered,25-01-2018 13:21,25-01-2018 13:38,17-02-2018 02:33,16-03-2018 00:18,09-03-2018 00:00
20be6d24b0a84a4e329e5973d524f20f,eb7276a4ee7dd4449adcde6da478121a,delivered,01-08-2017 23:35,01-08-2017 23:50,03-08-2017 14:51,15-08-2017 16:07,08-09-2017 00:00
0e2f2a11ed7233e538469471930a7ed7,a7dbd3fd213f08708b18e3b2667e14de,delivered,29-05-2018 09:13,29-05-2018 09:30,29-05-2018 14:45,11-06-2018 14:53,16-07-2018 00:00
2f50a3b610253bede0da1b660bf560b9,e4d57ae0cd29436ff661934056bca9f4,delivered,29-06-2018 09:59,30-06-2018 02:52,03-07-2018 12:37,07-07-2018 12:12,27-07-2018 00:00
844f01e04cbbf8ba9a2ada9f036eb8d2,85edc80a16b4badbc1e58061b6ba26e3,delivered,06-02-2018 20:37,06-02-2018 20:51,07-02-2018 20:33,20-02-2018 17:05,07-03-2018 00:00
8eee4e1e428f76520ca03af043ace939,a71f52e216620305e7028f51100b69a8,delivered,01-07-2017 16:25,01-07-2017 16:43,03-07-2017 15:21,11-07-2017 13:06,25-07-2017 00:00
7000a7e12f1bd709320d5ba33e246930,f2e25f6f5b6b91207fae80a1c29d1a2d,delivered,25-12-2017 22:56,27-12-2017 04:06,28-12-2017 17:34,13-01-2018 10:37,16-01-2018 00:00
dc0d27ec49c399d19c810f94cd9d322c,636fd957f57d4c30891ea36b788d1a98,delivered,18-10-2017 20:24,18-10-2017 20:35,26-10-2017 14:28,27-10-2017 15:27,06-11-2017 00:00
8d4c637f1accf7a88a4555f02741e606,b1dd715db389a2077f43174e7a675d07,canceled,29-08-2018 16:27,,,,13-09-2018 00:00
70bd1eb0a425533fa100afb2a4f26a98,e37922fce09b0c4a557f9aeb21b59466,delivered,28-07-2018 13:13,30-07-2018 16:05,01-08-2018 12:41,08-08-2018 16:52,22-08-2018 00:00
a48804f66ce775aaca8c304521669e80,4d77375c6dcb70bcc7e85e9745a7f61a,delivered,13-11-2017 11:06,14-11-2017 04:10,16-11-2017 17:06,21-11-2017 17:27,06-12-2017 00:00
b025ae09d0783f8194ec38b10c65acbd,0634a391a7b3989dda9196f26e6b2242,delivered,01-09-2017 10:50,01-09-2017 11:04,01-09-2017 20:04,11-09-2017 18:37,20-09-2017 00:00
9bafbb16dccffbb09e9d88acb1a932f4,5c819da02aa0a65eca9a8086a00a9885,delivered,17-11-2017 13:10,18-11-2017 02:31,21-11-2017 20:53,22-11-2017 20:59,30-11-2017 00:00
7a067b571c19eb71f647423ceba78fbe,d2e69592f6a7899fa93310dea8f31096,delivered,17-05-2018 10:31,17-05-2018 23:31,18-05-2018 12:54,22-05-2018 20:07,25-05-2018 00:00
f8ac1de7953f257102599bdaad640722,e29b173e2f8fdd7546b5d3cca8385032,delivered,28-01-2018 19:45,28-01-2018 19:59,31-01-2018 17:36,01-02-2018 16:58,20-02-2018 00:00
816d7f5c23756d3a5757a2b8364424c7,ee6ffacff5681f9665b19d91214345ad,delivered,10-08-2018 12:43,10-08-2018 12:55,13-08-2018 16:21,19-08-2018 19:21,22-08-2018 00:00
a88803b061dbc43656aa2d377b834e4a,9ea5e80f52a670b0bccb10c1a4ce2463,delivered,10-04-2018 17:25,10-04-2018 17:51,11-04-2018 20:21,02-05-2018 16:15,08-05-2018 00:00
d65ef0f73f00ef3755af2d8ef6138ba5,754580db05fdc599ca4532c09a328da2,delivered,23-04-2018 08:58,24-04-2018 18:14,23-04-2018 19:07,03-05-2018 20:48,15-05-2018 00:00
d13130a0433949ba242b2f0632fd49a2,df85b96ba2ce3e49bde101b1614f52ac,delivered,26-11-2017 11:43,26-11-2017 11:55,28-11-2017 15:11,07-12-2017 23:17,20-12-2017 00:00
7158229b50001f9cbebbab387c50992e,d5fce16631bd2ca01664a112560b505f,delivered,11-06-2017 21:57,11-06-2017 22:05,12-06-2017 16:38,23-06-2017 12:34,05-07-2017 00:00
7723b5b9aece2fe48715a349e72ce1df,b5205e335aca81bc3bea7fef91500e1f,delivered,26-02-2018 19:28,28-02-2018 09:29,21-03-2018 21:32,03-04-2018 18:07,04-04-2018 00:00
305bdb8167732cc44914e064834f8e1c,9e08d3d12c8694671a52867c2b9bb224,delivered,06-07-2018 18:21,06-07-2018 18:50,09-07-2018 08:19,12-07-2018 23:22,30-07-2018 00:00
1eeaec28c1a699b3b423fba26109e197,e6f7cbd1504efea2bf999b2fa1cb8679,delivered,06-03-2018 09:30,06-03-2018 10:09,07-03-2018 23:18,03-04-2018 22:08,17-04-2018 00:00
63e0b9d618055898fd3f289f91fe7009,9d4af9f8d10634a350e55c44f566914c,delivered,25-02-2018 18:14,25-02-2018 18:47,14-03-2018 16:18,19-03-2018 15:38,28-03-2018 00:00
c14d11b92dcd430bb0e414bff63825b0,c4073e465adf088386a637bf76ff1bdf,delivered,03-04-2018 17:06,03-04-2018 17:28,05-04-2018 19:03,09-04-2018 17:06,19-04-2018 00:00
03a54d3b0f15ac01bad656997420d3bb,574478d054c2bae93a3c66c8a32f4fd5,delivered,28-05-2018 19:15,30-05-2018 02:32,30-05-2018 13:50,06-06-2018 19:14,26-06-2018 00:00
26aee8d6346575cec08b4981acf7cfc3,f99d3670012af522d07daaaec39a2ad2,delivered,20-08-2018 00:11,20-08-2018 13:56,21-08-2018 15:46,23-08-2018 18:18,24-08-2018 00:00
a9750e3434088f124fafaf2cb0109fc9,cc9f647f3dcb74c71969df6747554818,delivered,06-11-2017 18:34,07-11-2017 03:31,07-11-2017 17:09,09-11-2017 22:12,17-11-2017 00:00
7ad99dd647ac730449ac7193ca005527,6dfe3ddd436ac19e55962c1e03189bc4,delivered,15-03-2018 22:13,15-03-2018 22:32,23-03-2018 15:26,02-04-2018 21:28,04-04-2018 00:00
684e1a86f45edfeeec53b6e903bcf15c,025d5d5b392ca0924d3f47a286fe474f,delivered,02-07-2017 13:51,03-07-2017 13:45,04-07-2017 18:03,17-07-2017 17:31,25-07-2017 00:00
b77ffad8b6c7bb5dedfb6a61f8e7cf57,90e5ceff72c2844348d875011815f1de,delivered,09-01-2018 23:49,10-01-2018 10:31,15-01-2018 23:35,08-02-2018 12:51,09-02-2018 00:00
eaef7f919169425e4108197b3bad8065,58d2f3b85809a877b7a268be30871cc3,delivered,28-04-2018 11:33,28-04-2018 11:50,07-05-2018 12:31,11-05-2018 13:56,23-05-2018 00:00
e804510d7bf65ec23803813f9bc9dc15,847bf1bfd5767bd38113d9324e29b59a,delivered,09-08-2018 14:34,09-08-2018 15:05,10-08-2018 12:59,17-08-2018 20:18,21-08-2018 00:00
8d44f932616a400f89f21d5449de1daf,e89af4478b4eee04c3603cf7d16d486a,delivered,14-05-2017 12:36,14-05-2017 13:22,15-05-2017 10:58,24-05-2017 17:09,12-06-2017 00:00
48152543286e71de6452df5ae4bd069c,a5c00cbccb8ff7ec3bb8715188412b83,delivered,18-06-2018 10:40,19-06-2018 04:17,19-06-2018 11:00,20-06-2018 17:52,28-06-2018 00:00
240191f09afa5eb7356ceaeeb8c153ca,6baa9376774172fc3ad877c08e85644e,delivered,26-03-2018 12:06,28-03-2018 16:27,29-03-2018 22:52,09-04-2018 15:28,17-04-2018 00:00
f0dd4c57ab7f24c4d9e52674ef3c887e,4a293f5fca6868a2c0d69e89494dafb7,delivered,23-08-2018 22:29,24-08-2018 22:25,27-08-2018 10:46,30-08-2018 18:18,10-09-2018 00:00
f594ab1eab2b9d5a646c989c1bc5eb3e,d0836b848a9c6d8fe285a19b028df814,delivered,03-09-2017 21:38,03-09-2017 21:50,04-09-2017 19:52,12-09-2017 21:35,27-09-2017 00:00
c8126206d94637a4e63af00f4181a14d,a90468e2c3a73422673411b52aaa8426,delivered,29-05-2017 22:07,29-05-2017 22:22,31-05-2017 12:04,07-06-2017 14:41,29-06-2017 00:00
a0ffdfae1965dbe1b949e79e80e5f289,5c1f704b7692629f2e6ab705487f17cc,delivered,22-09-2017 18:50,26-09-2017 04:07,26-09-2017 20:19,17-10-2017 23:22,19-10-2017 00:00
e8198fb86447455d67c1ddd0b3a068b2,25c1ced83d16f627bd5862b7f9bc6caf,delivered,16-03-2018 18:05,17-03-2018 02:35,19-03-2018 16:31,21-03-2018 18:17,28-03-2018 00:00
793b7a8a6150d038052487e8a2af52ec,d57230d9d905c3efa3f8d07284c69167,delivered,22-06-2017 18:32,22-06-2017 18:42,29-06-2017 12:38,07-07-2017 18:03,14-07-2017 00:00
9977f4c374c569a4721d5261ab8694ec,e27702751ec7fac85bfdddd986cc03ce,delivered,06-04-2018 14:07,06-04-2018 14:30,07-04-2018 16:22,13-04-2018 18:37,30-04-2018 00:00
2ce757e7e2cf3442241e4646b3472dd0,1d90552931e70c9f5f72f05a9c210a56,delivered,30-08-2017 10:56,30-08-2017 11:10,04-09-2017 14:52,12-09-2017 21:24,28-09-2017 00:00
87b8f9f472fb04cdbf53fb55a3591b5f,0080e98d82eceee143dc006defe00687,delivered,26-10-2017 18:29,26-10-2017 18:46,30-10-2017 12:51,03-11-2017 16:41,14-11-2017 00:00
6522386fefd98cf9293642fb5dcf9342,bfe86e6e37b9485c767b72380d165412,delivered,18-12-2017 15:35,18-12-2017 16:36,20-12-2017 23:43,29-12-2017 19:37,11-01-2018 00:00
21838957166e38f71ea42879c0a5c3db,321e587bfd564d724fa0883998543eac,delivered,03-09-2017 21:00,04-09-2017 21:10,09-09-2017 13:42,13-09-2017 20:47,21-09-2017 00:00
0301ec492e902f2630234df285fa2a1b,25d1a8eaa40b155630ad44faa4b38e40,delivered,30-08-2017 16:03,30-08-2017 16:15,31-08-2017 19:29,26-09-2017 08:04,03-10-2017 00:00
30c55005c29694f8bb42f9d42c659aa5,4cad7c4c5d12ac22f52c16a69d0663e6,delivered,17-11-2017 13:15,17-11-2017 13:46,21-11-2017 16:36,11-12-2017 16:23,11-12-2017 00:00
8a7059f3a26aa6df1579a6c9ccbacc3e,ac3e946018ca22557127dcd54c9cd677,delivered,25-09-2017 21:50,25-09-2017 22:05,26-09-2017 23:17,03-10-2017 23:04,20-10-2017 00:00
ac8cb2fea06770a98357d5e17a82b627,edd54a65bbf38c7914583ad0ad6ecf2b,delivered,21-08-2018 06:06,21-08-2018 07:30,22-08-2018 11:30,23-08-2018 21:32,10-09-2018 00:00
d967b02c8e9ac87edb380250c652a6b2,b95ff7c80668f3bf98651036308739d7,delivered,06-11-2017 18:17,07-11-2017 03:31,08-11-2017 18:51,23-11-2017 19:51,05-12-2017 00:00
e91130c6fc7b9ad7646ba8260477bd66,063a5ea8e53ff62d2547c8af92ba02b2,delivered,28-03-2018 19:53,28-03-2018 20:07,12-04-2018 23:06,18-04-2018 20:15,25-04-2018 00:00
625f2a06b46e5cbf695ba96293f76721,0de81b04e35176808cda689cb88bd263,delivered,01-03-2017 17:58,01-03-2017 18:10,02-03-2017 15:40,07-03-2017 09:35,21-03-2017 00:00
9b85bbefeeacfebc3ff603d20511734f,7f4f07b97783e894fccff9d72e0988b3,delivered,27-11-2017 10:32,27-11-2017 11:14,29-11-2017 15:16,07-12-2017 19:48,20-12-2017 00:00
c7da3693b9936c359eb9d60640dbb967,dfbfddf21e93f87163d8695b85506112,delivered,21-08-2017 20:49,21-08-2017 21:05,23-08-2017 20:53,28-08-2017 19:34,11-09-2017 00:00
236000cc7c90d723a7db9afa31f73e72,41a7a254ad0f16ee9ba1f2ba2605d630,delivered,23-01-2018 18:36,23-01-2018 18:55,24-01-2018 23:24,04-02-2018 14:19,19-02-2018 00:00
2fba22888f1373d0c3686616e4caf5c8,436e9e545e5299f9e29e1f6083267aec,delivered,03-02-2018 19:00,06-02-2018 05:31,06-02-2018 22:35,17-02-2018 14:52,01-03-2018 00:00
ed98c37d860890f940e2acd83629fdd1,71f8cd490677ee95362201588c0eaff4,delivered,15-12-2017 12:57,15-12-2017 13:13,19-12-2017 22:57,22-12-2017 01:28,05-01-2018 00:00
91be088e7093d68e9e8202a7e5d85269,e2287d42212bea87fe363e728bd41e26,delivered,27-03-2018 09:08,27-03-2018 09:27,27-03-2018 19:03,09-04-2018 23:31,18-04-2018 00:00
4109e4ec2678abadacc06e7a540fec03,9f6a53c19c779bd59965550eb0474688,delivered,21-08-2017 14:08,21-08-2017 14:24,25-08-2017 20:05,29-08-2017 16:24,15-09-2017 00:00
4c9ad1ec8d135d9f6cda60ba64fdc5bf,df50aa4e5e65c1e00257ac32ad9167ed,delivered,01-03-2018 16:55,01-03-2018 17:15,02-03-2018 22:43,26-03-2018 23:50,21-03-2018 00:00
79a07404beb09afb0d444bbe9dca4bae,998f126b3cb8b108a8b7784019afa475,delivered,21-08-2018 18:47,21-08-2018 19:04,22-08-2018 13:44,23-08-2018 20:56,27-08-2018 00:00
f255802c9fa377d64b1699bcf855a608,5e3f472fbaeca6350f1d9d3072293f31,delivered,08-01-2018 19:30,08-01-2018 19:48,09-01-2018 19:33,17-01-2018 22:52,01-02-2018 00:00
3e2c9148e8b9cca0ec6d480ee316ecb8,461ac5f6096c83246957cad38154e252,delivered,30-03-2018 10:45,03-04-2018 05:08,04-04-2018 21:21,06-04-2018 21:06,20-04-2018 00:00
e8fba7de8823194ccf9c1f2d52123bee,4ed0344372e80ad60bba6b668bd61bff,delivered,10-08-2018 09:42,14-08-2018 04:15,16-08-2018 13:56,20-08-2018 18:23,28-08-2018 00:00
c63664068aa3636080c2cd77c53971ab,66e8039d5fddd75067de6b08e4bb22e7,delivered,04-12-2017 17:01,04-12-2017 17:46,05-12-2017 21:48,22-12-2017 20:09,28-12-2017 00:00
b7af6b8813fa3bb23a67f2fd8284db1e,6531d4ad5d401bc0d4fcca146cff73b1,delivered,25-06-2018 11:18,25-06-2018 11:33,26-06-2018 12:40,28-06-2018 13:16,11-07-2018 00:00
8104760d9724e09916d654322f583de8,a1a0692a3acbcfe9ec59eb2510936414,delivered,09-08-2017 16:19,10-08-2017 10:15,11-08-2017 18:45,15-08-2017 19:45,22-08-2017 00:00
2ad5a06596850e972a2074a311a1a30f,15f8bddd3b14e7c3bb4f2020a35e1f3d,delivered,18-04-2017 22:38,19-04-2017 01:30,24-04-2017 17:20,11-05-2017 09:07,11-05-2017 00:00
d20a22b30ef6af31ef95346ff02133ed,a283df0eddc285d223a925e3ec1a0067,delivered,08-02-2018 11:37,08-02-2018 11:50,14-02-2018 20:11,22-02-2018 16:46,12-03-2018 00:00
d0b7e2eb7a74f928072f23a62f4e4f58,335e8d4375004a6065aa3c1d2190995d,delivered,21-09-2017 22:15,23-09-2017 02:26,25-09-2017 18:21,26-09-2017 22:53,06-10-2017 00:00
4f248cce45f86c074a86cbf117d2b1b5,78b62d86956ff92fb90758963d061c6b,delivered,17-06-2018 20:16,17-06-2018 20:33,20-06-2018 12:16,21-06-2018 16:32,26-07-2018 00:00
e93fceb3b0a859a71554881b5b9b5a86,8f11b4d19fddeb5a195b9795fe132fc2,delivered,27-07-2018 10:44,27-07-2018 10:55,01-08-2018 15:37,08-08-2018 12:58,22-08-2018 00:00
8f3c9dee0b510175b90cce425174b78e,581588a30afa8dd7bf1179f15ef2e94e,delivered,31-03-2017 23:02,31-03-2017 23:15,03-04-2017 15:45,10-05-2017 13:42,04-05-2017 00:00
932c319ee28911384cce008c02f0b448,f0ae81a403ac013c63bbea4035de8083,delivered,11-08-2018 16:52,11-08-2018 17:04,13-08-2018 15:26,27-08-2018 15:24,13-09-2018 00:00
ad2cd0c1191ac47da3a52b1bf112b391,646c33ea702a830b5017485c833d2971,delivered,04-07-2018 10:53,05-07-2018 16:33,10-07-2018 12:17,11-07-2018 15:41,17-07-2018 00:00
c32dd42a4b8a42c008777be9de862c10,80bcfb6131f4a90aaa0e1a230d747b33,delivered,31-03-2017 02:48,04-04-2017 05:45,06-04-2017 15:27,13-04-2017 14:25,27-04-2017 00:00
1fc4c658ba7a1f8edf3492ce534944ee,5299b9f29f522644081a8249407ede3c,delivered,28-08-2017 10:29,28-08-2017 10:45,29-08-2017 18:42,06-09-2017 23:04,15-09-2017 00:00
ebf6d4734dafb7b6c2c67b98db1b90c4,ad5303ccc4b7f49cbe9767f6a88515d7,delivered,16-03-2018 10:58,16-03-2018 11:10,19-03-2018 21:22,14-04-2018 12:03,09-04-2018 00:00
a3d1ef2562cf71542edfed06c1a7b6c8,5f825bf617f8288a4cb4f50c3c179794,shipped,21-01-2017 11:43,24-01-2017 03:42,24-01-2017 10:16,,08-03-2017 00:00
8b57d8238179a3fe33158f6f4daf959f,424666b500924dcee2fafee945732103,delivered,13-02-2018 19:20,15-02-2018 03:56,20-02-2018 18:17,17-03-2018 18:38,07-03-2018 00:00
cf4ca07fc7743be3281b694f321007bb,d45911b08f65d94b147768c0f369ba84,delivered,18-07-2018 11:55,18-07-2018 12:10,19-07-2018 15:38,30-07-2018 19:43,06-08-2018 00:00
4e49c4d84e4e416dfa56e61889b7113d,08c79ba38eb563126e213a0a764eb7a4,delivered,23-03-2018 16:19,23-03-2018 16:30,26-03-2018 20:03,29-03-2018 17:09,12-04-2018 00:00
4f392bdcc6b33f1b56ae0fd844343bbb,d12dfe84678bf6a057d218e2ee623154,delivered,12-05-2017 22:50,13-05-2017 07:22,16-05-2017 09:17,17-05-2017 12:08,05-06-2017 00:00
8f32ee82ea0fe678bd4aae681f1637cc,468c4f2750adc583cfca2f7223d7ebff,delivered,25-06-2017 16:16,25-06-2017 16:25,26-06-2017 14:43,28-06-2017 16:16,07-07-2017 00:00
3e8beb10c7fe2966555446e8575a88b7,a32e9f128bf594a9f10ca06f147b4719,delivered,03-08-2018 22:16,04-08-2018 04:15,06-08-2018 14:58,08-08-2018 17:18,13-08-2018 00:00
bae5466ca9c393da0e97709654923fdd,b806115ed21f16a50c4f3a28947aeadb,delivered,05-09-2017 15:20,05-09-2017 15:35,06-09-2017 14:59,12-09-2017 14:40,25-09-2017 00:00
db7f34935c2b818933171e61c031695c,e04f1a56c179e5072f239aa83ee0b5c7,delivered,09-06-2017 13:14,10-06-2017 02:45,12-06-2017 14:19,19-06-2017 13:55,11-07-2017 00:00
3d6031aba8562253267cc241b6113b98,7a33b68891edd3370f13fc2adbb312ac,delivered,19-04-2017 22:15,19-04-2017 22:30,20-04-2017 16:15,15-05-2017 09:45,09-05-2017 00:00
306151d434933050d958f0db23e970a7,54dd42fc9598bd2f29c6860c16fce38b,delivered,22-01-2018 18:25,24-01-2018 02:53,25-01-2018 23:42,30-01-2018 14:09,06-02-2018 00:00
9044b4ff307597019884db48921c1e7e,8c4751bbb5aacd9f0d694e8c622faacc,delivered,08-03-2018 16:07,08-03-2018 17:00,09-03-2018 17:09,12-04-2018 23:32,04-05-2018 00:00
be5b278e38c06fb98c18c6ed0554b754,039c5d6f330c73420f1658e63f67f0ff,delivered,02-08-2018 12:06,04-08-2018 04:10,07-08-2018 09:01,08-08-2018 16:32,08-08-2018 00:00
7226faa7c52097729fa37ede3e8a625b,f9c5e7c93778d6fdb505bd69aae820b2,delivered,14-07-2017 22:18,14-07-2017 22:25,17-07-2017 18:54,26-07-2017 20:24,03-08-2017 00:00
523d7597c0c82db94fd16b4213e2f0ab,9ac238d7ed8b3694e58e35b1ed82e8b4,delivered,20-02-2017 13:51,22-02-2017 03:10,23-03-2017 15:43,06-04-2017 14:05,21-03-2017 00:00
5504eaa5a86eb25fa666cf2e6b96c701,a30be38e1ed0ffb39b318bf1d15e98d9,invoiced,29-11-2017 08:33,29-11-2017 08:56,,,20-12-2017 00:00
2860d23a9117630b980b55b7705a38e3,c6fb5870c31ffb62f86cc2b9a8f09921,delivered,02-11-2017 11:01,02-11-2017 11:15,03-11-2017 17:12,08-11-2017 19:12,29-11-2017 00:00
9cd88e173978b7414b46e60ddc882ae2,7461f9bc414c8346a6ba180b1fbe3580,delivered,27-08-2017 14:17,28-08-2017 17:05,31-08-2017 20:36,05-09-2017 19:42,26-09-2017 00:00
7902ef4dbb5973b8426b4c66f2488d3d,ab2ad178fdd3930c37f3e12ea2a3495c,delivered,02-12-2017 23:23,03-12-2017 00:04,04-12-2017 20:07,07-12-2017 22:18,27-12-2017 00:00
7afca88a125dd0c2b912bbf82c0496a4,0030aded3a67b29946a128ee8468388e,delivered,23-11-2017 21:18,23-11-2017 21:27,28-11-2017 12:52,06-12-2017 16:09,21-12-2017 00:00
4c5ad8021308604b11f7badf742189dc,30263a0dd35e8aa7df79414030756e15,delivered,26-10-2017 14:21,27-10-2017 19:46,31-10-2017 22:05,13-11-2017 19:07,28-11-2017 00:00
1cb44c843df038496648b84a904aafa6,ec3f8a3193f7b0ab486687b5dc5a7f50,delivered,24-09-2017 20:25,24-09-2017 20:44,26-09-2017 12:26,05-10-2017 21:42,19-10-2017 00:00
a4bc1677b3d60b00fa7992831697d94f,c5c7f43ef235a5954eca2f6d585e75e6,delivered,19-10-2017 12:31,19-10-2017 13:06,20-10-2017 14:32,23-10-2017 15:28,31-10-2017 00:00
d86120cf943d0b5402307848d5bab386,0928439662f8929fd00483ceef12c25a,delivered,11-04-2018 23:03,11-04-2018 23:15,13-04-2018 00:32,18-04-2018 22:08,30-04-2018 00:00
27e2a7e5ef6ee74e734f296c3a0e33f8,e78e95c694dc4c2aae6e6975bb58bd48,delivered,06-03-2017 19:45,06-03-2017 19:55,07-03-2017 10:11,13-03-2017 16:58,30-03-2017 00:00
4ea3508e2de6e58640c0efe3ef758829,75776b1f1b023dd82d5fafe940616c1e,processing,21-05-2017 23:42,22-05-2017 00:35,,,21-06-2017 00:00
14e29f83cf6fcd5fcca40380a248eea1,d1d326edcb5fc3e9aadd6e86b7a57910,delivered,13-02-2018 11:28,13-02-2018 12:30,16-02-2018 17:49,18-02-2018 12:45,01-03-2018 00:00
6dc866fe5592428e07b710b6dd22a920,9f1595b82c93e652dd8ffd5cc4051362,delivered,21-07-2018 15:36,21-07-2018 15:50,23-07-2018 10:09,30-07-2018 21:09,23-08-2018 00:00
086f617d66181efa193629791e0a9076,bd9f453692541458b7e80c8ec16bc167,delivered,10-08-2018 12:48,10-08-2018 13:04,13-08-2018 14:24,21-08-2018 16:39,31-08-2018 00:00
029e3b4c8e64bea4ba22e456cd1930a3,95ec188041551055bfa8abedc15c9218,delivered,10-08-2017 21:05,10-08-2017 21:24,11-08-2017 20:51,24-08-2017 19:05,05-09-2017 00:00
e821c71ba6efed0813bbc0a01a95f24d,e92f244376eed380877c6aab4cc5b0e0,delivered,14-12-2017 21:05,14-12-2017 21:16,15-12-2017 23:59,08-01-2018 16:11,18-01-2018 00:00
a5fc3fd8cb616492cc41918cb96a5fe2,75fd3a6a9f3b2fc37cd7d26426b19bc3,delivered,29-03-2018 17:48,29-03-2018 18:08,02-04-2018 18:05,06-04-2018 21:48,20-04-2018 00:00
93d2d7b578c9b8a9de1d72b7507bba6e,a0d3e4c74c41e64fc0e34a1805a0f820,delivered,27-06-2017 19:49,27-06-2017 20:03,29-06-2017 16:02,04-07-2017 17:49,19-07-2017 00:00
dec0f6569996808803b3a8130c35a997,ca63450c1abcdd0a6124ce2dd7b64d2a,delivered,24-01-2018 22:03,27-01-2018 02:50,29-01-2018 19:42,09-02-2018 18:13,19-02-2018 00:00
d905ea9eb4e5000a35cbee306bce1935,8bceb21c15bad608c6606d297ee46d8c,delivered,19-06-2018 18:05,20-06-2018 08:56,20-06-2018 14:55,25-06-2018 15:49,04-07-2018 00:00
8ae61eab795bd8831fe171750551feb1,154e666b681104319714a99a3ab71e44,delivered,31-07-2018 00:17,31-07-2018 00:44,31-07-2018 15:54,03-08-2018 16:38,20-08-2018 00:00
ce3a102e866be15f5e59e79a3f18e351,dae7b22c2b1be64adb1011ae65bf14db,delivered,16-01-2018 13:33,18-01-2018 02:11,19-01-2018 00:38,19-01-2018 14:52,31-01-2018 00:00
8c9bf4b39dc933aa382d9a6e5b846b9d,2f6a7c83c088882e1cb34f7bb41a30f2,delivered,30-04-2017 12:13,30-04-2017 12:25,04-05-2017 13:23,30-05-2017 15:32,02-06-2017 00:00
344c86e9cc82d497519e09dc351d28ff,d5b301a2087b017c4a9ca9730a2b18cf,delivered,12-11-2017 11:43,12-11-2017 11:55,23-11-2017 15:47,30-11-2017 21:16,27-11-2017 00:00
e55981b5cea8072097093592652571ca,728360ac750d7ab3031c6c0e377eab22,delivered,18-11-2017 20:19,18-11-2017 20:30,22-11-2017 00:32,27-11-2017 20:15,14-12-2017 00:00
b170f1243a620b65504157b83f69a2e0,733cfaeaccfd9dac7b089a7bdaf2176b,delivered,28-04-2018 08:58,28-04-2018 09:09,07-05-2018 18:03,08-05-2018 20:49,17-05-2018 00:00
24791bba1a08147c3b660bb80d0de8d3,40c2d7b6a7c12eac3403a30fce65d3d8,delivered,24-06-2017 11:57,27-06-2017 04:15,27-06-2017 16:35,25-07-2017 19:25,24-07-2017 00:00
f54752d5e157d03feb75bb1320f30ac2,68d03ff74911622915ef4ec24e2919a9,delivered,17-05-2018 08:31,17-05-2018 08:59,18-05-2018 14:41,21-05-2018 19:41,05-06-2018 00:00
5fc156541c3cea8af8784a46dbfcd183,76ebf70a559266867675fc7b0e74072d,delivered,29-05-2018 11:02,30-05-2018 10:56,30-05-2018 13:11,12-06-2018 20:15,04-07-2018 00:00
34b04c30d0f21489e3871bb9083582f6,24bffa8e3281713f3aeb4eb619bf0002,delivered,14-06-2017 20:22,14-06-2017 20:36,19-06-2017 08:12,19-06-2017 19:36,29-06-2017 00:00
911df51e0b1a60e807b0d2f29d17278d,44e0ea3bfdf99e48cf4c76bb3b134ede,delivered,11-04-2018 23:34,13-04-2018 13:53,16-04-2018 18:32,18-04-2018 18:42,23-04-2018 00:00
3d965a3a3a9aae822a8f40ddf0184df1,5eda0e0b4e9d11a87094681a4597f90c,delivered,18-06-2018 01:27,18-06-2018 01:39,18-06-2018 13:21,20-06-2018 19:16,28-06-2018 00:00
9f3458f0433d4cfa472f4682654b8d49,99ebfafde8b9e58fd12db9d5cc83132f,unavailable,18-07-2017 23:36,18-07-2017 23:50,,,09-08-2017 00:00
2d164d0e1a9bf9183533b441ccd8796d,9530f1fe1ea5a89c949794e7e8ebe6d0,delivered,28-06-2017 20:47,29-06-2017 20:55,30-06-2017 15:33,05-07-2017 11:39,20-07-2017 00:00
fb6a01b94b2f20833eb7593ea1a54a8f,0f13ff76e67fcf442e4f706f353bdc7e,delivered,17-02-2018 21:28,17-02-2018 22:06,22-02-2018 17:39,01-03-2018 02:05,12-03-2018 00:00
995438b4ed84d7fc87366f4b2f5fec9f,4b64f923aa84a7f224260bc473819ad6,delivered,27-02-2018 13:26,28-02-2018 10:15,02-03-2018 14:03,05-03-2018 21:10,19-03-2018 00:00
5d5a92f1288cfea0501ef343c74591a9,b5886d8a3edaa4855c042bccd5f1a554,delivered,09-03-2018 12:18,09-03-2018 13:08,12-03-2018 20:06,04-04-2018 19:32,27-03-2018 00:00
f3a2f6c8a6fb28bb010f660ca61dd606,80e6d004e23e1fa0a1048f7297b458e4,delivered,17-10-2017 16:28,17-10-2017 17:34,20-10-2017 19:30,26-10-2017 21:56,03-11-2017 00:00
91051e0aea46cd16d99a2697b02d83d3,a57c6bea98b5c5a3ad58228dcd27913f,delivered,04-01-2018 19:22,04-01-2018 19:32,08-01-2018 18:30,28-01-2018 17:43,06-02-2018 00:00
ef99f25a4dd935f92a388af905f868d1,69ea23afb210ed2514e1e325383cf78e,delivered,31-10-2017 20:30,31-10-2017 20:46,03-11-2017 22:18,13-11-2017 20:34,24-11-2017 00:00
894edb990c70b85e810f6a5869ed3075,47e78cdd37303f49b7de27565411a599,delivered,03-02-2017 20:30,03-02-2017 20:45,08-02-2017 11:05,20-02-2017 11:43,17-03-2017 00:00
56dc7f1b8195b7fbdd6479f055a203bb,71e31bd9c37b8a1cacc557b87b3e50cb,delivered,16-03-2018 15:49,17-03-2018 15:48,19-03-2018 21:08,28-03-2018 16:07,06-04-2018 00:00
818ea45f3cef61b3f0f71a0491c1b636,10ef7cc862362919f25225bbade1e1ef,delivered,17-08-2018 19:51,20-08-2018 16:31,22-08-2018 13:16,23-08-2018 14:36,22-08-2018 00:00
a56f9a0588c3c7aaaa93f193bd7c7cd3,7942ca8baa666af529e54d8cf200d57b,delivered,15-03-2018 12:40,16-03-2018 03:50,20-03-2018 00:12,26-03-2018 15:04,04-04-2018 00:00
24ac51b02d01abde547c474a994d2aa4,772b44cd8aa7c266a3efaf363ff48410,delivered,27-08-2018 22:12,27-08-2018 22:23,28-08-2018 15:34,30-08-2018 16:38,04-09-2018 00:00
7a9d4c7f9b068337875b95465330f2fc,7f71ae48074c0cfec9195f88fcbfac55,canceled,01-05-2017 16:12,,,,30-05-2017 00:00
bb69633a6e4fabb8484f5d1a9a033fc4,c0f02ecfffdc1aecb08f977c057e35f2,delivered,17-10-2017 09:04,17-10-2017 09:14,18-10-2017 21:52,24-10-2017 19:53,09-11-2017 00:00
f2295bca86e6c4a2a1c211330a5c5779,80fa64e989d6c0478aefff5df36949f4,delivered,02-12-2017 10:43,04-12-2017 10:36,06-12-2017 16:28,18-01-2018 23:05,03-01-2018 00:00
a992be673def807818acee325f1c5860,e1b83eef480aab9aff380f6ae34685f0,delivered,09-10-2017 16:28,09-10-2017 16:47,24-10-2017 16:51,27-10-2017 20:57,31-10-2017 00:00
ef4e154fd9b51d276fad7ed482b97e58,66ecae67a2a9deb541bb0de3d2c48927,delivered,21-10-2017 16:31,21-10-2017 16:49,24-10-2017 19:59,02-11-2017 17:16,10-11-2017 00:00
517b4b7e7f723df3693ae71473078d73,13c14842e78da8bb1e408509619f291f,delivered,07-10-2017 06:49,07-10-2017 07:04,13-10-2017 15:35,26-10-2017 17:10,14-11-2017 00:00
77fff204e0af2e1abdaea52727cf9d15,9c218e321cb9d2d3fedaaafabfd10623,delivered,08-11-2017 11:15,08-11-2017 11:30,20-11-2017 12:51,30-11-2017 18:25,06-12-2017 00:00
e4865416690d1f1fdad49bc94f871de6,8457dd875ae43c9b34240808ff8bb757,delivered,29-11-2017 12:48,29-11-2017 13:15,05-12-2017 18:53,06-12-2017 16:59,13-12-2017 00:00
0755fe651d86dd2feb3c6fff952d81e8,0f3e9d86fecf526bfb491387aece8e02,delivered,19-07-2018 18:01,20-07-2018 15:25,23-07-2018 08:56,01-08-2018 19:47,10-08-2018 00:00
cc62ea5f8c980942e1fb6b6854c6ce29,12f90e3cb1d2487514f7e277af6d4a40,delivered,12-02-2018 20:06,12-02-2018 20:28,14-02-2018 18:48,02-03-2018 01:19,12-03-2018 00:00
61977a093913e4c6a6756adb4d3110d9,30bc1c0507caea656fbffdcea453c250,delivered,21-03-2018 15:18,22-03-2018 02:55,22-03-2018 21:49,09-04-2018 23:36,25-04-2018 00:00
4a3e33350d1fd4eace1585032a97ee06,eefbdbaa5ed63f3c90230a090e292817,delivered,05-08-2018 19:32,05-08-2018 19:45,17-08-2018 14:41,21-08-2018 15:03,04-09-2018 00:00
fc31a63e2f4e1c8cab6b97ec8eee6f84,0fd9cf5bad82789678c4ff0fd5374ebf,delivered,31-07-2017 16:05,31-07-2017 16:23,03-08-2017 17:22,08-08-2017 18:56,22-08-2017 00:00
95ca5e38f67d0f792b4fa38683682a0d,58283a66f78970a1137fdea5a4faba2a,delivered,14-08-2017 16:23,15-08-2017 03:45,15-08-2017 20:17,26-08-2017 14:47,06-09-2017 00:00
29b9c7829acdf75929b7a74e896543b2,1e46ef7cbf5b8032047691745edf0ded,delivered,12-01-2018 16:45,12-01-2018 16:57,19-01-2018 18:13,29-01-2018 14:33,06-02-2018 00:00
fb3d204c4263192a9661a13797bfd63e,944ed9a986f84223da31772319fe213a,delivered,11-05-2018 16:59,12-05-2018 03:32,14-05-2018 13:57,21-05-2018 12:12,11-06-2018 00:00
ea88c2a0257950a370dc5a14925d3871,ec3ee99a57612737fc00398d2367be24,delivered,26-02-2018 12:47,27-02-2018 05:30,27-02-2018 17:33,15-03-2018 02:08,20-03-2018 00:00
421266486e0fff23de13b5302127280e,292d23bbbdae6600735dc07223918c6d,delivered,07-11-2017 08:39,09-11-2017 04:31,10-11-2017 18:38,18-11-2017 02:21,04-12-2017 00:00
82a35d13f3b95427d47aa11e4afde83b,422d5038574e8ef4a62100750a7bd05e,delivered,27-01-2018 21:43,27-01-2018 21:55,30-01-2018 19:35,20-02-2018 00:33,22-02-2018 00:00
27d38402a9bf35d21de2f99946b1c1ae,887161ac86a185362955d1b9383647ff,delivered,06-05-2017 02:54,06-05-2017 03:10,10-05-2017 13:36,17-05-2017 12:52,29-05-2017 00:00
0cd631e2d8ce9cf21c9ebe5b44f3a8c2,c6988d3eb60c30b1d49bb022715b9418,delivered,09-12-2017 22:00,09-12-2017 22:11,12-12-2017 08:54,13-12-2017 21:55,28-12-2017 00:00
65bbd0719855fe808bb19f62dfa9f42c,425ce6f29109ed3511a62cd0f92d7170,delivered,19-08-2017 18:48,19-08-2017 19:05,21-08-2017 13:56,23-08-2017 22:09,13-09-2017 00:00
cab041d8d606d6c9d3165da578795340,888d2ebe1af2a8c93c75dae5dfc23719,delivered,13-05-2017 13:16,13-05-2017 13:25,16-05-2017 04:41,02-06-2017 14:28,19-06-2017 00:00
edee5e7cf341c4b22a2cf863e94670b2,0a03d3b2becf1e6ede584a394d562c45,delivered,16-09-2017 08:25,16-09-2017 08:35,21-09-2017 19:11,26-09-2017 21:16,31-10-2017 00:00
a1f24dcf6e5fc6b0f0cd0b265381767e,15f73cd40ee94734ce2f3ebce168f1ba,delivered,27-09-2017 11:50,27-09-2017 12:07,04-10-2017 10:17,11-10-2017 19:25,19-10-2017 00:00
9f8d175d959554b7edef8908797f42bc,64f0489f9721747547375903b0468371,delivered,24-11-2017 10:51,24-11-2017 12:32,24-11-2017 20:36,06-12-2017 16:02,19-12-2017 00:00
c768b1d3a1541f992ff2a94488a364d7,a1ba2dee740fb5aba74232d9c94f810d,delivered,03-10-2017 09:08,04-10-2017 02:56,04-10-2017 16:25,22-10-2017 14:25,31-10-2017 00:00
aa3b1b308bb7511e14d9d74172de52fa,bb07e71b9f9329b0b12519d519610049,delivered,02-08-2017 14:40,02-08-2017 14:55,03-08-2017 21:41,04-08-2017 19:06,16-08-2017 00:00
aa2827fbde8f383ae9baf1184f74db87,482837d98afbef61d7c709453521a3e1,delivered,31-01-2018 09:36,31-01-2018 13:31,01-02-2018 20:29,02-02-2018 21:08,16-02-2018 00:00
f31e4f9ef9c06d4ec8fe2cb66c65e384,5bfcaca2b18e3c038b1f2b33a0d1801e,delivered,01-10-2017 15:17,01-10-2017 15:28,04-10-2017 19:36,12-10-2017 17:36,24-10-2017 00:00
ebb1c6b241437a3a506a9a9ca419cbb3,5d4363d5a615f41111dd0cd8f0969780,delivered,14-04-2017 11:42,14-04-2017 11:50,18-04-2017 14:51,27-04-2017 16:31,12-05-2017 00:00
fc6d2ee7c65043e4c842c367421052c6,bbce8db51b94aed05e4da1ed311bbbfc,delivered,11-08-2018 17:58,11-08-2018 18:15,13-08-2018 13:50,15-08-2018 16:45,20-08-2018 00:00
9b52c70d4fbddc36fa8c5e4c94c66501,91dde4c0b69b0e363efdf93a0ae8b8f9,delivered,25-06-2018 11:31,25-06-2018 11:57,29-06-2018 14:07,11-07-2018 18:27,23-07-2018 00:00
4c7ee4e8074ee13226ddac13d14b0989,46dd1905ee29459b23f1fa504a77c6ec,delivered,27-02-2017 23:18,27-02-2017 23:25,03-03-2017 11:01,13-03-2017 10:12,05-04-2017 00:00
96e5b56d000b07dd7bb1972eb42a0e79,4945390b4dfdbf013ca3e9a5f312f247,delivered,29-09-2017 21:38,29-09-2017 21:49,02-10-2017 14:14,09-10-2017 16:30,23-10-2017 00:00
5062a18a32fe0f9975f7a1630a0a67dd,a51513d774d1d7ae64332fec450bbac4,delivered,24-03-2018 13:13,26-03-2018 19:27,29-03-2018 22:36,14-04-2018 01:52,24-04-2018 00:00
375f80ffc05feb35ce2680f1fa490575,8f6e5911262a8742393596bee2c09eac,canceled,13-06-2017 21:10,13-06-2017 21:22,,,06-07-2017 00:00
533e104c4193cf07d264603f7800fb71,2f95fc8f86679d432d77e9d0316fac48,processing,06-02-2017 15:33,06-02-2017 15:42,,,03-03-2017 00:00
0c0c2969d3adf4fffa3753dcc37f135d,6dc864b913bbfbe227bd1da4d8080a2a,delivered,15-08-2018 20:02,15-08-2018 20:15,16-08-2018 15:07,21-08-2018 20:38,29-08-2018 00:00
e7d090145a4a427aa8353f51b00381cb,6da199107f9bca1b26fe1fdac3937f6a,delivered,26-03-2018 23:13,26-03-2018 23:27,27-03-2018 18:58,22-04-2018 12:22,26-04-2018 00:00
fa9832914e7afeaf41fc9fbda5ca335f,b71fef05a7e2a9b61b51d713c151cf6c,delivered,14-02-2018 20:48,14-02-2018 21:07,15-02-2018 19:13,27-02-2018 13:35,06-03-2018 00:00
acf579dc44e10bf23cabf01d80f9f62c,527b26bd8ea58b018efd96060cac5ccb,delivered,05-04-2018 14:18,05-04-2018 14:30,07-04-2018 01:22,27-04-2018 17:12,08-05-2018 00:00
82728f6b511aa8dc053ba674db6f8b24,0c54f6243242ca48102430ab0931270f,delivered,01-08-2018 21:23,01-08-2018 21:35,03-08-2018 12:09,07-08-2018 22:12,16-08-2018 00:00
bfaf70837e84e9ba682d246e16726e63,c9e9578f912e420d05abfdadb830cda5,delivered,11-11-2017 17:38,11-11-2017 17:51,14-11-2017 22:13,12-12-2017 02:14,18-12-2017 00:00
6657640ffd626be03509bc9226994b36,f01c52a4a145463aae16a5017f50f11d,delivered,18-08-2018 10:33,18-08-2018 10:50,21-08-2018 16:03,27-08-2018 16:21,06-09-2018 00:00
526e735eb29aafd817d59ca159eb7aab,512502e3bace7f93165fa8abdca0ef2c,delivered,23-01-2018 12:53,23-01-2018 13:12,26-01-2018 17:42,17-02-2018 15:42,20-02-2018 00:00
c9ae6fa5a920d90f86fd464ac7f5cde9,b727708ffce3a65ab875d65f42c59b0a,delivered,22-02-2018 15:12,23-02-2018 02:08,27-02-2018 22:08,06-03-2018 17:27,22-03-2018 00:00
e4aac63ea6f6b75b6d91ead05207fb43,9aa2c4bac83761140a8703ebdf9e49bd,delivered,25-05-2017 12:51,25-05-2017 13:05,31-05-2017 11:35,02-06-2017 09:44,07-06-2017 00:00
e3653c411aa1ac28f740e417e9a997bf,4bbe9c46bf4d0154d880396c3e027f64,delivered,05-02-2018 14:18,07-02-2018 02:52,07-02-2018 21:42,10-02-2018 15:12,21-02-2018 00:00
9b7f6a07a07a4c0bd19e65f861f29f6f,2acc73593b7fb475e93c5896f23d37cc,delivered,11-06-2018 22:28,11-06-2018 22:59,14-06-2018 15:53,22-06-2018 17:58,12-07-2018 00:00
491a23e567ce4c273419a63a41ff5876,3da647f1441ed4b18ac7a0ded0056570,delivered,06-11-2017 17:51,07-11-2017 03:31,08-11-2017 13:24,17-11-2017 01:16,24-11-2017 00:00
5e08f8357b3660485f47d00381feaa6f,6f3ff429d5c4b068e63ef27beeace380,delivered,05-07-2017 13:00,06-07-2017 13:05,07-07-2017 16:53,21-07-2017 18:45,31-07-2017 00:00
7c76185a8b81ba5e0cdcf1be2bcc1192,d542aa94bf74b333c3c605771d239920,delivered,23-01-2018 01:38,23-01-2018 01:54,23-01-2018 20:24,05-02-2018 22:24,01-03-2018 00:00
02671152ed141efc95384bdd230bc544,08ebd000e60012404de32cacee764799,delivered,26-11-2017 21:33,26-11-2017 21:53,28-11-2017 14:23,12-12-2017 19:33,20-12-2017 00:00
b354dae409f9d433bee051b7e1b4eb7d,1ccc792b6dd0c921196d290780e11754,delivered,09-08-2017 10:48,09-08-2017 11:04,09-08-2017 18:03,17-08-2017 17:52,31-08-2017 00:00
f8e373563d5e03306b7080b3c467f0ac,8bdba2ea966d946cc1af56abdc0b61d8,delivered,23-03-2018 16:49,27-03-2018 03:49,27-03-2018 20:12,28-03-2018 21:27,05-04-2018 00:00
12307610cd2009ccf90a8a4911bb14a8,ef6ea25f1bdbd8acf3ffa440a32634c6,delivered,22-02-2018 02:01,22-02-2018 02:10,23-02-2018 00:53,17-03-2018 16:21,19-03-2018 00:00
df2bdc45d6c56cd6dce35aea5c391f4e,37fa10edcaa7f5e69d5aa10558843ca3,delivered,27-04-2018 00:19,27-04-2018 00:35,27-04-2018 13:23,04-05-2018 18:46,28-05-2018 00:00
bc5b3f1a80f8e686a64138fa75c68d3d,ec1ca447b2357dc984f111bb42d901c9,delivered,13-04-2018 18:37,13-04-2018 18:52,16-04-2018 15:16,17-04-2018 23:52,16-05-2018 00:00
9215daa2d711ae5055008f444f6688c8,8e9e8aa4d3d480bc21b3336de7eb9214,delivered,14-01-2018 19:00,14-01-2018 19:12,16-01-2018 13:57,28-02-2018 00:14,09-02-2018 00:00
f7c13c71907b58b590da46643fda3bbc,df60888bb018eac1edeaf5694b830029,delivered,03-07-2017 13:20,03-07-2017 13:43,07-07-2017 20:17,22-07-2017 15:29,27-07-2017 00:00
e7c5ccfc34c262f8f9240ade57e01ed7,0e24c20739fc582fda3306fc43683aa1,delivered,05-08-2018 12:39,05-08-2018 12:50,06-08-2018 15:03,10-08-2018 22:58,16-08-2018 00:00
ed60085e92e2aa3debf49159deb34da7,431bbb57d52f3141ab2f33a6a4cf00a6,delivered,15-12-2017 08:56,15-12-2017 09:10,19-12-2017 18:06,28-12-2017 18:11,15-01-2018 00:00
be39a554924306abfee91a4f38ac55bb,e18f0839b686423535bb862e71762cf9,delivered,08-03-2018 12:49,08-03-2018 13:08,08-03-2018 23:06,12-03-2018 22:16,20-03-2018 00:00
0a18d00cb652fc5698d4e3c3e01e7da0,e2bbf69f932758880f88508bea6207a4,delivered,12-09-2017 02:24,12-09-2017 02:35,12-09-2017 17:41,14-09-2017 11:53,22-09-2017 00:00
bc439ca267cd182244951ffe206f4feb,8ac4e65f170044d29753abf35e4d0d96,delivered,24-07-2018 15:00,24-07-2018 15:10,25-07-2018 13:41,28-07-2018 11:10,21-08-2018 00:00
79aa91e33030a170c2baf3c856d3bfdc,2285565c69d3cf67aff44a8a910373f7,delivered,03-11-2017 03:03,04-11-2017 04:25,10-11-2017 20:06,17-11-2017 19:46,30-11-2017 00:00
bed71d1aad24e424ae97151ef6cc296c,f7fd634460c772aa7c67b397c3a0e831,delivered,15-11-2017 11:07,15-11-2017 11:26,16-11-2017 16:47,28-11-2017 16:06,07-12-2017 00:00
9fb29dddb4a36fb5a0371b04d33a6991,3c041ed6508172bd338538fc864b8c5d,delivered,26-12-2017 15:02,26-12-2017 15:14,27-12-2017 23:39,03-01-2018 17:45,19-01-2018 00:00
0cee2d1291e4f4af44e64ffa455e15de,ef2e2db30b8ddcc38f5106667b554b51,delivered,01-01-2018 21:38,03-01-2018 04:17,10-01-2018 19:42,11-01-2018 15:10,18-01-2018 00:00
db75b87461daf92c7fdf7310f347d229,31b09f351f1304b76f05c3e4039b4699,delivered,04-12-2017 17:49,06-12-2017 02:38,12-12-2017 22:26,18-12-2017 22:14,20-12-2017 00:00
b98b6a399680185770871d01209d3f7a,2c4693a01b0b1bad9bc86176e9827af5,delivered,12-12-2017 22:34,14-12-2017 02:14,14-12-2017 19:03,17-12-2017 16:47,05-01-2018 00:00
56142b6c34c40cccb3e3ee8308a4ae76,50202490acea34225b1af5cdd25f4326,delivered,11-01-2018 21:28,11-01-2018 21:44,12-01-2018 23:42,16-01-2018 18:51,30-01-2018 00:00
75e7a7873f5f25594624a750188facc4,b3703265a0f993e108594dcabda32eec,delivered,25-06-2018 22:45,26-06-2018 00:33,26-06-2018 15:14,04-07-2018 17:05,18-07-2018 00:00
34d7c2c94f8f4d4f2153adcb60b22145,a4ffea0b19d70d9ef029a9031f114e08,delivered,01-10-2017 11:46,01-10-2017 12:03,06-10-2017 18:29,14-10-2017 13:45,24-10-2017 00:00
bbbc78f0d6afd4eb216b5760d0502070,a02dfdaaf5b634d7684b11d1c9626d1d,delivered,28-06-2018 22:30,28-06-2018 22:49,03-07-2018 13:08,11-07-2018 23:41,23-07-2018 00:00
33c2430c9d2f05d9d244895aa53b4a82,d9aa0fd51600102c2e7bdf3bf1649250,delivered,05-05-2018 16:36,05-05-2018 16:53,08-05-2018 13:29,15-05-2018 22:18,24-05-2018 00:00
0c33ff1cd479e404710b74a6077f6248,4b68278d4590a304f97e2943948c8d83,delivered,26-11-2017 13:10,26-11-2017 13:30,28-11-2017 22:08,01-12-2017 20:32,11-12-2017 00:00
a7dbcf5043158d6fa72859eead2f3d10,b4555c86f2cac80eb9a05546896ac079,delivered,16-05-2017 12:28,16-05-2017 13:10,17-05-2017 13:53,23-05-2017 11:53,16-06-2017 00:00
6a73304fb8e96ad11c29d29a1ca00487,6821fda389d5e73f30e53114869e783a,delivered,27-12-2017 15:07,29-12-2017 02:09,29-12-2017 18:06,08-01-2018 14:03,31-01-2018 00:00
c2628077fa4edd2ebee4f13e2f58368c,97f19f7deab11e0f6c9384154ea728e3,delivered,30-08-2017 16:43,30-08-2017 16:55,31-08-2017 12:15,05-09-2017 21:40,25-09-2017 00:00
0b192907ec8563bda5210247497aa9af,1239e518e80247840cd399727eb244a5,delivered,24-10-2017 02:04,24-10-2017 02:25,25-10-2017 18:23,03-11-2017 22:42,10-11-2017 00:00
55c863e656258bebf75d429db9055bec,84277fad7c65394532e950000400cb73,delivered,10-04-2017 10:00,10-04-2017 10:15,10-04-2017 12:36,18-04-2017 12:35,02-05-2017 00:00
24c2ea18beb03e17972ed33b519950c1,638be9d39246650868db07d10456527c,delivered,11-05-2018 09:49,12-05-2018 09:54,14-05-2018 15:08,16-05-2018 23:57,25-05-2018 00:00
f6062f2fd7a79226266b4cdaded643ec,220d30b547b088ca7b34fef7d7a54523,delivered,29-05-2018 19:34,29-05-2018 19:55,30-05-2018 15:11,01-06-2018 12:08,21-06-2018 00:00
d32ec519c65a1661bb50020bda09194f,fb82c16095041173ef2fcda3f8437f40,delivered,18-07-2018 15:03,18-07-2018 15:22,19-07-2018 10:15,20-07-2018 22:36,31-07-2018 00:00
aa732419bf67ca56341e5067fa0bc357,07faf5d8c1d359058b9d05b3cb4d1d3d,delivered,07-12-2017 18:43,09-12-2017 18:37,12-12-2017 21:07,14-12-2017 17:22,28-12-2017 00:00
3fa59277573f0fe06ece044ebec2eb02,ee1fb534e64d33fcb16a1023dc721a24,delivered,12-01-2018 21:59,16-01-2018 03:34,17-01-2018 19:19,22-01-2018 18:29,07-02-2018 00:00
d8f57f08383291ef5fa6cb91dc1a4e02,061c2eb252b4e73472bb4f9e1169b43a,delivered,05-02-2018 08:33,06-02-2018 04:32,07-02-2018 14:24,15-02-2018 18:04,06-03-2018 00:00
8b13155a6866a0c319ec1748f40f277f,e9cf29627a3977b27c382a2c6f9d554b,delivered,29-11-2017 11:26,29-11-2017 11:38,01-12-2017 19:18,11-12-2017 13:19,22-12-2017 00:00
2ff0dab60f75a10e4f296641d88b5fb0,f60ef9aa98fcf78765a4ec910a555977,delivered,28-02-2018 16:40,01-03-2018 02:48,01-03-2018 23:53,07-03-2018 18:36,20-03-2018 00:00
9bd90698ab1e822ca4cb1e2a0de42fd4,88a8cf9e243fe33b9b678a31eb640f70,delivered,27-04-2018 15:58,27-04-2018 16:11,30-04-2018 06:25,11-05-2018 13:52,04-06-2018 00:00
7ea9168463dc969ab4c6df5cd497cec3,0ba0a7a7ab459af5b3860fa8b784ddd7,delivered,15-05-2018 06:24,15-05-2018 06:35,15-05-2018 13:35,22-05-2018 23:24,30-05-2018 00:00
38e56e4a15bae88b8f5115849c500e77,c6326604c234a96928cd7f255f358978,delivered,04-05-2018 16:32,04-05-2018 16:54,10-05-2018 08:55,15-05-2018 22:46,28-05-2018 00:00
178358411049ad27f877b8964564528a,71b3c28ced6fa14321a92998ecd717e2,delivered,05-03-2018 10:10,05-03-2018 11:00,06-03-2018 17:57,14-03-2018 21:16,22-03-2018 00:00
0ddd8dbe3b0d08b247e46ff98c1b5f45,61465bf7dcc3dc596693c6ae259c171c,delivered,07-06-2018 14:01,08-06-2018 13:16,11-06-2018 13:59,13-06-2018 19:18,18-06-2018 00:00
977e3e5b3884ce2843710ee5f5a3d12a,52bd7ca97f7ad5da8b25ddda59eb33f8,delivered,04-08-2018 20:54,04-08-2018 21:05,06-08-2018 14:57,07-08-2018 18:40,13-08-2018 00:00
332ca38a4294471ec2b7ebbff5275d23,3355a05f13842dd7a905ccd6240bfc4c,delivered,27-03-2017 20:01,27-03-2017 20:10,28-03-2017 18:13,03-04-2017 14:23,13-04-2017 00:00
bc1b81dde530e5b064a559906643fcff,9a73b65ca2a7ffae76c1b8216ebc1b53,delivered,14-01-2018 18:40,14-01-2018 18:49,18-01-2018 23:18,25-01-2018 15:47,08-02-2018 00:00
dd0873e10bd3c63b350df2fb55bbbfb0,4e2b70d245c3a00cc4bf8ef95d9dbadb,delivered,06-06-2017 21:40,08-06-2017 02:50,14-06-2017 14:22,28-06-2017 11:34,11-07-2017 00:00
aed7beed304c01b44079208c0d9c16d2,bb43ad860331b5cb19e33357a187b7b2,delivered,05-06-2017 15:51,07-06-2017 02:25,12-06-2017 10:25,19-06-2017 20:45,28-06-2017 00:00
8ce77357a26f31660e1450dee7900897,e5af401ed4e2cd001e38f5e998845560,delivered,10-11-2017 13:17,10-11-2017 13:30,13-11-2017 14:02,22-11-2017 19:00,13-12-2017 00:00
fc3e5cddf41dc7757252c2fc0a6c947b,5dab1c2427a8dbb2554e753cb415e222,delivered,03-03-2017 19:35,03-03-2017 19:45,16-03-2017 08:33,23-03-2017 12:35,30-03-2017 00:00
bccfadd194f448325ed18465d140440f,3442692fc38c51ba3030d78bae07950a,delivered,13-12-2017 17:00,13-12-2017 17:12,22-12-2017 22:17,28-12-2017 21:18,08-01-2018 00:00
e1489cb4d16876c628a2dadb8e675c9a,ac618c81651b6ff8e20a121385f27320,delivered,22-04-2018 09:34,24-04-2018 19:04,23-04-2018 18:21,26-04-2018 19:06,16-05-2018 00:00
b4411c4be4f9514e53fe707972f98685,ba4a2d569bc0439747d4846bb939e323,delivered,21-12-2017 22:50,23-12-2017 02:12,03-01-2018 17:58,20-01-2018 15:51,18-01-2018 00:00
ff8780cfb4535054cc5b56046b170cc0,f9835897d532524a6e9686847d4db4a7,delivered,21-09-2017 14:09,22-09-2017 05:34,22-09-2017 18:22,01-10-2017 14:33,18-10-2017 00:00
704a2164b3a242cec4c80b164021c6fe,24a828ac4a607d344c6db9cd90afd0e9,delivered,10-12-2017 19:29,12-12-2017 03:53,20-12-2017 00:21,03-01-2018 15:02,16-01-2018 00:00
c4e9cf40a9cece6172750e47ddc74b20,b2fa715c098e050b476d9f1744c777b9,delivered,09-03-2017 21:01,09-03-2017 21:01,13-03-2017 10:44,24-03-2017 11:05,30-03-2017 00:00
710f0ad82f53b85ba2348698d18c89db,2a9dd5ed2aaff2cf92f511a9beb00d6e,delivered,21-11-2017 08:54,21-11-2017 09:06,25-11-2017 03:26,19-12-2017 21:23,18-12-2017 00:00
053fdca16d1f69bd52f908f070a19049,f90389504400442cf00ae1b04e8280a9,delivered,07-10-2017 13:59,07-10-2017 14:07,09-10-2017 20:43,17-10-2017 22:34,03-11-2017 00:00
3f50f62b343cd447c0fd8af4196bdc33,d9e05844502fb02690842f8397e40b78,delivered,15-08-2018 21:17,15-08-2018 21:30,16-08-2018 15:13,17-08-2018 22:32,21-08-2018 00:00
4c6c2cdc8af14d43707dd3e71c1f54cc,dc0c6d3b529e7df590a6a92ce5fb8343,delivered,12-08-2017 09:51,15-08-2017 03:25,15-08-2017 16:17,25-08-2017 20:46,14-09-2017 00:00
e3d98850cbbdab2420e8a49cf21bf194,9c37d4ec00a84ef53bbbe5aa579b0eb8,delivered,19-12-2017 14:43,21-12-2017 02:11,22-12-2017 16:27,28-12-2017 16:25,15-01-2018 00:00
67503374d1fbcbe5e3a40324f703ffc8,9dec2d47e95677b616efe366f8bf9fb8,delivered,19-11-2017 15:22,21-11-2017 03:52,22-11-2017 12:03,29-11-2017 21:55,07-12-2017 00:00
f726cbd717234168cc573e1addd506af,cc2012f88759d6b5f92e348658b73465,delivered,24-03-2018 08:03,27-03-2018 03:55,28-03-2018 22:55,04-04-2018 01:38,13-04-2018 00:00
b38b3526b8b8fdc807e8a0a42ab78573,37088593a28ec66ddf32eff0b19512f2,delivered,17-08-2018 09:46,17-08-2018 10:09,23-08-2018 13:31,25-08-2018 12:58,31-08-2018 00:00
6bfa92d3952f762df12752e4937cd63e,6ccb997c97b0734228b454ba220ed00e,canceled,27-04-2018 21:28,27-04-2018 21:52,,,10-05-2018 00:00
e63244efc2759393ecb3f8a417efb78d,ada8401e3d76b9171fc5322fb47a2d55,delivered,11-01-2018 13:51,11-01-2018 14:07,15-01-2018 18:04,23-01-2018 18:43,07-02-2018 00:00
7c7dc1f3affc0d38b97ea22a8aeedb82,1fc29088df4d8add848a6b7304f7a9e0,delivered,27-05-2018 13:02,27-05-2018 13:15,29-05-2018 11:32,09-06-2018 14:32,29-06-2018 00:00
084051935208c688c8cd5fae3d15810d,e7f806cb2cffddb308ed9bfd6bf5c5fd,delivered,24-02-2017 15:46,24-02-2017 16:02,10-03-2017 09:30,28-03-2017 16:52,27-03-2017 00:00
9edb4a65f2f453139e9dba567889dc0e,790df320333ffa133fea78a257a556bc,delivered,05-06-2017 09:51,05-06-2017 10:05,09-06-2017 12:56,19-06-2017 20:49,28-06-2017 00:00
25fb291455f02d9da22d17fa3a1afd23,d99d07b571f5e15e61469e5f77e3b027,delivered,11-08-2018 20:39,11-08-2018 20:50,15-08-2018 14:27,20-08-2018 22:04,29-08-2018 00:00
e1a9f566dc38eac4f78556976596a43f,93dfd5dccfc590abda99d2e9f3960ea5,delivered,01-07-2018 11:21,01-07-2018 11:35,02-07-2018 14:25,06-07-2018 12:57,24-07-2018 00:00
21094f6fd8017c8b7339040142abea71,faee0cb7b3e2c9fd9f57ec04cb70d51a,delivered,24-07-2018 18:10,24-07-2018 18:25,30-07-2018 14:17,03-08-2018 20:17,24-08-2018 00:00
57caf8a4f24c13ac1f4ec44f39a18a44,b29b05b6f122cb50187f3e22ef06858a,delivered,17-08-2017 17:50,19-08-2017 02:24,21-08-2017 20:24,23-08-2017 15:28,11-09-2017 00:00
a5002a450fa93774a5c3f26f67889bf9,e8421b7126d1f630d22da5cd66093b59,delivered,10-07-2017 09:03,10-07-2017 09:15,11-07-2017 18:47,18-07-2017 13:04,28-07-2017 00:00
86a864127a2656c4b4b742ae4a67bc1e,c083885b437889d9282d636eabaaabb8,delivered,31-05-2018 16:14,02-06-2018 03:31,04-06-2018 11:44,07-06-2018 22:41,11-07-2018 00:00
2b9aa198d33cfb44834120efe900c103,e92f36cc104bc4ede1abfb94804ed3e7,delivered,19-06-2017 20:27,21-06-2017 14:45,22-06-2017 13:10,28-06-2017 18:27,13-07-2017 00:00
747e4e0aa3817ad125ed9074ee005dd7,3b8f54691f57c3da431d79aa017232dd,delivered,27-04-2018 21:12,28-04-2018 02:35,02-05-2018 12:26,20-05-2018 13:52,30-05-2018 00:00
0d0aa4989e49d1acbc9d973bf923b77c,960b33a48965dbe311329af76f4aa70f,delivered,07-04-2017 11:55,07-04-2017 13:05,07-04-2017 13:59,19-04-2017 12:47,05-05-2017 00:00
1fb143495c17f9d09e20b8016a8e5430,6f0faf0c625f77d650d4f31b80363617,delivered,07-01-2018 10:24,07-01-2018 10:32,10-01-2018 22:41,19-01-2018 03:09,07-02-2018 00:00
beece9368912132712839b6b9194180d,cc7770f5337f37b9cdf0294201826302,delivered,21-10-2017 10:32,21-10-2017 10:49,23-10-2017 19:29,26-10-2017 16:03,14-11-2017 00:00
18e83381f06c519894068bc3434fb638,7f98b1c191f40cc88ba51d1c70383621,delivered,04-07-2017 18:56,05-07-2017 17:39,11-07-2017 20:49,14-07-2017 15:59,17-07-2017 00:00
899f386e0652a9e159d00cbe97836be3,9ab871545ef08235dfa51639b9f5ce18,delivered,15-06-2018 12:08,19-06-2018 03:57,20-06-2018 14:11,21-06-2018 14:08,03-07-2018 00:00
f0df036e9be21fc238f131bbfcdde769,1fa16395beca89233661543954ca6cf1,unavailable,24-02-2017 23:39,24-02-2017 23:45,,,07-04-2017 00:00
3246fdc7c13d566c0081c78d49ab6515,7f99772f15578d92899f1e522625d540,delivered,29-08-2017 13:53,29-08-2017 14:05,29-08-2017 19:56,30-08-2017 14:37,11-09-2017 00:00
961e74f5989501c3f4e58b175753ff4b,7418c20b5b849992784b51ce99b43b1b,delivered,15-03-2017 16:25,15-03-2017 16:25,16-03-2017 06:52,23-03-2017 11:12,04-04-2017 00:00
699b7692e65138e6874b4c6f42202974,a7bc004b32eb75e7546d6b81d5b8fe44,delivered,07-03-2018 16:59,08-03-2018 16:56,12-03-2018 16:05,21-03-2018 20:20,23-03-2018 00:00
2d75fff7b2cc9e8df5ddfcf9a7a11cec,4244b230226a6cc815ffa70c4394b06f,delivered,11-04-2018 10:44,12-04-2018 05:55,14-04-2018 00:48,23-04-2018 20:12,11-05-2018 00:00
5a3a0bfe72c4d627e4f13d9aa81d78ad,cc89bb0f40fb83134cddad77849dd82d,delivered,09-07-2018 08:40,11-07-2018 03:45,17-07-2018 12:43,27-07-2018 15:36,06-08-2018 00:00
1648b503676883c70854279700e3cfc3,31eaac4f3ea617df8b8e5077436679d1,delivered,27-04-2018 12:03,28-04-2018 02:51,03-05-2018 12:10,15-05-2018 22:22,18-05-2018 00:00
f1282227fa785dd8dfdcdb22f99be533,cddd3a48c87f57e5e8a07295e48cb714,delivered,17-05-2017 15:08,19-05-2017 02:30,19-05-2017 10:10,26-05-2017 10:08,06-06-2017 00:00
8c49b48367363f2894bccea3248be15d,93d155119a2102bb21d426b8ccb8bdd9,delivered,13-01-2018 13:35,13-01-2018 13:48,17-01-2018 16:46,25-01-2018 23:04,30-01-2018 00:00
9f1cbfd860863f340881bcfef13fc3eb,8ec5d1bb574d20d61a22a89127329060,delivered,23-10-2017 11:38,24-10-2017 06:33,07-11-2017 21:48,24-11-2017 21:02,24-11-2017 00:00
cd4949eac210d110de63aa0479dcfba1,7c029959cc691fbe5dba3ce8eee98d14,delivered,26-04-2017 11:48,26-04-2017 13:02,27-04-2017 08:07,10-05-2017 09:03,17-05-2017 00:00
9f63ac5c9ccec372d7d7ab7a8ae39243,01f7155995c6d4cda4fab4d36293d80a,delivered,17-05-2017 10:45,19-05-2017 02:35,23-05-2017 11:32,31-05-2017 14:55,08-06-2017 00:00
29bb5aa6d14cbab0801064aa1657b538,3828e9ac69a218aa2d5bb317df7e877b,delivered,19-05-2017 16:28,19-05-2017 16:35,22-05-2017 10:16,01-06-2017 11:22,08-06-2017 00:00
198373b9140a1b8507f41535aa6344a3,e18b6ff478167b0efc409e52d13e00b7,delivered,12-06-2017 10:42,12-06-2017 11:05,13-06-2017 13:13,26-06-2017 13:41,07-07-2017 00:00
1c749ca7e27a6aaa93180b80e326d7f8,120cfe05591775d14f4852a9080a2663,delivered,03-04-2018 17:38,03-04-2018 17:50,05-04-2018 00:12,06-04-2018 00:50,18-04-2018 00:00
98f0e2b0d85754ca3b4e06d70f0f63a2,af046fdbbda4a307d96801ebe61482c4,delivered,04-03-2018 21:04,04-03-2018 21:28,06-03-2018 00:53,12-03-2018 18:56,22-03-2018 00:00
195070d2d0eb1da7d93b958bce36d1ef,827d7240a35889668129a7b10aa0081b,shipped,08-02-2017 05:56,10-02-2017 03:03,15-02-2017 09:14,,10-03-2017 00:00
696e3f4fca4491245f7b9425055cda4d,32a079c19bb9adf352e0e93c4fb9bd40,delivered,25-11-2017 01:40,25-11-2017 02:53,14-12-2017 15:27,18-12-2017 11:43,26-12-2017 00:00
89bd46bd027ae866a59a72810b4adc95,c4bd3aefb216827f4698bd9d2b166a2f,delivered,15-05-2018 10:27,16-05-2018 02:55,17-05-2018 11:55,15-06-2018 13:49,05-06-2018 00:00
310e0c1bbfe5a00061a55e4fa2341fdc,751e579ed6c435ddbe018ccc5b68e13d,delivered,11-02-2018 18:57,11-02-2018 19:40,14-02-2018 20:15,26-02-2018 22:13,09-03-2018 00:00
86f0bcd9b426a2c1022ae317c7f27be6,dd24965dd5aa551df36ce4baf180445b,unavailable,08-03-2017 15:13,08-03-2017 15:13,,,29-03-2017 00:00
48ac627a65c15df7cebf426bda6e6077,b5dff22ad6f2531a66adde7810935f70,delivered,18-10-2017 23:22,19-10-2017 00:40,23-10-2017 15:52,28-10-2017 13:21,14-11-2017 00:00
91f71835acd6d20c6c5362c5c1907367,ef6fffb44c4dd02c0e35d6b6f9acf31e,delivered,02-06-2018 16:58,02-06-2018 17:10,04-06-2018 11:06,05-06-2018 16:04,18-07-2018 00:00
9ddb3509f5be4a428dd17530849d4d25,64e37599865347bc3329d0d79faa8c4d,delivered,13-08-2018 21:56,14-08-2018 04:24,14-08-2018 11:23,16-08-2018 21:31,22-08-2018 00:00
0420dbc50fc554e303e4b2d6b39063f6,ba5a299fef88320dbdadd124f5333bc6,delivered,17-11-2017 19:49,17-11-2017 21:26,20-11-2017 16:28,23-11-2017 22:44,11-12-2017 00:00
b55567d6fa810e673d54568cfb910ab5,9458c0a59d52908cec1b7ce6efe88c37,delivered,13-09-2017 10:06,13-09-2017 10:37,19-09-2017 15:07,03-10-2017 19:02,18-10-2017 00:00
e5cc9aee90086c1cb675e3feef14cb57,1d5c5823a964c7891fca921536fb2463,delivered,05-06-2017 21:14,05-06-2017 22:15,07-06-2017 11:23,23-06-2017 11:02,03-07-2017 00:00
67204cd665c7418b36623b21584dc92c,e28c7984cdad31abb88f1e19cd8621e1,delivered,01-12-2017 16:13,01-12-2017 16:40,07-12-2017 22:07,13-01-2018 12:49,29-12-2017 00:00
a343fba54ffedfe70ec5cd8591f26a5d,b885ad8fbf6695694d6a5724d4681cac,delivered,15-05-2018 08:48,16-05-2018 08:37,17-05-2018 10:23,22-05-2018 18:04,08-06-2018 00:00
ff6b6db3d3c1548c9b511a5320ee27d2,7fe3893a7bf9572f35028d2d3ef9f85d,delivered,16-03-2018 21:10,16-03-2018 21:30,19-03-2018 19:56,30-03-2018 00:38,10-04-2018 00:00
a88fb9a6e45cb10ebd5ebac6846d1ecf,cd3ce27aac0c6ecc4a3ca29a93f07c51,delivered,01-01-2018 18:56,01-01-2018 19:05,05-01-2018 17:15,11-01-2018 21:37,21-02-2018 00:00
0f9d568730bf125dbbfed4fc655ff91a,3249a3fb2ccd4b5f7103a6e759c0d873,delivered,22-03-2017 09:56,22-03-2017 09:56,24-03-2017 11:23,31-03-2017 19:07,15-05-2017 00:00
5d6343c55d971fe043e51c84df19bdd9,3922e40a232b96383899bb8b6f1112fb,delivered,07-05-2018 15:17,08-05-2018 04:55,09-05-2018 06:53,19-05-2018 11:08,01-06-2018 00:00
9126e0aefae0b65e52c837440e8010a5,a8e5ab9fae7e21ef7e843734f55602ca,delivered,09-04-2017 13:44,10-04-2017 17:30,11-04-2017 09:53,17-04-2017 11:13,04-05-2017 00:00
f1170c260d0d021017645fd94d65d78b,a86b68dd9da561c8b4cf830e2f0f47a3,delivered,24-02-2017 11:24,24-02-2017 15:10,08-03-2017 14:52,16-03-2017 14:33,27-03-2017 00:00
130c3f0058347e4d785fa54f3d00d2b4,f227c8cea54e871f65cd080735594ccb,delivered,15-01-2018 15:43,17-01-2018 03:39,31-01-2018 17:33,22-02-2018 21:25,07-03-2018 00:00
36a5fd80b9f8ee414ac234368584a876,708c3f976416fee8bc3252ff6c411f41,delivered,11-08-2017 23:23,11-08-2017 23:35,14-08-2017 16:18,15-08-2017 19:26,29-08-2017 00:00
aead701d8d2b9b7c1fa1a3aa963fc577,dbb305170569978cff51fd1047ebb11b,delivered,09-08-2017 22:23,09-08-2017 22:35,10-08-2017 19:26,17-08-2017 18:42,31-08-2017 00:00
1c32916fec4ddbdf533e164c2552343f,b22268461b6f04a95733c44174586458,delivered,15-05-2017 21:52,15-05-2017 22:05,18-05-2017 13:47,23-05-2017 18:29,26-05-2017 00:00
dc5f6cd4492bbffe5bcda9b87856c9a5,2ebf822bbf33241c7bffb42235519f92,delivered,05-10-2016 13:12,06-10-2016 15:47,21-10-2016 16:34,27-10-2016 12:33,29-11-2016 00:00
bf6ae1909b2e970bb1c4f1119b324b64,c689ee4a546a41ccfc8b40c7752bef45,delivered,01-02-2018 18:09,02-02-2018 19:31,06-02-2018 01:34,06-03-2018 23:29,02-03-2018 00:00
4a662ab61cb0e83833f4b6ff3ed84792,6d74f8cec06871385a5e1c494a39701a,delivered,19-04-2018 16:28,19-04-2018 16:58,20-04-2018 18:36,26-04-2018 00:59,14-05-2018 00:00
5d667669da71ab257891582b76d37194,502bb2b647bf2cd2b55e73381cb9699c,delivered,30-08-2017 20:15,30-08-2017 20:30,01-09-2017 14:43,08-09-2017 14:51,25-09-2017 00:00
00471463a6106056c1a2a809f70de640,fcad74a7e0dff27c33e36cbd78280bf9,delivered,21-09-2017 22:00,21-09-2017 22:46,04-10-2017 14:45,12-10-2017 12:29,20-10-2017 00:00
c2213109a2cc0e75d55585b7aaac6d97,897b7f72042714efaa64ac306ba0cafc,delivered,07-08-2018 23:32,07-08-2018 23:45,09-08-2018 13:35,10-08-2018 20:26,13-08-2018 00:00
8462b558a3e124a93d9f7f3873028799,79d3c514f1571f2a88197b1e2d9ef859,delivered,21-02-2018 12:48,21-02-2018 13:09,21-02-2018 23:51,27-02-2018 16:57,16-03-2018 00:00
14772df2ec0499946fb20841a70659e4,3cd182168854efe2024efbd623437ed1,delivered,07-05-2017 18:53,07-05-2017 19:15,10-05-2017 08:47,16-05-2017 15:59,02-06-2017 00:00
6bbf71e04f4d0e748315be02506a1b63,6241793979a6c6169cce48dd999f3688,delivered,05-02-2018 19:29,05-02-2018 19:50,07-02-2018 20:52,22-02-2018 12:22,01-03-2018 00:00
02acaa2a6f24e9c4e0bec7141b65f29b,198f8a1c41eaeb274fc8b25993320f18,delivered,07-09-2017 04:14,07-09-2017 04:25,08-09-2017 15:15,13-09-2017 18:17,28-09-2017 00:00
47f3a8b9c3d8dffb6f878768c73b0971,26d51363d20344386df9fb922a155a26,delivered,06-04-2018 12:10,07-04-2018 02:35,11-04-2018 16:42,17-04-2018 22:20,03-05-2018 00:00
44146c842a47dc05b44bfd3c0334d47c,a753155288fad08f8802c3b2d2b243df,delivered,12-04-2018 20:45,13-04-2018 13:14,18-04-2018 17:51,26-04-2018 17:14,09-05-2018 00:00
83d235ec5b7a9b0949ad507ccefc16c5,41b8bed69cc3434edf5576568b852db0,delivered,12-06-2018 13:30,12-06-2018 14:05,13-06-2018 12:02,21-06-2018 15:48,17-07-2018 00:00
42bcfd11cc83efc775637358296f6b48,ec9eec3f6ecad08f1a41bb32a5dbb1ea,delivered,06-03-2017 13:56,07-03-2017 04:03,08-03-2017 16:03,17-03-2017 16:23,31-03-2017 00:00
03720fdc92032ee4abd471d172006ab0,116458665bac0ff47d5e87f65e8ec681,delivered,05-08-2018 21:34,05-08-2018 21:45,15-08-2018 17:42,21-08-2018 00:11,17-08-2018 00:00
7785b07bcf7b5bf8fbf50e491382d98e,edf36208c4d022a97bb82b7c02553af2,shipped,17-04-2018 20:31,17-04-2018 20:51,19-04-2018 00:51,,04-05-2018 00:00
53f0bd64140840f70f00c89e7a19fdf2,a23bb087dccfe3c78336749a1818a423,delivered,09-04-2018 09:41,09-04-2018 09:55,13-04-2018 20:46,27-04-2018 19:40,09-05-2018 00:00
3431f838d49b42723b060fa367b3d294,74c196d5748d2b4dbd3d387f50d6fa09,delivered,09-12-2017 23:17,09-12-2017 23:30,14-12-2017 16:14,15-12-2017 22:48,28-12-2017 00:00
daa1c13dd8df972cbc97ca351c67f32b,71e8560996119b529ab63d5a963f1a89,delivered,31-07-2018 20:39,01-08-2018 13:31,02-08-2018 17:46,24-08-2018 21:18,12-09-2018 00:00
53302305754d77daab8c64a29db8d8c4,c16fd56f85eb2c6f8cd0eb28bc618880,delivered,13-07-2018 05:38,13-07-2018 05:50,13-07-2018 14:02,26-07-2018 19:20,07-08-2018 00:00
660020bc4184db41dc39b332230e94a6,31f96a7faffd537b8ceef28d305cd375,delivered,03-09-2017 19:29,05-09-2017 08:34,06-09-2017 20:33,12-09-2017 23:41,21-09-2017 00:00
bc46c2cc4bdb50a72e172392fd97672b,49f6c48a95ac4eecf06c6a01b586e14e,delivered,02-07-2017 22:56,02-07-2017 23:05,03-07-2017 15:39,18-07-2017 20:57,25-07-2017 00:00
051fcda88d997d3ff86012da2a556342,e13a5ed086aacc9b2b7466c78645b468,delivered,24-08-2018 14:59,25-08-2018 14:55,27-08-2018 17:58,29-08-2018 17:38,29-08-2018 00:00
c8213e60d923c834447d410caab1898d,2ec09b0312464955bea7d384332ba8bc,delivered,16-07-2018 13:30,16-07-2018 13:45,16-07-2018 14:25,26-07-2018 15:36,16-08-2018 00:00
5b6ef6be2fa71ebc92c95847830eb35f,0ab29e5915ad4ba4c6d77931b038a1ce,delivered,17-06-2017 12:46,17-06-2017 12:55,19-06-2017 16:43,22-06-2017 14:52,11-07-2017 00:00
4e4d9ab79db69a4bd0d79833bfce91f3,c5ec9e7825f8ec234b331113945cb5ef,delivered,22-12-2017 09:36,23-12-2017 02:13,27-12-2017 17:47,11-01-2018 19:20,23-01-2018 00:00
306885325658e5d5783776d310d39a74,35f5bb12aeb5e3152bc397c997b83112,delivered,22-01-2018 12:55,22-01-2018 14:23,23-01-2018 17:03,01-02-2018 17:58,21-02-2018 00:00
55bde651a2c412e983a9ace2f3e05c5d,0238124998cd8eddd5b3ea04d4c1e658,delivered,12-08-2018 19:57,13-08-2018 19:50,14-08-2018 13:21,15-08-2018 19:24,17-08-2018 00:00
b6220fb5a863a30b561a0084f111e0da,070948afd9d16208989b064551175780,delivered,12-05-2018 18:02,12-05-2018 18:36,14-05-2018 12:10,09-06-2018 18:32,01-06-2018 00:00
179a901d5de12162c773a0def32eda2f,660ed1bd01292e89c1bdc072e05e3992,delivered,30-04-2018 23:47,02-05-2018 11:35,03-05-2018 11:24,22-05-2018 17:32,28-05-2018 00:00
ced791864a1478d28bc041d61f8ce2f4,b81371f334909da18f8ff659478c6ddf,delivered,02-02-2018 18:17,02-02-2018 19:03,05-02-2018 19:12,16-02-2018 17:39,05-03-2018 00:00
85662e028b929ea8a558c36157434119,9ab244a0cc4abef680f71591be46c239,delivered,16-04-2018 11:37,17-04-2018 05:50,17-04-2018 19:16,24-04-2018 20:22,09-05-2018 00:00
f9c73363efdacbd9919d6c57e388c21e,4b7c71ee56a82b16431dbd5234c9c8f7,delivered,10-06-2018 19:41,10-06-2018 19:51,11-06-2018 16:02,15-06-2018 19:22,29-06-2018 00:00
add2976dccd076ad28a521b9f86c1012,e060cc4070c78bb9c40c42771b995c68,delivered,21-02-2018 10:11,21-02-2018 12:06,26-02-2018 17:19,08-03-2018 16:04,02-04-2018 00:00
e5db7bda2b901c39641219e0b0112e5a,69c4c800716e7c23bbee20075aa55f6b,delivered,06-08-2018 12:27,07-08-2018 04:30,07-08-2018 15:23,08-08-2018 22:06,10-08-2018 00:00
2a206d4997fedfb60455f2a06ae3028a,fe466590682b569c87d29ef4dfdbc609,delivered,28-06-2018 15:18,29-06-2018 02:53,29-06-2018 12:02,10-07-2018 19:43,19-07-2018 00:00
f92c763c0b65518cb642202c62761040,5b6d2b7a038cd6a079db2ac2c0138daa,delivered,24-05-2017 13:44,24-05-2017 13:50,25-05-2017 17:38,02-06-2017 14:38,13-06-2017 00:00
9988bc711d2d6fead4af40481ff5de63,2a55c5a6ff0c2eaed117aece47856094,delivered,05-04-2018 11:32,05-04-2018 11:48,09-04-2018 20:51,12-04-2018 22:58,23-04-2018 00:00
c3d24172aec3f97cadcdc629a7357555,59395768fbb6d0508eaf41eaf135ced0,delivered,30-08-2017 15:29,30-08-2017 15:44,04-09-2017 22:28,12-09-2017 21:59,26-09-2017 00:00
ea402ebc995cf3c736876cff354a896f,04caa0484842fc3d966ebf185ba21242,delivered,15-05-2018 15:33,15-05-2018 15:56,16-05-2018 14:46,17-05-2018 19:37,23-05-2018 00:00
1ba5b9882a75bc185bc0c7fbb909b697,c3ce13fcf8ab552fcd541aa1f2225389,delivered,26-07-2018 17:13,26-07-2018 17:25,30-07-2018 14:15,06-08-2018 23:38,14-08-2018 00:00
24c0b5c7e8f51f85f1bcdbe4cd0f81ac,fc2a8d30702cbc30e24fcd1315030520,delivered,27-04-2018 10:38,27-04-2018 10:51,30-04-2018 06:18,04-05-2018 20:28,21-05-2018 00:00
3d205e6a3bde8bd5a480aba4d26dd315,25a883ab22042cfc5f16a1e5f6564cdd,delivered,24-02-2018 12:18,24-02-2018 12:30,28-02-2018 15:27,01-03-2018 16:44,12-03-2018 00:00
1ef47fb13ee9044b5e5aa3bd388755de,c1f326c1584e139615e3ba4ae4d23760,delivered,15-03-2018 10:58,15-03-2018 11:10,15-03-2018 23:58,12-04-2018 21:05,06-04-2018 00:00
9105e733a6a8fcccf4fced822e1a67ae,874dfb94ae7ceab047226c11f81cba46,delivered,13-12-2017 21:34,15-12-2017 02:17,15-12-2017 17:33,18-12-2017 21:46,12-01-2018 00:00
b7d3b2799f51cd6167d7931df1546f8e,bef40bbef664b2f618bf022db5be5a11,delivered,13-06-2018 20:20,13-06-2018 20:39,14-06-2018 15:09,21-06-2018 16:52,16-07-2018 00:00
3005c05dbcb19ff903a28b5d654bb1cf,b70dd1b7a273c0378edb26d95390f857,delivered,25-01-2017 16:57,25-01-2017 17:10,31-01-2017 07:27,02-02-2017 14:29,20-02-2017 00:00
7a0d4292964e6d5c0fe0fd4238ee6500,dcd40f3746fb8ee4fa0fab8dc6c2d222,delivered,28-06-2018 10:10,28-06-2018 10:31,29-06-2018 12:27,09-07-2018 20:34,24-07-2018 00:00
eaae5e87592113d14ab25a25bf5105e6,ac2042ae043b8f859f71ff914f863cd2,delivered,22-03-2017 12:30,22-03-2017 12:30,23-03-2017 08:07,19-04-2017 14:43,12-04-2017 00:00
6f6fcc1b3ef20cf889f9ecccc5d9379d,5f8821579f7deebd8827b5dcc57bcb45,delivered,06-02-2018 20:59,06-02-2018 21:10,07-02-2018 17:43,16-02-2018 11:43,07-03-2018 00:00
a3868921c7af20ac7aafb5e8b7b5b4ba,69f84065b20dbe07627736cd3a7f7f47,delivered,04-02-2018 21:23,04-02-2018 21:35,06-02-2018 21:28,16-02-2018 23:38,12-03-2018 00:00
e885304ec221dd09a24101f0dd920504,a3586509a27757e4e4825418e8f1174d,delivered,02-04-2018 23:31,02-04-2018 23:48,04-04-2018 17:48,25-04-2018 00:47,18-04-2018 00:00
364bfe8be0f9a89a9a817d0e8ecd859c,9c80a6e1fb3ca98a63dbde1cd2557985,delivered,03-04-2018 01:16,03-04-2018 01:28,07-04-2018 01:42,17-04-2018 01:05,19-04-2018 00:00
1abad641fc19ed94a5eefb34fecbfc0d,9d8ced56e634148f52b90da9bdeb9910,delivered,19-10-2017 12:53,19-10-2017 17:35,20-10-2017 21:27,27-10-2017 18:49,10-11-2017 00:00
5fa86014b9702f8c488d3ca356d24dd9,5403b9d98faadbbb85ec061012a213c1,delivered,19-02-2018 01:42,19-02-2018 02:46,20-02-2018 22:29,27-02-2018 17:03,12-03-2018 00:00
2655c643248fa1a5ef168d2f6fc64fe7,9ece767cb4769a7f387567c6f1f06d35,delivered,05-01-2018 19:24,08-01-2018 15:28,09-01-2018 15:09,02-02-2018 12:42,03-04-2018 00:00
6f7c4d0e0bfea3787bfa435c00423420,3203358dce6a6dd1a5d190113a70b68a,delivered,22-05-2018 09:20,24-05-2018 02:35,24-05-2018 17:08,05-06-2018 13:24,07-06-2018 00:00
6c15ee8450a1710e7495723be99f4030,356ead8c97942c8e553f692a81e50ccd,delivered,26-05-2018 00:14,26-05-2018 00:31,26-05-2018 08:16,14-06-2018 22:44,05-07-2018 00:00
daac1a5a0e38caa76166f1569db2895c,e243da4d4f1c0043d86b95941d73fd45,delivered,15-04-2018 20:56,15-04-2018 21:09,16-04-2018 21:36,18-04-2018 21:56,09-05-2018 00:00
7073be83c3247747c26a69d5a689edbf,f2f4eb1a9dd538dbe28987f5d42e9857,delivered,16-07-2018 15:32,16-07-2018 15:45,20-07-2018 15:50,23-07-2018 12:41,01-08-2018 00:00
f52ec1996d054ab03ddef4968ff41fa5,93c43171fb6570c1c278167d386a5db6,delivered,12-08-2018 15:13,12-08-2018 15:25,13-08-2018 14:34,17-08-2018 19:18,30-08-2018 00:00
f996ee1563eca784e95ed1b6e3ff972c,2fea692263bd999bc4a3e307d38ae2fb,delivered,26-01-2018 14:08,26-01-2018 14:22,26-01-2018 22:48,03-02-2018 14:04,19-02-2018 00:00
3085f11ff3b5e4498b311733a6cbd9e2,fabc9128fc3c897d2208425e2086d3a5,delivered,30-08-2017 20:20,30-08-2017 20:30,31-08-2017 21:38,20-09-2017 15:43,25-09-2017 00:00
02645c905eb7d1591a679f9bc3b669fd,7d81b5f1ff0e0a22a9496943f1df6cbd,delivered,26-01-2018 16:09,27-01-2018 02:41,29-01-2018 17:19,30-01-2018 14:48,09-02-2018 00:00
c7712c0f5217ae36e0539a1caea73839,d4ee857c70a9038a06ea3f38861c728d,delivered,03-09-2017 13:09,04-09-2017 21:35,11-09-2017 19:55,19-09-2017 17:15,25-09-2017 00:00
3de1449e72332066f82b8130406dfeb3,10c24e9fc5879ea6080e2b72e0475641,delivered,15-01-2018 10:16,17-01-2018 03:39,07-02-2018 00:09,03-03-2018 16:03,15-03-2018 00:00
4e53a913dfd522beb67229c2784dde5b,891d97a0573cb2e4c69db4e87728829b,delivered,13-04-2018 14:32,17-04-2018 05:50,17-04-2018 21:48,25-04-2018 21:58,11-05-2018 00:00
d9e350703a718681ef3cc6f0d92c0c10,74282fa83d0b14c96deae5439d7cb5e6,delivered,02-01-2018 15:25,03-01-2018 04:18,05-01-2018 22:10,15-01-2018 12:32,24-01-2018 00:00
64f5fd87174ba865c091f3ceabeaf0e3,ce0ceb45fe0c526c8b6959f36131687f,delivered,09-02-2018 09:31,09-02-2018 10:14,15-02-2018 17:31,18-02-2018 12:54,23-02-2018 00:00
17f668eaf6dac97de5fcd9bbbea1f474,7526d70ce84a55e4f85d4b39e91e2ac7,delivered,17-04-2018 13:07,17-04-2018 13:32,18-04-2018 19:38,30-04-2018 14:33,22-05-2018 00:00
9dc2868be613a3a34ca73f26600dcebc,20ef87add57e8cc2760bec8fdff748fa,delivered,22-03-2018 21:26,22-03-2018 21:35,23-03-2018 18:06,26-03-2018 18:38,04-04-2018 00:00
8fc5d9ce2b81773eab28cea379428e6c,8b3b5d469cfb93eb08d252fd0120c676,delivered,30-11-2017 11:34,30-11-2017 11:52,01-12-2017 17:29,11-12-2017 18:52,18-01-2018 00:00
da9d5d868a28b17116214d1240c22837,8cd6037505c5d3a5f92d485b1345e918,delivered,01-08-2017 22:25,03-08-2017 03:04,11-08-2017 20:22,19-09-2017 18:09,08-09-2017 00:00
f0c82a051af6be8d8bc640ac7ed53065,9cac5970d5355ceb74d4878059ac6399,delivered,03-05-2017 15:03,04-05-2017 06:35,10-05-2017 09:28,15-05-2017 08:31,24-05-2017 00:00
901884e93a6e353950d63cf7a16621ef,3f425c05ff2b159dd7ac24ff725a6b70,delivered,07-12-2017 21:37,07-12-2017 21:50,08-12-2017 23:17,06-01-2018 17:07,05-01-2018 00:00
2ac76d681b26fb9a0bacc88b2e532430,bf173716098c076e4e00285843e37e5d,delivered,18-07-2018 14:47,18-07-2018 15:02,19-07-2018 14:36,24-07-2018 19:15,02-08-2018 00:00
fa9aefedb556db70fd8ca7a716f79802,0b88fc5d116430d2cd82962c039c3f88,delivered,19-08-2018 23:05,20-08-2018 13:49,22-08-2018 12:36,23-08-2018 22:51,23-08-2018 00:00
9e1571408c90f2235bf00d6fd15f8d51,b470bfde759425129d684b306fce715e,delivered,06-02-2018 18:50,06-02-2018 19:10,07-02-2018 23:26,28-03-2018 18:36,14-03-2018 00:00
bf0f1a792476855668552e27ec7d263f,1220a90faf99b19704eab9e3e872e399,delivered,02-01-2018 22:20,02-01-2018 22:32,03-01-2018 21:42,10-01-2018 00:34,26-01-2018 00:00
910672810c4151ca48b6946cf9ba0418,7dba19b4aa8f8741e306917190e6e950,delivered,14-01-2018 09:06,14-01-2018 09:17,16-01-2018 16:56,25-01-2018 19:04,20-02-2018 00:00
7c1d20d6fe132456d237f95b26cd53a8,62949a19102c82481839ee2318f8d71d,delivered,21-01-2018 19:25,22-01-2018 13:57,22-01-2018 21:36,06-02-2018 17:21,14-02-2018 00:00
334020252534196b67dbda2c892932e1,7fe3cf500fdf23475a1bf979578ff7c3,delivered,15-12-2017 19:18,19-12-2017 09:51,26-12-2017 18:23,03-01-2018 15:10,10-01-2018 00:00
32219b8b14d2170cb4d16cf24c5d6025,4860f134f8d652b3d93ee94e9d3aa185,delivered,18-10-2017 11:53,19-10-2017 02:56,24-10-2017 18:26,31-10-2017 19:08,08-11-2017 00:00
7ece3f32d060f91a98d50279ab15ebaf,29d768c153dabfc1ecfeb0c1c389727f,delivered,25-01-2017 01:23,25-01-2017 01:35,30-01-2017 10:17,09-02-2017 10:14,14-03-2017 00:00
d46993f8bb61402cf53ed368bfca017e,5964c075c70c23bd07753f8cd1503c55,delivered,23-05-2017 08:19,24-05-2017 02:50,24-05-2017 14:57,05-06-2017 09:57,14-06-2017 00:00
6fafa8b999b250ad0dbbc4dad2f5aaf5,42da448b13fbef03246fd2ed79442e67,delivered,18-01-2018 11:15,18-01-2018 11:37,25-01-2018 20:42,31-01-2018 18:03,20-02-2018 00:00
c73bbcd64afe483b00a38c3d28c1c66a,b1d6214581f610ab4327d4471d90e574,delivered,23-08-2018 20:38,24-08-2018 20:35,27-08-2018 10:57,30-08-2018 22:11,05-09-2018 00:00
db80ebec0cd5d08e1d9e9c10f691f491,c79a864b023ee46e9a2e29bd06e72579,delivered,21-07-2017 15:09,21-07-2017 22:55,24-07-2017 13:47,31-07-2017 12:52,14-08-2017 00:00
ee1c259624feb697ba9a84a268f77cfa,1d877053716a2f3be7e0c13096eb75f1,shipped,22-02-2018 19:22,22-02-2018 19:35,23-02-2018 20:47,,19-03-2018 00:00
f94b0a3a81bf5b4de22a8c2a90df7263,96235f1032b3a83d13cd52f4cae7ef68,delivered,21-08-2018 18:42,21-08-2018 18:55,22-08-2018 14:30,27-08-2018 16:21,31-08-2018 00:00
4f4cdcc0b6af1eb7d23872ddc92b5d05,dce0f4ec1a81a9f978ce37a460c55fad,delivered,15-10-2017 17:02,16-10-2017 10:35,18-10-2017 18:03,19-10-2017 22:56,26-10-2017 00:00
71e3b03f3cb75e6fd2e5a75e7291df4b,13d366a15142a8b6f7e39caa24ccb1cc,delivered,14-09-2017 12:01,14-09-2017 12:15,14-09-2017 18:57,15-09-2017 15:49,26-09-2017 00:00
69d7b0fd0e1539d95821f334b42cdfe7,e6e855f3644b9db72b52e9fcd9cc5d9d,delivered,12-03-2018 17:26,13-03-2018 17:29,21-03-2018 22:06,10-04-2018 20:05,03-04-2018 00:00
0f227f29d1cef44dd442c2fe75d7896c,3e6ee83b129d8611fe4e39d47b18d8c6,delivered,12-01-2018 15:23,12-01-2018 15:30,15-01-2018 17:25,27-01-2018 14:28,06-02-2018 00:00
fedebd6340d6998da33d42acafad9a4b,4fec2e0acfdf1b086cd731bcb51ba7f1,delivered,23-03-2018 14:03,23-03-2018 14:15,27-03-2018 20:19,09-04-2018 17:03,17-04-2018 00:00
027b013d2186e25c2b82beb3679d0833,752b19f57cd013e2bf4e3c62da5a29e5,shipped,11-04-2018 15:49,11-04-2018 16:10,13-04-2018 20:05,,02-05-2018 00:00
fdc259a28a8f4ba4ea007b10244a8272,0dfb45e4e023f6d20188da2f6145a3ed,delivered,25-09-2017 21:33,25-09-2017 21:49,28-09-2017 13:15,16-10-2017 10:47,23-10-2017 00:00
9e40d6ad0e658dbe287498d89f222d18,79b516ac255abbf7531ea1ea5b43d0db,delivered,29-05-2018 15:48,29-05-2018 16:12,07-06-2018 15:12,11-06-2018 20:41,27-07-2018 00:00
7ca00d9cf45a4e8501cdc625899d7633,2d5bf8c06b76ea4c7e4dcb478b2fee54,delivered,01-08-2018 21:22,01-08-2018 21:35,03-08-2018 12:09,08-08-2018 13:14,13-08-2018 00:00
b8dd3c581f151ae1f4a0b011b0715eca,70e12437a260894a3f038b53d44b01e9,delivered,27-07-2018 11:41,27-07-2018 11:55,30-07-2018 14:04,04-08-2018 11:58,17-08-2018 00:00
3a84d8311ec3bc442b8e2413a6b770c6,27389b038fe5c0831ab14f7dd5e8a89d,delivered,12-08-2018 13:33,12-08-2018 13:45,13-08-2018 13:07,16-08-2018 12:35,29-08-2018 00:00
33d4257aa190f034f74c6626a12b6e53,c564529ffd5238e134307140271dd186,delivered,17-09-2017 23:00,17-09-2017 23:10,18-09-2017 19:37,03-10-2017 20:45,10-10-2017 00:00
270cd1874ca5310906e251407490d66c,fce5e90c12f6f040a4a77008ebeca230,delivered,23-03-2018 16:25,24-03-2018 16:27,27-03-2018 05:48,02-04-2018 17:43,11-04-2018 00:00
d13edc5c7574bda9f7c9dc6b92a72edf,6487942d4e64abf0e25a122fb215677a,delivered,20-05-2018 14:17,21-05-2018 15:32,22-05-2018 12:40,08-06-2018 22:08,08-06-2018 00:00
832e0a03685bfc20477ea18436e023a2,87722cfd2b0a53af8fdfee69e8c7feac,delivered,26-05-2017 16:43,26-05-2017 16:55,29-05-2017 15:20,07-06-2017 12:26,20-06-2017 00:00
38c529a4eb301fab3df50bd0e3c0ecdf,9dbc8c27740a5962891aad8ae9ac64f5,delivered,24-03-2017 18:16,24-03-2017 18:42,29-03-2017 12:48,04-04-2017 14:28,24-04-2017 00:00
40abd692ba634788bde537d1aff36222,df7d1cc348a96fdeb19b17287b9230be,delivered,14-05-2018 00:31,14-05-2018 00:55,15-05-2018 10:14,17-05-2018 18:04,30-05-2018 00:00
05fdfff95f5ea9ee431961288fce4e0c,05f9f7e304de1bd029ce39f107848608,delivered,07-11-2017 10:44,07-11-2017 10:55,09-11-2017 23:16,16-11-2017 16:57,27-11-2017 00:00
7760dcb1588e8f0404d165bace2abe39,b98929520ddf9ebbc2ee6d7a54bb5ba4,delivered,21-01-2018 22:02,23-01-2018 03:39,23-01-2018 22:37,05-02-2018 22:17,05-03-2018 00:00
ea1f26cda2f1854ff80a133e71ea9939,95200d2b14a993f488affb398652a2a2,delivered,15-04-2018 23:20,15-04-2018 23:32,18-04-2018 16:58,03-05-2018 16:49,09-05-2018 00:00
ea7e528106f7ea156423a2cbafd75bc2,8d81bf44bb2e36dbfab5353d8b683420,delivered,03-10-2017 21:02,05-10-2017 03:04,10-10-2017 20:42,31-10-2017 21:12,27-10-2017 00:00
8c5fa1a922cfa46db8478221148d7bfd,656feca5c03ef21e93b356c2da4f4ea4,delivered,04-04-2018 09:54,05-04-2018 09:50,05-04-2018 21:58,09-04-2018 19:37,16-04-2018 00:00
efc59e55658890749e19367044ab1a43,3375b244ac4cd58a673c13f24156b372,delivered,21-04-2017 20:23,21-04-2017 20:35,24-04-2017 08:08,27-04-2017 14:57,15-05-2017 00:00
b92aa81f74ab98a2f1a9cc5659f6edcf,6d7c040dec6d2f6da6a63929bdec436d,delivered,24-06-2018 13:49,25-06-2018 10:53,26-06-2018 08:46,27-06-2018 14:06,26-07-2018 00:00
546c8958ff67b28473cf140ec32a5a91,a88f6b2e3e51c830e4850876c911fb8d,delivered,24-11-2017 19:47,24-11-2017 22:56,29-11-2017 11:37,27-12-2017 15:00,20-12-2017 00:00
4ff67d3d6e7ebcbcf5cd40998e8a3d2a,d25874df9c935b4461068eb2f04fed92,delivered,15-05-2018 13:01,15-05-2018 13:14,16-05-2018 13:38,22-05-2018 19:38,06-06-2018 00:00
97afe73fe13a14d269383825a8a32646,957a0abd3abe843b6fe4886a504e69ca,delivered,16-05-2018 19:50,16-05-2018 20:16,17-05-2018 13:37,18-05-2018 19:08,25-05-2018 00:00
dc81a7a14a9502b15d6e1791eaa4ade6,a370cadf748c232df40b80db05b42df7,delivered,13-02-2017 13:58,14-02-2017 04:10,16-02-2017 12:28,21-02-2017 14:51,10-03-2017 00:00
d5f812041d8fc446c00cad005b616a3f,184359ed3f22a99dfeff1f70a95510af,delivered,27-04-2018 08:22,28-04-2018 02:51,30-04-2018 14:13,03-05-2018 12:51,11-05-2018 00:00
5506c622c9692ec1a2145b8b8f712eba,69000206943522203193343fda85d3a0,delivered,07-05-2017 22:09,07-05-2017 22:25,09-05-2017 10:31,23-05-2017 06:27,05-06-2017 00:00
75726bd0f5bacd31edbf656514778805,99dc64f03cfca5952f1ea7dd668bf7b3,delivered,23-11-2017 18:41,23-11-2017 18:49,25-11-2017 15:12,09-12-2017 18:09,18-12-2017 00:00
559115c14f48d999adcc027b4a702c8b,58838d64c9fb6e9e3712b41c35024f0d,delivered,01-01-2018 11:03,01-01-2018 11:10,02-01-2018 16:55,08-01-2018 19:59,18-01-2018 00:00
e83fecff545147241edc9399a93c8e53,cf96a08c56069584a82e7b49976a9598,delivered,01-10-2017 16:12,03-10-2017 03:49,06-10-2017 22:42,16-10-2017 19:04,27-10-2017 00:00
caef38892cf9eefb7fa25d54e803ba20,e7fdf001dc15351131c29af7d65ba701,delivered,05-03-2018 18:15,05-03-2018 18:30,07-03-2018 18:32,29-03-2018 16:12,23-03-2018 00:00
67d5ce930730430a0260f62e7c291eba,b0c20452deec54b06c12b989536295d5,delivered,02-05-2018 16:19,02-05-2018 17:31,03-05-2018 16:19,05-05-2018 17:56,14-05-2018 00:00
f9a8f148429cc3e0ebfc426bf5f7299e,f6a4f5fd1f3e76fb341c7558b76938fd,delivered,01-03-2017 19:32,02-03-2017 04:02,02-03-2017 16:10,06-03-2017 08:58,23-03-2017 00:00
29500b5b74f1cd86014af29b2e319e9b,71277afecb5c7487d4c7f39f6697b7a8,delivered,19-07-2018 14:25,19-07-2018 14:35,23-07-2018 15:35,26-07-2018 22:37,10-08-2018 00:00
b28f406dacca37ff27d85f7982344d2f,746d22dfbb196e81c8703ddee866aa5d,delivered,01-12-2017 14:32,02-12-2017 02:51,06-12-2017 11:47,11-12-2017 16:37,28-12-2017 00:00
44189362b3e194ad2769caf5cb94b8d8,7739c89f22e6943f141bdc83fa9940c1,delivered,31-08-2017 08:02,31-08-2017 08:15,01-09-2017 23:53,13-09-2017 21:27,22-09-2017 00:00
2edc2a8fcbfceea30b10f1a27c5e4b10,9241bfb421181890a101d73b8c6b95f4,delivered,21-03-2017 21:14,21-03-2017 21:14,22-03-2017 06:35,27-03-2017 17:44,07-04-2017 00:00
5d2a19878dfb41966381b1cef483a3c5,34bc89a692e14cd3b74e4ec7f5e78a1e,delivered,17-05-2018 14:08,18-05-2018 00:14,18-05-2018 13:20,04-06-2018 18:34,13-06-2018 00:00
478427fc9787c3fe1edf66c81e466623,d44661372e501386cce8554861971115,delivered,17-06-2017 21:09,17-06-2017 21:23,19-06-2017 16:04,21-06-2017 16:47,11-07-2017 00:00
cde7b4e633f0dd24536cab563a33ccb9,b05df7fc4b04012e503b4950aa27a8d2,delivered,02-09-2017 23:23,02-09-2017 23:35,04-09-2017 20:00,14-09-2017 20:53,27-09-2017 00:00
a9f2b777e3bef22265789c831c1bec2e,dc75c9ef71e6cbda48cbe416729b79ba,delivered,16-04-2018 10:50,16-04-2018 11:11,17-04-2018 14:41,19-04-2018 22:56,03-05-2018 00:00
f57b72afcc4b452e33507898aa140ff5,a8a66bbda1336f0cb78c99853cac7b4c,delivered,26-06-2018 13:38,26-06-2018 13:56,28-06-2018 15:50,09-07-2018 13:16,17-07-2018 00:00
d26d1c1cd0e2f03cb9540e440ae7a36d,6ca8512df510cd81c156464b01dcd23d,delivered,31-05-2018 12:37,31-05-2018 12:54,01-06-2018 13:51,11-06-2018 22:17,12-07-2018 00:00
9a194607b0125b5c6c0e01a53843080f,325d0a903a3eb65f0b0c2bb61fd4a6ec,delivered,16-01-2018 17:02,16-01-2018 17:14,17-01-2018 17:12,16-02-2018 12:53,09-03-2018 00:00
3c5b8e9f31061a7aeb8531216a18606d,d812ff486ec5070d45ce3abff665d5df,delivered,29-12-2017 07:06,29-12-2017 07:15,29-12-2017 17:22,05-01-2018 23:19,24-01-2018 00:00
1fd1b3c4396fe3d19067623fca845f03,457aa02da26931909b20f4f92fe67229,delivered,17-04-2018 12:05,17-04-2018 12:30,18-04-2018 14:08,19-04-2018 23:07,27-04-2018 00:00
4b8267d1f715adb8eb69ac677662c100,4004f17e88f450a6adcec6013038295a,delivered,04-05-2018 15:02,05-05-2018 02:35,10-05-2018 15:34,17-05-2018 17:31,29-05-2018 00:00
bb031ba8af937e390196eec424b41798,de18e1bd5388e711196e1b8a9ddcb5a3,delivered,24-12-2017 13:03,24-12-2017 13:12,27-12-2017 19:14,05-01-2018 15:49,23-01-2018 00:00
5b664e80ddc573f779bc4b33c7a457ea,3a2d68eee79fec2603b564e1e0253c75,delivered,17-04-2018 15:43,17-04-2018 16:30,23-04-2018 23:25,30-04-2018 20:38,30-04-2018 00:00
8624d8f9a994ef3cd1792ffe142b412d,b9e6ea4da5b6cd063dd46df2627bcd99,delivered,03-12-2017 19:21,03-12-2017 19:33,06-12-2017 15:19,12-12-2017 18:04,20-12-2017 00:00
63114fe7881be901a26ef97cbd3b47a8,a83fe906cf12e5dc24b6106577d27b64,delivered,09-07-2018 10:56,09-07-2018 11:05,10-07-2018 15:06,12-07-2018 00:20,18-07-2018 00:00
3b39d2ddd9066f382c924cc2c51dc584,f1e46939e6408b3e6fd46579a37c88b4,delivered,01-06-2017 14:58,01-06-2017 15:15,02-06-2017 14:39,13-06-2017 12:24,26-06-2017 00:00
9dc439a9d732ca991174a53f114c3cde,6660b4dcb6bc876c71cb3f2d8de060dc,delivered,04-12-2017 11:10,06-12-2017 02:50,11-12-2017 21:19,12-12-2017 19:42,20-12-2017 00:00
7e41633529000f80967da24083bb6c1c,451ac26d4d2da6b319318c13aac25937,delivered,26-07-2018 20:37,26-07-2018 21:10,27-07-2018 12:06,02-08-2018 20:59,17-08-2018 00:00
06d8cb692ed19b092adaaf5337d01a39,485d59ed46bda4a60ac9ab15c32ec63c,delivered,03-08-2018 10:50,03-08-2018 11:04,07-08-2018 15:22,10-08-2018 17:24,16-08-2018 00:00
ef2b686edd39d4c6b594040d43489f56,b42fde337b8064a69eb4c1d0e6d43fdc,delivered,05-01-2018 11:53,05-01-2018 12:08,05-01-2018 21:26,09-01-2018 14:47,23-01-2018 00:00
a3935e4485cd7848426b3c0761728345,131bcf801cb9c02140783e20153249f9,delivered,24-06-2018 22:14,24-06-2018 22:38,26-06-2018 15:16,28-06-2018 17:22,19-07-2018 00:00
8553cd91f67faa93fd2aa45148bcc3c8,f882aaf28af48842b1ca318f520f443c,delivered,03-06-2017 10:47,03-06-2017 11:02,06-06-2017 17:45,12-06-2017 15:22,26-06-2017 00:00
c3d7d16efecadd7d1ef3ffb285dd8657,966e44ef089263460cc572f28187ee86,delivered,16-03-2017 09:47,16-03-2017 09:47,17-03-2017 09:15,22-03-2017 11:52,06-04-2017 00:00
65176291fad85f25b92153f7172abbc5,f3bb4ca2244dc44f761b7becf03acebb,delivered,25-04-2018 08:21,25-04-2018 08:31,25-04-2018 14:43,27-04-2018 19:52,08-05-2018 00:00
6127a28915c32d0c35b55f6ccc3f0c36,20e082bd38bebfc9f174eb2f74b6cd41,delivered,14-05-2018 15:53,14-05-2018 16:13,15-05-2018 15:31,17-05-2018 14:51,25-05-2018 00:00
e97d413be381af1c85a368973f38ad0a,ec3fef6f122ec7da38cc0f0ad81013ee,delivered,09-04-2017 15:50,09-04-2017 16:01,10-04-2017 11:40,17-04-2017 11:52,15-05-2017 00:00
001c85b5f68d2be0cb0797afc9e8ce9a,48ed31e735f1c420ed6ca3637b7c744d,delivered,24-11-2017 19:19,24-11-2017 22:38,27-11-2017 12:42,22-12-2017 18:37,14-12-2017 00:00
1c2bcfd34cbb64f130a03aeb7c0d6c75,dc20dd848e86e03be23cc9883378cd65,delivered,02-06-2018 11:53,02-06-2018 12:15,22-06-2018 15:52,26-06-2018 16:21,17-07-2018 00:00
02ea547b6d2ee25305588fd50df58b46,ff4545a3148f5a22667f301e00cb5ad7,shipped,23-03-2017 22:03,23-03-2017 22:10,28-03-2017 11:43,,18-04-2017 00:00
1a9f85c859f73034acc85057b4899a8e,f34e32b8604090d1c2a7f3b04c834807,delivered,06-07-2017 17:11,06-07-2017 17:25,07-07-2017 18:12,31-07-2017 22:42,10-08-2017 00:00
684f63e89a82f437747c1cd45a099f4d,dbbb8e776de0b4704d10f043c30dbaa9,delivered,14-06-2018 15:46,14-06-2018 16:00,03-07-2018 14:02,09-07-2018 19:27,26-07-2018 00:00
9db0b5f3481614484592866ec7c902f3,574bc1bc07d89145ec04fd7a5eca5c3e,delivered,23-05-2017 10:24,24-05-2017 02:50,24-05-2017 10:34,31-05-2017 09:42,20-06-2017 00:00
008fab5602c441d51f30b1464f5d4643,337e39b83fac394e62eb7876f45ee981,delivered,22-02-2017 10:37,22-02-2017 10:50,22-02-2017 14:03,03-03-2017 12:43,23-03-2017 00:00
a472cc850b21b27f04a2b80546d3910e,eafcc7bf051b9d56a2b9e428a43b6ce6,delivered,06-12-2017 17:39,06-12-2017 17:52,07-12-2017 17:27,11-12-2017 23:10,03-01-2018 00:00
059c0bd12954b4e72327c0ff67d9f2e8,c1f4176c8405099a08d876c2794e1958,delivered,01-05-2018 21:53,01-05-2018 22:16,03-05-2018 16:31,10-05-2018 18:18,23-05-2018 00:00
84960d31af78367051a7134bf7b64f29,1b97c2f2eebe3e5c80a2a7a07bb6749a,delivered,12-07-2018 22:09,12-07-2018 22:25,31-07-2018 14:10,08-08-2018 18:31,02-08-2018 00:00
432be65264b4055058984c2078e5d487,1e218eee4b25d4e7943183d601ad81c0,delivered,06-04-2018 20:46,06-04-2018 21:08,09-04-2018 20:41,10-04-2018 21:55,23-04-2018 00:00
de72d70497698d2416dc47712bbc7678,c360961ef98b0d4b28357b7fd0387673,delivered,13-02-2018 09:15,13-02-2018 09:27,14-02-2018 23:58,22-02-2018 01:46,12-03-2018 00:00
8bbc0e9b5ac010d6a9b8d76570cd20c4,269ebe5042123ff1dfbfc95d52eae825,delivered,11-02-2018 19:10,11-02-2018 19:28,21-02-2018 10:18,06-03-2018 23:44,16-03-2018 00:00
650fcf3e2908208ae23c6c93706c50d3,7199038790946ae4e75b8efc080f9dd2,delivered,07-05-2017 16:47,07-05-2017 17:01,08-05-2017 15:41,12-05-2017 11:57,02-06-2017 00:00
643efaf4eddc8f0b4f71b1674c882fa4,d7d536ccde7b524ac5a42e24b000d982,delivered,02-07-2018 21:45,05-07-2018 16:27,04-07-2018 14:55,09-07-2018 19:48,25-07-2018 00:00
a1244e1c9ad5fe2e15f97c9136ef70ab,2fd83e62488be87241b90a6e474eec0e,delivered,25-11-2017 03:10,28-11-2017 03:33,28-11-2017 23:22,02-12-2017 12:43,11-12-2017 00:00
06d68cf3fe78e8d27c1047fe0346abc4,3e089f738aef695bac3734a9bce1ed20,delivered,19-07-2017 14:48,20-07-2017 02:23,21-07-2017 21:51,25-07-2017 00:49,04-08-2017 00:00
a49c33d90902b75249013813637fbf1c,e76048064c31c156e15c4a07c48a3b1c,delivered,14-01-2018 17:59,14-01-2018 18:11,27-01-2018 01:33,06-02-2018 23:47,21-02-2018 00:00
c9cdd7f64546202e53576e2997f112f4,8229657fd11afc46e7e8c6be1636c80c,delivered,19-05-2018 14:06,19-05-2018 14:31,21-05-2018 10:30,24-05-2018 22:05,06-06-2018 00:00
8adb87b0bb81da96d28e6cfaa033a40d,b5672da69f806d8bc4eea831365f07da,delivered,24-11-2017 09:38,24-11-2017 10:56,28-11-2017 20:18,12-12-2017 18:41,14-12-2017 00:00
aea67f89b3841f780d8eed0beabd3398,09b469184e00373f074c799968de0aad,delivered,05-07-2018 21:41,05-07-2018 21:55,06-07-2018 11:25,10-07-2018 16:28,19-07-2018 00:00
b84c178bc4308555f74ed9cdf3a38193,22a1be4f281a33941e88bc790cfb60a6,delivered,25-01-2018 11:03,25-01-2018 11:12,29-01-2018 19:24,07-02-2018 18:36,22-02-2018 00:00
607911c4ac62f9038b4ec434673e486e,7cec2ad3ecf1b10ce543161225a13a97,delivered,06-08-2018 16:41,06-08-2018 16:50,08-08-2018 11:09,13-08-2018 17:57,22-08-2018 00:00
db93355c53b6e6a6119012d4880abd94,c38fa4fd1dcd99e0341c633c7b4732f6,delivered,25-08-2017 16:39,25-08-2017 16:55,28-08-2017 20:05,04-09-2017 18:10,19-09-2017 00:00
ac21545a31cc2f10904bcc68254c1d11,ef679ddb34f8f011599d10e88c859117,delivered,16-03-2018 18:06,20-03-2018 03:08,20-03-2018 22:17,06-04-2018 20:02,25-04-2018 00:00
62076e9aa47cedb799ddc84812264c9e,37e066fcd483b5b73efc8eb2166c91e2,shipped,09-06-2018 19:28,09-06-2018 19:50,11-06-2018 13:50,,04-07-2018 00:00
4438691d291f7a436db5665e8d010ac9,294ee4cd4c0812c45ee3a69208051364,delivered,16-07-2017 22:46,18-07-2017 05:55,18-07-2017 21:21,10-08-2017 19:08,08-08-2017 00:00
4d0fce2314e3a88cb7371a111cf69f41,5d24376e325a79e62ed98de02d5eb029,delivered,25-11-2017 12:09,28-11-2017 03:32,28-11-2017 17:44,04-12-2017 15:22,20-12-2017 00:00
3dcc4c9174a04ed82d42905c7dd139e7,9dd475c34f4cc88c45bec1dc40f33fa4,delivered,20-07-2017 17:31,22-07-2017 02:23,25-07-2017 20:49,28-07-2017 16:06,18-08-2017 00:00
49267f83c9f436f1147915577fdeb110,9b7d3addaab8a9237c6d4c45b68e26c2,delivered,26-10-2017 09:08,27-10-2017 09:08,27-10-2017 17:43,03-11-2017 18:40,21-11-2017 00:00
8883ff5e64a8932fe566679fb325988a,7f5c8f56535b9c3dae5d7edbbc03849f,delivered,08-06-2018 23:38,08-06-2018 23:53,11-06-2018 11:40,25-06-2018 23:18,20-07-2018 00:00
e6fad28cb7f01e461467af959930ae8a,c57928c036644588414e864683ff1da2,delivered,20-04-2018 17:11,24-04-2018 18:45,23-04-2018 17:52,06-05-2018 16:46,17-05-2018 00:00
683b82f268a3ba04ef24ce3490a12d44,a5f835421f74efb2806c5b07f51ceffe,delivered,04-04-2017 19:04,04-04-2017 19:15,12-04-2017 13:53,09-05-2017 09:58,17-05-2017 00:00
4347279deb067c6731c1c97237921d18,2ba3edf091e33c433e095b2f53716362,delivered,25-05-2017 11:32,25-05-2017 11:43,25-05-2017 14:40,31-05-2017 14:07,19-06-2017 00:00
5eca2113141f2c0e048b11bdcb7a0371,aa1fd99d3fa9ef872384623522665eb2,delivered,07-01-2018 15:20,07-01-2018 15:33,08-01-2018 16:27,09-01-2018 12:07,24-01-2018 00:00
7cd9ffeaee65a09e32ccf456b90784df,a956e20865cb062d7a3e7ae4c6ae756b,delivered,21-08-2017 15:54,22-08-2017 04:26,23-08-2017 18:35,04-09-2017 21:48,19-09-2017 00:00
44f656d7fbb37d161491617473307a59,ff6615c04179861ddbd77331eafbab7d,delivered,01-09-2017 14:26,01-09-2017 14:44,04-09-2017 22:07,14-09-2017 19:04,26-09-2017 00:00
7263a9488004df94487b7f970be3b91e,b7aba705e32253c6d5159e0155ba4fac,delivered,10-06-2018 15:35,11-06-2018 16:31,13-06-2018 16:10,21-06-2018 20:50,05-07-2018 00:00
4969634a191db1f7ef36954434938327,c8612759068c7216331e5dfb73b47ba1,delivered,01-08-2018 21:22,01-08-2018 21:35,03-08-2018 15:03,08-08-2018 19:28,06-08-2018 00:00
fd3a02bb749359b9e6a4126cd8a50822,78199b9683c01e0d764ece9abfba71af,delivered,01-07-2018 17:43,01-07-2018 17:55,06-07-2018 06:31,13-07-2018 21:41,01-08-2018 00:00
d9107994bd1bf31404591bce06a547f8,c396c33a13de8470ca7f0fbff9ac4e9b,delivered,03-01-2018 17:27,05-01-2018 02:34,03-02-2018 04:05,14-02-2018 21:22,19-03-2018 00:00
8220b318fccce9e7dfd00d9894b95189,c34beddc345e97b15bb556100207a176,delivered,23-05-2018 14:51,25-05-2018 02:55,25-05-2018 07:17,01-06-2018 15:42,18-06-2018 00:00
09f58c00f941827ab206de7796785e44,7c94da97db6fe83e123f80baab533a97,delivered,05-01-2017 16:05,07-01-2017 03:35,11-01-2017 15:47,16-01-2017 15:43,13-02-2017 00:00
557eb42ce0b29c86666b04ec9496ea59,6ce1bb886e1ce1d5f054974fe397be89,delivered,23-10-2017 19:51,23-10-2017 20:14,25-10-2017 17:03,07-11-2017 11:47,16-11-2017 00:00
caac6605538949c162e1301b3280177e,caad4f2b2df5e13bcdb532c72e4b96eb,delivered,07-11-2017 00:13,08-11-2017 03:26,08-11-2017 23:46,14-11-2017 16:36,01-12-2017 00:00
af2565178281d646f828c50111e00308,4c7f4eb90b99e99875f73b829f63f892,delivered,30-04-2018 20:42,01-05-2018 03:15,02-05-2018 15:25,09-05-2018 19:04,13-06-2018 00:00
b952acf9c1be50807866780fb3ed2119,c15953d614c7911f1b48dead736aaf20,delivered,29-01-2018 00:32,29-01-2018 00:49,29-01-2018 18:28,05-02-2018 22:32,01-03-2018 00:00
13293961429976917597dafca90e49d3,522799207582d92450a129cb6e516b4f,delivered,08-07-2017 16:35,11-07-2017 04:15,11-07-2017 21:14,14-07-2017 16:38,25-07-2017 00:00
842fbaff9da558be5528caf78d1e0969,25d3e06c60d2d27035aaf892f9a48764,delivered,31-08-2017 20:46,31-08-2017 21:05,01-09-2017 18:51,05-09-2017 20:32,19-09-2017 00:00
336f7fe8abc3af0bf30d0cf7204ec20f,f23d6ec4c1e7f186e9a82c6014d39533,delivered,28-06-2017 12:39,28-06-2017 12:55,04-07-2017 14:55,05-07-2017 17:13,11-07-2017 00:00
46b7b64f475329c65fb18b99c7fb373b,80a4e774050223dd467a7d514862b986,delivered,12-12-2017 22:27,12-12-2017 22:35,15-12-2017 15:12,26-12-2017 14:23,10-01-2018 00:00
8b5058499c412c6cf8d013de40e4f9d2,3c4e8510fe74acda6c7b8fe81e34b46a,delivered,03-05-2018 21:35,03-05-2018 21:50,04-05-2018 13:16,09-05-2018 16:12,24-05-2018 00:00
1aeb7ca35ec250ef46f2f67684461abf,d9b1bc463eeff85045d60287c7aa40ec,delivered,16-11-2017 19:01,16-11-2017 19:16,21-11-2017 23:07,23-11-2017 22:32,29-11-2017 00:00
333c80174d4ab24df54210511f4ecbd0,782a99fb3433351a685f44522050331d,delivered,11-03-2017 17:51,11-03-2017 17:51,15-03-2017 17:41,23-03-2017 13:52,06-04-2017 00:00
2c203f4297ffa221e33a90171c24249d,be188afbecaf3cabfe042bf53dfa2e19,delivered,02-02-2018 09:16,02-02-2018 09:35,06-02-2018 01:14,07-02-2018 21:41,20-02-2018 00:00
af392de2586db1645a4044ef1e84c47a,7f4f922b7b111237fc0e33a6533773df,delivered,25-02-2018 21:32,25-02-2018 21:48,01-03-2018 01:25,18-03-2018 16:16,16-03-2018 00:00
3e1c06f2560af40104080f8790989a33,c90f9a78f24a713d1c39c3902a3c43ab,delivered,09-05-2018 19:41,09-05-2018 19:55,11-05-2018 07:12,18-05-2018 22:16,29-05-2018 00:00
b8f4980c2ec178504101b730e4e49918,e1b7d36c6112647b0f4e0c3bd46085bd,delivered,07-07-2018 20:04,07-07-2018 20:25,09-07-2018 11:49,13-07-2018 19:24,07-08-2018 00:00
d9f8272ce07f87bd2168f47bd2010235,1897fca9c10a760bb3b2b1780e6f76fd,delivered,19-04-2017 14:30,21-04-2017 05:22,22-04-2017 09:17,02-05-2017 14:08,11-05-2017 00:00
cf2012c5bb2a858db95ead15c5f1595b,a9ab6416a9e21ccb7540e9e5d10f02ea,delivered,18-07-2017 07:10,18-07-2017 07:23,19-07-2017 16:35,24-07-2017 18:22,08-08-2017 00:00
5cc7fd28e4d0a13f20f305037d7234fb,43cd53f27b1d6116fd34916977e07c48,delivered,17-11-2017 23:43,17-11-2017 23:55,22-11-2017 19:53,28-11-2017 21:32,08-12-2017 00:00
748db62700c925a0db2c4b00ee25849c,d065739818d474d19dfdb51d54c0a1e9,delivered,25-08-2018 11:24,25-08-2018 11:35,27-08-2018 14:41,30-08-2018 14:08,05-09-2018 00:00
8040ee89b88d6ea587b51b55dbfb4dc5,a577945519cf174d409718b07514767b,delivered,05-08-2017 09:52,05-08-2017 10:05,07-08-2017 19:34,14-08-2017 20:17,29-08-2017 00:00
a8afd0d68136bf98efa8ecc64a0df6c1,68d0607923d24c0b52ea252e3c77cd19,delivered,08-12-2017 12:22,12-12-2017 10:59,13-12-2017 20:03,03-01-2018 17:19,05-01-2018 00:00
e74f16cd18d4e5b3dfbcc81e880430d9,614e410701e4458d2fb475053d7a9b05,delivered,24-11-2017 00:43,24-11-2017 01:11,24-11-2017 20:18,18-01-2018 00:28,19-12-2017 00:00
097b96a18f0058373d0f5e3041a27f0a,439fd4a92dca4ea45485bd99e028004b,delivered,17-08-2017 08:36,19-08-2017 02:30,21-08-2017 15:33,08-09-2017 16:19,28-09-2017 00:00
e77577d115ded33e62a5874c383452a4,7211cd276bf9045bec243d11221337ba,delivered,28-07-2017 21:11,28-07-2017 21:25,01-08-2017 20:47,07-08-2017 20:09,17-08-2017 00:00
d225bda2584ada7ef0895192338c3dd4,9cfa9387ffa7afa5e0d245b13ada9721,delivered,16-03-2017 14:06,16-03-2017 14:06,24-03-2017 12:45,30-03-2017 16:22,11-04-2017 00:00
12a545f53715575246beec2da90d6de4,95a8be8f74e6b7f3e06ef03ff885dd58,delivered,21-12-2017 17:45,21-12-2017 17:55,26-12-2017 21:08,09-01-2018 19:11,22-01-2018 00:00
7da78752e9ddd817f22933c2763db33c,cf23b7f0eb89c7d7d05dfcd8671ade01,delivered,04-12-2017 16:54,05-12-2017 18:53,07-12-2017 13:43,20-12-2017 19:33,02-01-2018 00:00
416bffd2b6f30043b4c631f9109782f3,fe543dcaf0106197870ae1c21d36076e,delivered,20-02-2018 06:39,21-02-2018 00:07,27-02-2018 17:22,10-03-2018 00:54,21-03-2018 00:00
cc1fe613e2c3dce712d71a852ee6726f,ac9c7c7db86f7b99d3cf8e7e1d025fd9,delivered,22-05-2017 15:12,23-05-2017 15:23,24-05-2017 09:10,29-05-2017 09:46,13-06-2017 00:00
d2ae2653b9dbc7b50f11bf3e4001ec8e,647eb903d7836d450ec6bcc175838567,delivered,02-05-2018 18:19,02-05-2018 18:58,03-05-2018 13:46,14-05-2018 17:58,17-05-2018 00:00
1e1fb779dc3ea5b2ece7892f4b1824cc,bfdc91ba39894bf8935c66e17060382d,delivered,03-11-2017 21:54,07-11-2017 07:30,07-11-2017 18:38,14-11-2017 19:44,16-11-2017 00:00
3fdc7dae10900f3b484cae506870d823,1795dd79b24240d8f56302e7bed359e3,delivered,02-08-2017 14:17,02-08-2017 16:15,07-08-2017 14:49,21-08-2017 13:00,30-08-2017 00:00
691688405bcee3ff9023639514498962,6a3103e7538f6e4a02eeda6eab7c4bfa,delivered,08-08-2018 19:54,08-08-2018 20:05,14-08-2018 15:00,20-08-2018 20:48,06-09-2018 00:00
86c0dd8bf457a10687920d54ee6fb12e,872f45bf74c4adcd409346897aadbba8,delivered,19-05-2017 15:20,19-05-2017 15:30,20-05-2017 10:15,30-05-2017 15:57,12-06-2017 00:00
0b7260709eb6a2884329b5ec9ef2b2a6,90dd38dda93bdc6dcbda8bfe0bb597ee,delivered,01-05-2018 18:42,01-05-2018 18:55,02-05-2018 12:30,03-05-2018 18:06,10-05-2018 00:00
624ffe16156e4aac5b9ec7ac27ed23c6,dd330df40b83abc9645d38fe5e56ac85,delivered,03-03-2018 09:33,04-03-2018 09:30,05-03-2018 19:58,12-03-2018 14:46,26-03-2018 00:00
78dcdc9169e9c5bbd378416cecc317be,ab917a0785e95a9303211b341f6e0d6d,delivered,12-08-2018 14:02,12-08-2018 14:15,13-08-2018 11:04,29-08-2018 20:42,19-09-2018 00:00
c34fe20a21a65490fa6b815f0435059a,3f6e3d2c09293a6c18ab56b275c73477,delivered,04-05-2018 08:47,05-05-2018 02:30,07-05-2018 20:24,10-05-2018 01:21,04-06-2018 00:00
fbbaa04b3e0910f8ae8711ff03a32fa7,76f9829923ebe9161af4f54f050885f0,delivered,11-07-2017 16:48,12-07-2017 02:15,13-07-2017 19:32,14-07-2017 14:57,25-07-2017 00:00
813a1597ee0470b32160904f9f454ab6,7192fde393370533066e4d30403b3562,delivered,06-02-2018 13:32,07-02-2018 03:10,09-02-2018 22:43,19-02-2018 14:18,02-03-2018 00:00
7838ed6306a99eba3bb421c33864ccb5,8ad7dfee8e31e2a61e3e4a3053e1104f,delivered,19-12-2017 10:55,19-12-2017 11:13,21-12-2017 20:47,28-12-2017 18:17,18-01-2018 00:00
ddcb9f924091ed9cc49b9c78d37d48b6,c7093c34ad7da76feb1fb87e5f6b366b,delivered,17-04-2017 14:48,17-04-2017 15:05,18-04-2017 11:03,02-05-2017 14:35,16-05-2017 00:00
d5a9c802f335dab69b88e69434d0dd43,8078795898cf354a167e8832f263774f,delivered,08-03-2018 11:38,08-03-2018 11:50,09-03-2018 22:58,17-04-2018 18:48,02-04-2018 00:00
d1329f2d9a7c9c972b1ab5c6b7c8d3a5,cb4be9a063393bfe007a290302727b26,delivered,03-01-2018 22:16,04-01-2018 17:11,09-01-2018 22:28,17-01-2018 18:22,05-02-2018 00:00
d8b396712d55ccad35aa9a1391aa74a1,a30ef261434ed7152a26b65278af7f9c,delivered,27-01-2018 14:00,27-01-2018 14:12,30-01-2018 17:57,05-03-2018 22:14,23-02-2018 00:00
c9a41eaac7ef0fb40b81c58e3c7276c9,b14860a70ac3d824bfc0900870b702b0,delivered,05-10-2017 16:54,07-10-2017 02:24,11-10-2017 20:21,20-10-2017 20:32,01-11-2017 00:00
a5a13962daf17458e2139021d0ba97f3,93c07a27854a22f74c7ad4f943585bce,delivered,08-06-2018 16:11,08-06-2018 19:31,11-06-2018 14:02,20-06-2018 19:28,17-07-2018 00:00
fe1b32a1829b1ddd26415d31fbf85b78,d3fa2b41958a719ae19f1b4daeed98cb,delivered,05-07-2018 00:40,05-07-2018 16:35,07-07-2018 12:14,11-07-2018 15:48,26-07-2018 00:00
81349623c14fed4e8943c5ad1f3ed4fe,75eb3be9eeb6a85cb18c76fc76b0cf80,delivered,25-04-2018 14:36,25-04-2018 14:51,27-04-2018 05:59,19-05-2018 16:52,17-05-2018 00:00
7895cea737e28a81b243a183523ddfff,ff86241814fe899c8cb8786b9196995e,delivered,03-05-2018 19:40,03-05-2018 19:55,07-05-2018 10:08,08-05-2018 22:12,15-05-2018 00:00
6b9e63bef69dd3bfae0ca6dcea8deed6,45e0c1a21a9b5ef8ad7c4558011a8897,delivered,17-07-2018 17:38,18-07-2018 02:50,18-07-2018 14:15,21-07-2018 01:17,31-07-2018 00:00
bd76688da0406f5c377080cc43888b5e,6e7d0829bdbbcd61c6d863922f942daf,delivered,27-06-2017 15:34,27-06-2017 15:45,28-06-2017 13:35,07-07-2017 19:17,19-07-2017 00:00
4cbe8de031dbae0b80286a23fdc1cf91,8667901bd6be984bb8c737a31bef4bbe,delivered,10-01-2018 22:23,11-01-2018 13:28,15-01-2018 17:22,22-01-2018 21:48,02-02-2018 00:00
cec27ecc8324e22e5721ce87471d4b31,5f46e687a5c82cb1eda593739430f16a,delivered,16-08-2018 10:28,17-08-2018 03:35,17-08-2018 12:10,24-08-2018 17:14,06-09-2018 00:00
85953c01cb38fbb086291bd45ad6b18e,52dc0499c97e797e32c0ad648f5022ac,delivered,03-10-2017 12:53,03-10-2017 13:07,04-10-2017 15:51,08-10-2017 16:59,19-10-2017 00:00
c6e85bb83d4a4831b79ccd25b2b98cd8,b12107d71983e8cefe72656d5202f754,delivered,11-02-2017 16:11,11-02-2017 16:22,21-02-2017 14:47,24-02-2017 09:33,14-03-2017 00:00
ca8eaa7367f04ef547edaa942ad53386,c3b95aff4e8ce920cf04ddae0ad7b7af,delivered,03-03-2017 14:24,03-03-2017 14:35,06-03-2017 07:37,13-03-2017 14:38,27-03-2017 00:00
7f6767778dfebc9eb3bb27b43584789a,3601d7ff340f497fa2bbe5a612e88844,delivered,16-08-2018 19:55,16-08-2018 20:10,17-08-2018 15:28,22-08-2018 13:56,29-08-2018 00:00
304e7fc7db4a67a8ab0403ce4eb42ae0,03b59966dd366b58382e349fbaaa6231,delivered,31-07-2017 23:33,01-08-2017 00:30,02-08-2017 12:33,03-08-2017 19:32,14-08-2017 00:00
ebb7be9b346d08fc0d788e3b9e4bd02e,fa4cbecd3769852b295dd7f1072f860b,delivered,27-07-2017 09:24,27-07-2017 09:55,28-07-2017 20:07,08-08-2017 19:42,28-08-2017 00:00
4137fd6f4e14b76a3a0c9ad52bcd5e8e,68746de895faae694d07cc9dd9c78f7e,delivered,15-12-2017 13:09,15-12-2017 13:19,18-12-2017 16:07,28-12-2017 10:05,11-01-2018 00:00
ad807dc9b0ee5724709ced19ab71525a,16833ba7e54ba221e63cac5d9c78509a,delivered,21-06-2017 09:02,22-06-2017 02:30,22-06-2017 16:12,27-06-2017 14:56,12-07-2017 00:00
8d7b414446f4195d6aeb04abfcdfc86e,9a91c8c5ff3cbd56c19478dae95a412c,delivered,25-03-2018 20:34,27-03-2018 03:35,28-03-2018 22:36,12-04-2018 10:14,19-04-2018 00:00
9a6fd2478f561404120cecc289ea20a0,bfb1667cc8be7009f45c56b62f6009a6,delivered,10-07-2018 18:01,10-07-2018 20:30,16-07-2018 13:41,20-07-2018 20:06,03-08-2018 00:00
cc35448ebfa45049a22c185b46a7a46c,b88ae0903637e97b847d4dbf387ded51,delivered,23-03-2018 22:48,23-03-2018 23:08,29-03-2018 00:45,29-03-2018 17:21,05-04-2018 00:00
ef45f5b9b9146357bf702bb363b16899,5d1ac35d928dd8d9f9d1418aba5f4579,delivered,09-04-2017 19:56,09-04-2017 20:05,10-04-2017 07:49,17-04-2017 15:46,04-05-2017 00:00
c239944e346dc1fde937d68eaaf858ac,06c6202200ef99b1568c228c9e373abc,delivered,23-05-2017 11:54,23-05-2017 13:05,23-05-2017 15:25,05-06-2017 15:15,27-06-2017 00:00
6e93ed2e3c661536678cba89556cfc2e,1f13690f8784fa3cc097df70fc11827a,delivered,22-04-2017 09:37,25-04-2017 07:55,02-05-2017 15:14,11-05-2017 16:25,17-05-2017 00:00
8929dd94b6e68f8d1c3258d5fe4700e7,451a995ba5dc2665a4524890b7962f91,delivered,18-01-2018 02:11,18-01-2018 02:30,19-01-2018 16:42,30-01-2018 19:19,19-02-2018 00:00
7d923e68a94ad8d7a6f8e5041a147c17,46939ab7bca9dc469adc0c86acaa1082,delivered,25-01-2018 21:36,25-01-2018 21:51,26-01-2018 20:43,29-01-2018 15:48,09-02-2018 00:00
778101005371670bde7d9138e9203140,a04277988beb05911a7c9bbc5592136e,delivered,27-04-2018 20:41,27-04-2018 20:55,02-05-2018 13:44,03-05-2018 18:32,16-05-2018 00:00
fd7cce4167ef9737169204f0e7449b83,0eeb4f0372ef95b3a1ee7c278e2788c5,delivered,19-11-2017 13:57,20-11-2017 14:06,21-11-2017 20:17,22-11-2017 20:18,01-12-2017 00:00
323b3a9ecc47294402658286cce4f37f,27e09361aa7ba406bdabbee77fd5f4ee,delivered,18-06-2018 17:35,18-06-2018 18:02,19-06-2018 13:59,25-06-2018 21:04,11-07-2018 00:00
cb0bbf1c3c3c44727e7374c8ec944154,450a308ac9087c11e52bce959ef00335,delivered,27-04-2018 21:36,28-04-2018 02:35,02-05-2018 13:36,08-05-2018 17:35,15-05-2018 00:00
5a892744c3b95e66967667046d882541,b15488ccab328d7d8590c7a18f1390c9,delivered,08-04-2018 19:22,08-04-2018 19:30,10-04-2018 20:56,13-04-2018 22:41,30-04-2018 00:00
5accb23a030458bbfb5eb669903f05b7,e643215d64e8d8f969804bfdc98e50f1,delivered,24-09-2017 14:47,25-09-2017 14:51,26-09-2017 20:22,09-10-2017 20:03,20-10-2017 00:00
f161009fa560294248d76cf02ea7443f,c29b9637c3f255eb4b91e01a1f905f60,delivered,20-09-2017 16:58,22-09-2017 04:32,25-09-2017 13:02,03-10-2017 21:13,18-10-2017 00:00
3a69cf7fb9acd41b2781253402540b9b,766f1f01fc8ad721bd4c72207ed2fe08,delivered,25-04-2017 11:30,25-04-2017 11:45,28-04-2017 13:37,08-05-2017 13:39,26-05-2017 00:00
1df82016cb6fab694280ee06f74c65ae,a3409055c739fa7940d866b617b4c55d,delivered,28-09-2017 23:06,28-09-2017 23:25,29-09-2017 15:28,04-10-2017 18:46,20-10-2017 00:00
1d85312d372335db21f7f178c2325c6c,9fa1306390b435305462a28f708c783b,delivered,23-07-2018 17:03,23-07-2018 17:25,24-07-2018 12:05,26-07-2018 19:14,07-08-2018 00:00
4c217e3cc24f803307dea7d619377def,957d0f71c1ae9335c366d1db03ecf188,delivered,13-08-2018 18:03,14-08-2018 04:45,14-08-2018 12:55,26-08-2018 12:58,25-09-2018 00:00
8964e929ea610b2c2b98e3c4d1bb86d8,16fdfe3c4f948f802baee3f32d1f99fe,delivered,12-02-2017 13:12,12-02-2017 13:22,13-02-2017 12:28,23-02-2017 10:51,14-03-2017 00:00
b7579d24f5b2dd3e20f2e57d0e07d170,76cff9a9995b25f21d51697f49f87652,delivered,21-04-2017 17:49,24-04-2017 15:02,27-04-2017 12:31,25-05-2017 16:54,11-05-2017 00:00
945cebd7f0d6886e7971663839507ec4,c69e9b9095b1491d57aed0483eb1b9e6,delivered,06-12-2017 13:07,06-12-2017 13:14,07-12-2017 18:09,18-12-2017 21:09,29-12-2017 00:00
f222b3fc537088809c0a227ebac8c7ab,59cf4c327aa95805d5ad82925bdb430f,delivered,26-08-2017 15:49,26-08-2017 16:04,28-08-2017 15:35,31-08-2017 16:43,14-09-2017 00:00
74a243809fa8841223db188cbcc488ab,6d8642f4096c5670ea62758a8c921a7f,delivered,10-01-2018 11:22,10-01-2018 11:33,15-01-2018 16:24,07-02-2018 14:13,21-02-2018 00:00
a69ddc335f989aa05576bc19f8b9a549,4b2c1822404badb9d24841b907cf9afe,delivered,18-01-2018 15:46,20-01-2018 09:09,15-02-2018 21:39,18-04-2018 15:41,29-03-2018 00:00
78a192ee84633d7c3a125c57c6e4d970,37ace61b03edce757da03dddbb3edac2,delivered,22-10-2017 17:28,22-10-2017 18:06,24-10-2017 18:52,27-10-2017 18:46,09-11-2017 00:00
c00d54903f6f9af108ff7b371a2999e6,0b07568bfcc48faa6a88e17970605a31,delivered,07-05-2018 21:51,07-05-2018 22:11,08-05-2018 12:02,15-05-2018 16:13,05-06-2018 00:00
c2fe713d93a9f489de49d6a79eb7f45c,196052c199e9dd6d68c99780c0a38e77,delivered,24-04-2018 01:39,24-04-2018 18:30,24-04-2018 22:42,10-05-2018 01:03,16-05-2018 00:00
a5c81bfe0a74d9a415cff0ed027f468d,0e79189ae07ae153e49329776b5e9304,delivered,30-05-2017 20:44,30-05-2017 20:55,31-05-2017 11:43,06-06-2017 12:22,26-06-2017 00:00
7d0c53f67b84e94a751d09f03fe58e99,72c990123f7cab26cd90a4e62025dd77,delivered,02-08-2018 20:27,02-08-2018 20:44,06-08-2018 14:24,09-08-2018 13:34,30-08-2018 00:00
7cb67275a494651008ed5b1f0353ddce,84c705277cb95c7f347ada3ce5f1bbd9,delivered,30-06-2018 12:14,05-07-2018 16:27,03-07-2018 10:18,11-07-2018 14:52,01-08-2018 00:00
6c5727658a49990433c383e058dd39e4,f7ecb130fa478f9f5bee1b9a55293db4,delivered,19-05-2017 22:46,19-05-2017 23:03,26-05-2017 11:15,29-05-2017 14:37,01-06-2017 00:00
d7902cb5d7fd1f143aff7375644c6d7a,97aefdbdbd4827e77ef2b1c3bb50d60a,delivered,01-09-2017 13:39,01-09-2017 13:50,06-09-2017 18:42,26-09-2017 20:18,04-10-2017 00:00
6ba74355a0bd6d93ae590f6d510958b8,4183a12bf979a9f05ebaf0c45eef6120,delivered,12-06-2018 13:09,12-06-2018 13:43,14-06-2018 13:47,22-06-2018 15:39,16-07-2018 00:00
c97623da13aeaddc6de228746da872bb,65acdabe561c40175647855bd9c61d07,delivered,29-12-2017 11:02,29-12-2017 11:10,02-01-2018 23:42,04-01-2018 20:19,18-01-2018 00:00
784b0448b2075a95afcf2a55310b7238,4d5110d0a2b5239cb983610da1d18774,delivered,16-05-2018 20:57,18-05-2018 01:35,18-05-2018 12:06,01-06-2018 20:14,24-05-2018 00:00
2dc8ae13ff86f4dcefb60ddfbaf43df8,20e9296ee6e31e906dd832d82eed92ba,delivered,24-04-2017 22:09,24-04-2017 22:22,27-04-2017 11:09,04-05-2017 13:34,19-05-2017 00:00
82ddf38783ac58b33eb4a6e617f85a22,080dfe3c493444a1fe042b4668e4b01d,delivered,05-07-2017 13:08,05-07-2017 17:42,06-07-2017 15:17,13-07-2017 23:41,27-07-2017 00:00
21ad66a2631bea1c9b697b500c20f1c1,055e90449730145d8428d60bf4914154,delivered,30-04-2018 16:02,01-05-2018 02:38,02-05-2018 13:44,03-05-2018 20:21,16-05-2018 00:00
44a10a741d51010c1440fc7337b5ff6e,08185246997b160bfdc98c4804abae71,delivered,10-02-2018 09:25,10-02-2018 09:35,15-02-2018 17:23,22-02-2018 22:04,07-03-2018 00:00
e35b67f3b9778766f35d9d6e11af1761,df9c907a19d1c599e071af85fcb04f92,delivered,03-04-2018 22:54,03-04-2018 23:10,07-04-2018 01:18,10-04-2018 16:20,25-04-2018 00:00
6af5d730993da615e313627e0ac37f87,f48205601396f53905f1d9e5370f621e,delivered,07-05-2018 14:33,07-05-2018 16:33,09-05-2018 06:46,14-05-2018 17:14,25-05-2018 00:00
741be6dc102de903336e1a6acb2c44e8,69ac5f3d593857624021f06cabfa584e,delivered,19-02-2018 17:46,21-02-2018 06:10,21-02-2018 19:22,27-02-2018 18:48,19-03-2018 00:00
3082c654714ec45c9d03de5aa2dacc2a,746ff2815fdfb80b91a40ff562c7ad96,delivered,26-11-2017 01:05,26-11-2017 01:16,28-11-2017 19:52,29-11-2017 16:52,11-12-2017 00:00
531adaed1a1981c1cf381bbf3a4a3895,732bfc93800b812e36e9df56ba1c376c,delivered,08-06-2017 17:30,08-06-2017 19:20,09-06-2017 13:42,19-06-2017 20:19,07-07-2017 00:00
31dccf9e7042d47f0c7e77a6952d9ec6,3b235f2d5d4e9a29456aaeeb65a4b8ae,delivered,15-07-2018 11:31,17-07-2018 04:31,17-07-2018 13:41,20-07-2018 17:14,30-07-2018 00:00
0d4628fecf8a76472ac1da3ebef92072,e4800add327af5e8c4c04f377fb1779a,delivered,23-12-2017 16:45,23-12-2017 16:55,26-12-2017 23:13,09-01-2018 21:52,14-02-2018 00:00
80509330a373b52445d3c8622c3fb9b6,99b27fd81ccca7419e44f9a0563af9e7,delivered,01-09-2017 08:56,05-09-2017 04:10,09-09-2017 13:23,18-09-2017 20:40,22-09-2017 00:00
251290bd4ffaeb9e5e29158f3ea21c93,663bf83c0a98f8f2262f24b8f42752e3,delivered,10-06-2018 22:27,10-06-2018 22:57,15-06-2018 13:56,26-06-2018 11:34,12-07-2018 00:00
caa157284ffa71411abb3f7b94102de5,b73fa7b0e7d0ff662fdcb964eb2bb4b2,delivered,06-08-2017 21:38,06-08-2017 21:50,08-08-2017 13:10,14-08-2017 19:23,30-08-2017 00:00
9f57815d406a0864b852f229ee3aadff,ef9b1a2e4cecb4ca7dccd1e3ee8400fa,delivered,03-10-2017 13:21,03-10-2017 13:35,05-10-2017 21:36,09-10-2017 17:44,19-10-2017 00:00
fd3dec101097b7fd62ae62c0e627f70a,8c2f13c6e90063bd06a0f8279a3cc39e,delivered,25-11-2017 14:25,25-11-2017 14:34,27-11-2017 16:55,14-12-2017 22:52,18-12-2017 00:00
0c00bf3feaaced2a198154419c788fc5,a4f809d1f8681ff7b4c03a3294528963,delivered,20-03-2017 17:15,20-03-2017 17:15,31-03-2017 19:34,04-04-2017 15:49,18-04-2017 00:00
d2c902f172e80f22126d53d9ff7871b2,8a320a211ebebf7ce02c6a514f0aaeac,delivered,03-07-2018 20:52,05-07-2018 16:33,05-07-2018 13:14,06-07-2018 18:12,17-07-2018 00:00
c3a6dc9afef5794ea4a867b5a18e0ad1,0c305f688ce08dc9402a2164fd6f29d6,invoiced,25-11-2017 14:10,25-11-2017 17:32,,,19-12-2017 00:00
a79648ef5e1a257af5fde4c5f27040da,eb7d32b871d7e1d8f3dcce1aa4e095bd,delivered,21-09-2017 19:05,21-09-2017 19:24,22-09-2017 19:14,16-10-2017 18:17,17-10-2017 00:00
4cd02e8d4d592a91c4c7c1eac9fb7660,3b6a37d37f885df51402d44154c76bd0,delivered,27-11-2017 18:30,27-11-2017 19:03,28-11-2017 21:27,10-12-2017 16:42,15-12-2017 00:00
b41ff7b4b8380f9addca6c2db2b32594,4c0114d21b16e87469727d9e1f595074,delivered,15-08-2018 00:46,15-08-2018 00:55,15-08-2018 13:59,20-08-2018 17:51,24-08-2018 00:00
0e5120f3452260c976eae23edd2d5a0a,b7cc0d4e8c0ef697cfd7d12d18d04c88,delivered,21-02-2017 04:13,22-02-2017 03:22,23-02-2017 10:22,02-03-2017 12:14,20-03-2017 00:00
da00b2d19ef7893d6d963f973b629fe4,536b1df32316c329518b521111cf5496,delivered,03-01-2018 16:59,03-01-2018 17:11,05-01-2018 00:12,10-01-2018 14:20,19-01-2018 00:00
709d84dbb63f2afaaf2a48f69b56caa2,ab5babb0f97874afc275d813e711803c,delivered,04-08-2017 18:26,08-08-2017 03:55,14-08-2017 15:58,16-08-2017 17:34,17-08-2017 00:00
fdd4a2c5c0d42678df8d78ec3af7d314,575a71542cb997454c1c4027271f8960,delivered,26-07-2017 19:44,26-07-2017 19:55,01-08-2017 18:27,03-08-2017 19:07,17-08-2017 00:00
b727342259c06ae7d97115cb632073bb,c74e5dcd997cf60c03687a48e7af8492,delivered,12-05-2018 01:04,12-05-2018 01:35,15-05-2018 15:06,21-05-2018 19:42,04-06-2018 00:00
89451210b2cc4272b890f6f79cd9f065,6a53479026877bec7081573c4fb9489f,delivered,13-01-2018 14:57,13-01-2018 15:09,15-01-2018 15:46,08-02-2018 18:34,15-02-2018 00:00
bda31774eda0320ee68c33da94027e4d,15b7fb20d8805996eca064ddedb843c6,delivered,23-01-2017 18:34,24-01-2017 18:42,27-01-2017 14:20,03-02-2017 08:37,28-02-2017 00:00
c64988ee72ec569d6465ac91526672a4,6dd7106231347cf1197b48cfac1db9a1,delivered,22-10-2017 13:59,22-10-2017 14:14,23-10-2017 20:29,04-11-2017 00:24,17-11-2017 00:00
3f8ef8494797fd747668dde5870c1a76,b3b7a79be761431b60e2945100e694cb,delivered,11-12-2017 19:56,11-12-2017 20:11,12-12-2017 19:03,21-12-2017 19:29,05-01-2018 00:00
377627ea55b004e8d55a2af17ba3c0e1,3f0bd16414d5fee5cb1d19769c3c825e,delivered,20-05-2018 13:52,20-05-2018 14:18,21-05-2018 13:12,22-05-2018 14:56,29-05-2018 00:00
06aea78197dd41a649372acb8dbc33fb,71982df42edbf42a7d4bcd238f007214,delivered,03-10-2017 10:00,03-10-2017 10:14,06-10-2017 13:59,13-10-2017 21:49,27-10-2017 00:00
1e9ea7d5f669d780b187f487a03c3f7b,f7b0cc4e42b4ccf20819cbba292745be,delivered,12-11-2017 23:36,12-11-2017 23:50,16-11-2017 18:33,23-11-2017 18:43,27-11-2017 00:00
8f723b9103b44257ac35a1e9b9e49fbf,301c043a32bc18bf8180bfa2e254180b,delivered,13-08-2018 10:55,13-08-2018 11:05,17-08-2018 06:26,21-08-2018 14:57,04-09-2018 00:00
e5c7db6481f467875bd4d52357a8f8a1,b60a568698ca321102eee61a276055ef,delivered,26-02-2018 14:18,26-02-2018 14:35,12-03-2018 21:33,04-04-2018 21:29,23-03-2018 00:00
8b2a0ec9c603b19e5b32deaea59ec02c,c2f2e9910c65287d903244f1a3e4472e,delivered,17-07-2017 22:51,18-07-2017 00:30,26-07-2017 17:59,31-07-2017 18:09,14-08-2017 00:00
3d47aacc4c27ad170b1004695eb0c359,959d795bc3b33ca52a761718ec8f9135,delivered,30-07-2018 21:31,01-08-2018 16:31,31-07-2018 12:29,09-08-2018 16:08,06-09-2018 00:00
9c104b0d2f584506ce7b30bab9d2dd95,6483e3c6cd89ff69fc3ee541622a2432,delivered,24-11-2017 23:51,28-11-2017 03:21,08-12-2017 21:44,19-12-2017 17:38,18-12-2017 00:00
c3c9936a34e4665a38df40a466a463ec,5e8c08d41152861ebc1e757948ac1d49,delivered,13-07-2018 22:19,13-07-2018 22:30,17-07-2018 13:58,20-07-2018 19:18,31-07-2018 00:00
776e5572d4969b8fa5b72b0fde398f6f,a0b5cdd54fb202fb47805688f4577c8f,delivered,28-06-2018 23:20,28-06-2018 23:35,29-06-2018 13:52,30-06-2018 16:06,12-07-2018 00:00
129832042bc2898155b5ebf3b2058585,ea58700bf1ac6fda590a7f01242c2bfc,delivered,15-08-2018 19:50,16-08-2018 10:25,17-08-2018 17:25,22-08-2018 23:58,29-08-2018 00:00
08dfcccb31a3a2b6f527d245ebd3310b,1fe914be3f4027b4b54be92fdb3438f7,delivered,03-10-2017 09:53,03-10-2017 10:07,04-10-2017 16:30,18-10-2017 20:27,30-10-2017 00:00
246d4a086a57d88a0e438c83cb44b94e,1caacc78626d0863daa8aff89de93bb0,delivered,14-05-2018 23:18,16-05-2018 02:54,24-05-2018 13:47,21-06-2018 23:46,27-06-2018 00:00
4059a20ed837ba80adc17e94bf2f852f,5ad589ec5a8cc1bdbac761dfda386ff9,delivered,31-01-2018 10:51,31-01-2018 14:03,01-02-2018 19:05,08-02-2018 22:23,26-02-2018 00:00
be6bc4cdcfc38b102553d294d1ba4725,ba3f81b4928e851009ff39ebeddd520e,delivered,25-06-2018 12:35,25-06-2018 12:54,25-06-2018 17:49,26-06-2018 13:35,16-07-2018 00:00
611e352f93ae51674ed15e44ec53f99e,20e642183661bc171e3bbaf3e6098d91,delivered,26-01-2018 21:27,30-01-2018 04:31,30-01-2018 19:28,15-02-2018 17:23,20-02-2018 00:00
89748efed53e1564874c18426bd038c8,1bb6d37f5965011ccde1cd4a42e20917,delivered,04-08-2017 12:44,04-08-2017 13:03,04-08-2017 18:13,11-08-2017 17:53,28-08-2017 00:00
a1031a3fcd990edb954ba03274a2c39d,21cfe8ae0bbbc0853ed7b1532f3dd7ea,delivered,07-02-2017 17:03,07-02-2017 17:15,09-02-2017 09:19,13-02-2017 11:21,10-03-2017 00:00
98fe01bc254b759c1f2c11d77c2891d5,30f3b26a06e5a67682305298f83e6be3,unavailable,17-10-2017 18:34,18-10-2017 18:37,,,24-11-2017 00:00
42752f96b7094cee19928f7b4317d7c9,b65f218608d7b053eb117b493cd80780,delivered,18-12-2017 21:00,19-12-2017 09:16,19-12-2017 19:25,08-01-2018 18:25,18-01-2018 00:00
7db7b9cedc55070de0647ef4ca386efa,ee2ae4200c019e2d79caa3433262d63b,delivered,18-02-2018 18:19,19-02-2018 19:07,21-02-2018 18:38,26-02-2018 19:08,09-03-2018 00:00
542e3cb5f8f6657a8822ad52a57552ed,52e6f8d0061d8cd1f500952398e1c8ca,delivered,18-06-2018 14:42,19-06-2018 03:57,19-06-2018 12:34,26-06-2018 12:06,17-07-2018 00:00
3568894fa3afedc367d3a4816983dceb,bfbe1fd99d9d53a58d06966a0f4eb5de,delivered,24-01-2017 15:59,25-01-2017 02:42,27-01-2017 07:05,09-02-2017 06:28,01-03-2017 00:00
e4992b3b826ff19edba39e9a4d9dae26,7ac99a97fd540a8add7900eec14ecc2b,delivered,18-07-2018 21:37,18-07-2018 21:50,25-07-2018 12:20,08-08-2018 05:46,30-08-2018 00:00
8fa3ca81ea5bfd6524490d91832821b1,42a161720667afb9998d609863391870,delivered,27-10-2017 11:58,28-10-2017 07:06,30-10-2017 23:38,07-11-2017 17:49,10-11-2017 00:00
6b654c2dc2e7c610cb22c325fb723057,5239179f060acba3aae48fdc19d479ea,delivered,04-07-2018 10:15,05-07-2018 16:09,05-07-2018 12:30,14-07-2018 14:28,17-07-2018 00:00
b067f7c5967819ff5e1cff8bd3814a6d,c87654c6c5492c2615a6c135b017bccb,delivered,07-08-2018 16:16,09-08-2018 03:44,13-08-2018 14:50,15-08-2018 15:19,22-08-2018 00:00
7cf158d0e4744ba4ce58e5a9be631f7e,8558227007218197a4d8ac26e41ab22f,delivered,13-01-2018 09:31,13-01-2018 09:38,19-01-2018 15:23,08-02-2018 02:23,19-02-2018 00:00
d231fd01d6c8e36e503f1a7f8a9734ea,643806a497cd1633636c26f70c58e63d,delivered,17-06-2018 11:57,17-06-2018 12:19,19-06-2018 11:55,20-06-2018 15:11,29-06-2018 00:00
485c8e15ad0c30dc2d7aaf0165572c19,7a53f98dd19fa1493d14741d38ef87b2,delivered,11-05-2018 10:49,11-05-2018 21:10,12-05-2018 09:03,21-05-2018 17:27,11-06-2018 00:00
e1c7f4633671b4409b11c0779ecddff2,743997967809a38986c47efc0467d830,delivered,20-05-2018 03:28,20-05-2018 08:31,22-05-2018 09:37,01-06-2018 19:47,13-06-2018 00:00
b682fc4ea655d9de9cd962462e16e738,99c336ab501ab1c1e70ad4e668e3442e,delivered,03-08-2017 10:20,05-08-2017 02:55,09-08-2017 15:30,28-08-2017 11:06,23-08-2017 00:00
52324f390c9414a6c6b4a2f1b24964b4,5a9dae6565b54b1a39d035684739bb91,delivered,03-08-2017 13:00,04-08-2017 02:15,04-08-2017 19:52,11-08-2017 19:24,06-09-2017 00:00
b239ca7cd485940b31882363b52e6674,e9b0d0eb3015ef1c9ce6cf5b9dcbee9f,delivered,29-07-2018 08:39,30-07-2018 08:15,30-07-2018 11:33,31-07-2018 23:03,07-08-2018 00:00
87aad20d78d6e8072e6c80fe93a0931e,b9623982c4bd3fe52dd641612848e535,delivered,26-03-2018 19:42,26-03-2018 19:50,27-03-2018 23:42,03-04-2018 02:07,24-04-2018 00:00
2eb5ba20812f78127f6243fa27fb40e5,d5420a7dc4c5c1f95b7912368419f59f,canceled,29-05-2017 18:10,31-05-2017 07:02,,,20-06-2017 00:00
3fb155b4897652f5cdf1b5efff32a465,ab5a1016ed934dc4b18977cea536f65a,delivered,30-11-2017 10:15,30-11-2017 10:32,01-12-2017 22:57,14-12-2017 17:58,05-01-2018 00:00
b760ac65b36c9bbc913c2dd94131faf3,686ce156cefdae2f46a1b7917d96ef18,delivered,04-12-2017 11:57,04-12-2017 16:31,05-12-2017 20:55,11-12-2017 15:58,27-12-2017 00:00
624076d477f2670d9f41fd6f70390ec1,43e97a6a073accd257af8dfb5af2fc83,delivered,24-11-2017 15:59,24-11-2017 19:38,27-11-2017 17:29,07-12-2017 14:58,28-12-2017 00:00
86fd04412b2f1ed2c2e1a4ac3e3eb7e8,d71d5b39b7dfa38ca1beb3f5401ea668,delivered,27-04-2018 14:22,28-04-2018 14:15,30-04-2018 13:14,04-05-2018 20:46,25-05-2018 00:00
440b1d08fad401242f385a54ae6f0d33,4b89a252c0603079a05bc1fccacd5a52,delivered,18-02-2018 19:22,18-02-2018 20:26,19-02-2018 20:59,27-02-2018 17:05,09-03-2018 00:00
810c5451b24e7565d14608ed85dd3624,507f4a747b0dabc6ab5d6806bb70759b,delivered,10-09-2017 17:57,10-09-2017 20:33,11-09-2017 21:23,18-09-2017 22:53,04-10-2017 00:00
489b4af31f96f42648f0c0636a51b289,e49282ae3ee47bc3b2e30025544b25f5,delivered,09-02-2018 21:13,09-02-2018 21:29,14-02-2018 20:05,18-02-2018 13:58,23-02-2018 00:00
31663706a4dce48b09b134795a339baf,6669053672dc47efcec868e07443ee37,delivered,16-06-2018 20:30,19-06-2018 03:57,19-06-2018 15:06,25-06-2018 22:54,16-07-2018 00:00
fd190164f3696146e8a668324f90edc0,6c4578ce47ec34cc93da19ac6e3f8534,delivered,01-06-2017 10:42,01-06-2017 10:55,01-06-2017 14:18,19-06-2017 15:04,22-06-2017 00:00
f56dc9034c3962e36d49fb73baa12800,5c4795c07c0bd317adaf7406327bbfa9,unavailable,10-08-2017 22:20,12-08-2017 02:09,,,14-09-2017 00:00
6e60346a3ee3876c1e4bc89c597ffcb8,2231986257f0ec3bf5abbc49d3320e9b,delivered,07-05-2018 00:45,07-05-2018 15:13,07-05-2018 14:52,15-05-2018 13:12,01-06-2018 00:00
b9a970bee0ad1aab9d4f291280670f78,c99932b765fc1b7a1c5a4c3f996f6f1d,delivered,04-06-2018 11:52,04-06-2018 12:10,12-06-2018 12:03,15-06-2018 13:42,23-07-2018 00:00
4afa896b00f5e0ed1bb02ca2e8329392,8694a671c2d494062387f869f450b192,delivered,26-07-2018 16:55,27-07-2018 09:10,31-07-2018 08:15,01-08-2018 19:38,09-08-2018 00:00
b77604241a9c04a66cf5b52681f78683,92b327fbdc38332751b832c28e013f58,delivered,10-05-2018 23:28,12-05-2018 03:15,15-05-2018 15:03,17-05-2018 01:14,24-05-2018 00:00
807d1d7f9ef2a3649f918a57fe2e2141,44dba573782d25dd9c85eeb29369ef88,delivered,31-01-2018 13:59,31-01-2018 14:13,01-02-2018 19:57,03-02-2018 11:58,16-02-2018 00:00
a7881f54a20f4f7547971f089438b078,735fb1ee87aa26987bc7e2416b167054,delivered,22-03-2017 10:35,24-03-2017 01:31,27-03-2017 13:26,30-03-2017 15:07,18-04-2017 00:00
b67a8588504e07ca0dca52eaa72a1829,a0785cc747d7c90762ca245c1cad20f2,delivered,01-04-2018 22:42,01-04-2018 22:50,05-04-2018 11:46,06-04-2018 19:12,12-04-2018 00:00
77161b77ce9e78961c94e6910f7b272a,061ec581de52487b1e96c24df4a70527,delivered,16-03-2017 17:11,16-03-2017 17:11,17-03-2017 07:38,22-03-2017 09:48,07-04-2017 00:00
00a77f9cc25b05b2004752593d7b8888,acb6cc6ec99086b8b53c858a0731c189,delivered,22-06-2017 19:53,22-06-2017 20:05,23-06-2017 12:33,07-07-2017 21:45,14-07-2017 00:00
43e99f3020b420b8aff15449ff4f7561,9a480b9c9decf04f8d95b4da30cc6141,delivered,10-04-2018 21:19,10-04-2018 21:35,24-04-2018 22:44,14-05-2018 17:51,07-05-2018 00:00
7352751ee1a007ee671e79e6b50dd809,b270bfbd3d8c070f36f1c9c885280e31,delivered,08-12-2017 14:33,08-12-2017 14:49,08-12-2017 23:13,09-12-2017 20:38,27-12-2017 00:00
e2ecc8a06aa292e6cf6f88f2826dd141,cac877e3b4e0495e13b2ad7c96aa5c11,delivered,23-09-2017 18:20,23-09-2017 18:44,25-09-2017 15:13,29-09-2017 14:35,11-10-2017 00:00
e86c9bfc5e5cce878c7d0c2419927cd7,02036d14d9326c01a123bd83626d48c0,delivered,13-03-2018 19:10,13-03-2018 19:29,14-03-2018 21:56,23-04-2018 19:20,13-04-2018 00:00
5a12cbb810a82e746a59a96625577a49,d95cf58956340c9cf5e4103e8d68157a,delivered,23-02-2017 22:03,23-02-2017 22:15,01-03-2017 19:51,07-03-2017 14:04,22-03-2017 00:00
61fca91868781e2844bebf0ba3129950,0299a3ec7aac3a18ea88cfa6cf8a74f5,delivered,04-03-2018 13:53,04-03-2018 14:08,05-03-2018 20:05,12-03-2018 14:05,09-04-2018 00:00
40db493fa22b26e65d2677bcc2c67344,25d2682aded06ed8da43cd4993ea3ec3,delivered,03-08-2018 20:43,03-08-2018 21:04,16-08-2018 09:33,24-08-2018 18:18,29-08-2018 00:00
f9c684af08dd580ce166558cc3c7d8ad,2fb2352bb92085869dbc2c73f802d07f,delivered,19-05-2018 17:34,19-05-2018 17:51,22-05-2018 06:01,24-05-2018 15:22,06-06-2018 00:00
6c2c28420cb6865ced69f6c260c27c24,f2b049ff24281feb3783cdc603ce75e8,delivered,11-04-2018 15:12,11-04-2018 16:51,12-04-2018 21:46,13-04-2018 13:34,27-04-2018 00:00
28e2f8073d78153ccf2053de91fc4db3,3c9c19f5250586bad6497c1beb04253c,delivered,22-04-2018 22:20,24-04-2018 19:05,26-04-2018 13:19,30-04-2018 18:56,16-05-2018 00:00
7c36932e3667e570c35752d13bbca443,376a23a2a549f521ceb336b0230b00eb,delivered,30-07-2018 18:54,31-07-2018 18:31,02-08-2018 15:41,08-08-2018 00:40,28-08-2018 00:00
6933367fed43572e9c92d801392b1e65,70a4e6115d9256bcf1fcef49250afa85,delivered,07-08-2017 09:25,08-08-2017 04:04,08-08-2017 19:42,24-08-2017 14:43,11-09-2017 00:00
493ee0d11061d1869586da75f46e78d1,062184594d2f701642d78351528e8592,delivered,26-03-2018 14:48,28-03-2018 02:47,28-03-2018 17:56,05-04-2018 14:06,17-04-2018 00:00
4030d047c111d2d8a990c6ccfd9e4081,571801f07099892d51d446575f25c857,delivered,14-06-2017 17:34,15-06-2017 03:10,16-06-2017 14:16,26-06-2017 14:27,07-07-2017 00:00
9ad6e11f3fe1f15641598b35cdef8849,1efefe2921f93169b360de8c6830c48f,delivered,20-02-2018 17:20,20-02-2018 17:35,24-02-2018 00:08,05-03-2018 23:13,13-03-2018 00:00
8f2c9e626786d2b5337f8dd444ddb79b,98a505463599ce446e333940e305e756,delivered,03-08-2017 15:46,05-08-2017 03:03,07-08-2017 15:06,14-08-2017 19:54,29-08-2017 00:00
693868f7e2e4ec2b5d0f1f35daee6917,a8dac1629e61a7b49a0cebd4ead70549,delivered,31-01-2018 11:48,31-01-2018 14:21,31-01-2018 23:42,16-02-2018 21:21,26-02-2018 00:00
4b81239fe83a49acf69014a6819d45f7,45b660ceff4b3fb644ed71cec139a81b,delivered,15-08-2018 21:36,15-08-2018 21:50,17-08-2018 13:21,29-08-2018 01:24,03-09-2018 00:00
cce9265db762ed6a292410cee5e5369b,7638f8b6a8a21e1256bfd5ceedc91a17,delivered,13-09-2017 11:14,13-09-2017 11:25,13-09-2017 19:48,19-09-2017 18:13,04-10-2017 00:00
36de74432623754a27b12d81c299f10b,3fc9ec2feb5971b0f7b8576581143b98,delivered,13-06-2018 09:58,13-06-2018 10:21,13-06-2018 14:16,18-06-2018 18:51,05-07-2018 00:00
20febe29f23cdee32db9532860db7341,9c242b314a3640d13a97aac4e172f966,delivered,27-07-2018 23:38,31-07-2018 03:55,01-08-2018 13:51,08-08-2018 00:08,15-08-2018 00:00
0bf1392e4d1b5bb968191f48c30e5628,b8ec04c8a20aa6136b207e84ec12593f,delivered,26-11-2017 15:50,28-11-2017 16:03,29-11-2017 20:22,15-12-2017 16:32,15-12-2017 00:00
1cfd2c6aa7a28ece5d2b6761de6a571f,a83f8e4b9176a5b958f7301342e32e59,delivered,23-01-2018 17:33,23-01-2018 18:07,26-01-2018 18:13,07-02-2018 22:15,23-02-2018 00:00
4b3fd3a64d55a7c04cdb0ed9af1e3016,7f029a8a6978dea243e88bd230b0e5f7,delivered,27-07-2018 17:39,31-07-2018 04:31,31-07-2018 16:26,03-08-2018 17:22,31-08-2018 00:00
d1d4b9ca8be351af77736cab87df238e,a6ca4afebc562b754b8736ff2d5adf52,delivered,27-11-2017 20:39,27-11-2017 20:59,28-11-2017 16:48,01-12-2017 00:06,11-12-2017 00:00
e2be0c01adce5e35793cdc2970d774fc,45c97f9488b916f6b0c210556ee28286,delivered,19-07-2018 17:24,21-07-2018 03:10,24-07-2018 14:17,03-08-2018 21:42,13-08-2018 00:00
c2878b60d8e2a4ee3b463b81e9ddd8c1,e13a9c939f54c93a902868caeb1bfa59,delivered,14-06-2017 11:38,14-06-2017 11:55,16-06-2017 06:56,28-06-2017 14:32,11-07-2017 00:00
e1d6acaba6d1e84b8514575b9ef6fd71,5a0367f1c6acdbf73e18d97acc43df80,delivered,18-04-2018 20:54,18-04-2018 21:11,19-04-2018 19:21,02-05-2018 17:52,11-05-2018 00:00
c76b5689857b2dc863826762f8b07cd3,dd27328b5c29932ba47b1feba48d58b5,delivered,28-01-2018 18:30,30-01-2018 05:31,30-01-2018 23:21,16-02-2018 20:34,21-02-2018 00:00
a93a558f0f06c1f1e70e57f2928826a5,6c5b1cebac95ee786db6cf1b79411f64,delivered,23-11-2017 18:23,23-11-2017 18:55,29-11-2017 23:36,05-12-2017 00:56,07-12-2017 00:00
81d8e5d965001789e9f871f474afaad5,4f3e1edfa3261b15f51c59030d12847f,delivered,15-03-2018 18:28,15-03-2018 18:49,21-03-2018 22:14,23-03-2018 00:38,27-03-2018 00:00
ad44a0bda2bbb5a18a19f298832cd566,1fa0d617aaf00999f4cbc66bd28a3e66,delivered,09-08-2018 12:44,10-08-2018 03:25,10-08-2018 19:12,14-08-2018 23:18,15-08-2018 00:00
471d17c72b833d90af58cd4fc9bd5942,de9c02d5160d868e7f5949bb84e7593a,delivered,09-09-2017 03:24,12-09-2017 04:44,13-09-2017 12:13,15-09-2017 18:12,09-10-2017 00:00
f237e8ddc05a21386ec9441d40f8e09e,c5293253d2861ddfc7811223b6dcbfcc,delivered,09-02-2017 23:19,09-02-2017 23:30,13-02-2017 16:07,17-02-2017 13:58,08-03-2017 00:00
b08358fdbc23fa2201ce6b08be2dddb7,148dae217fb9d16e644ffc8c9f214432,delivered,27-12-2017 21:42,29-12-2017 02:08,02-01-2018 22:16,23-01-2018 18:23,16-01-2018 00:00
493bfa3afd1c7c384e300b4f4b511048,47d35d8232327cb512ac7b6b84305871,delivered,06-09-2017 12:51,06-09-2017 13:05,12-09-2017 16:29,23-09-2017 16:26,02-10-2017 00:00
6164d50a564536f9c8081d0358573bad,ff83b1b9ffb0f2f60273867bb26f671e,delivered,12-08-2018 22:52,12-08-2018 23:05,13-08-2018 15:19,14-08-2018 20:04,21-08-2018 00:00
3dbf60040199f502ec5dd67f86b804ab,62cf43d7c0b82fa2b6910138d7f4f14e,delivered,02-03-2017 11:20,02-03-2017 11:30,31-03-2017 15:12,13-04-2017 11:39,27-03-2017 00:00
670de6983a9948e0bd029dd7ea1210e0,02077904459251edd6b421b05fae711c,delivered,29-01-2018 17:02,29-01-2018 17:18,30-01-2018 19:37,07-02-2018 21:08,23-02-2018 00:00
1f02df2b80d060dfde8445dcb32f347e,7b6c535bcfb880d63f8e01d209ef180f,delivered,20-08-2018 20:30,20-08-2018 20:50,21-08-2018 12:18,27-08-2018 18:06,14-09-2018 00:00
0af28d87520565eb3b57c9b2abe1a2cc,0a209a88c2e3dc2981c79ad85c558059,delivered,05-10-2017 19:23,05-10-2017 20:28,06-10-2017 17:15,17-10-2017 20:58,06-11-2017 00:00
c2bf18efef73a92f7e23cdb8338c9413,18dd8dea5a8a50670bca1eed3164202b,delivered,18-01-2018 12:24,18-01-2018 12:37,19-01-2018 18:17,22-01-2018 21:48,02-02-2018 00:00
dbe267dee5dcb469508162440874551f,9cbea85941aeae8e6a33506e066a1913,delivered,12-01-2018 20:08,12-01-2018 20:16,15-01-2018 17:08,30-01-2018 21:21,14-02-2018 00:00
c3eb293fd154223498b6551a728203e8,1701ed88b1e8cb21051660d70d11d038,delivered,19-07-2018 14:06,19-07-2018 14:22,19-07-2018 13:49,24-07-2018 19:35,06-08-2018 00:00
2656fd6fdbfe33c6421cb390eef1a73b,683c56d8fb22ac87888587310311cf2c,delivered,02-09-2017 22:27,02-09-2017 22:35,04-09-2017 21:29,11-09-2017 20:41,25-09-2017 00:00
65b214a5e85949a6fcab64ff7e244426,1fcf3b848f9ca72b14d4ea76b2a4fe17,delivered,01-06-2017 21:09,01-06-2017 21:22,06-06-2017 08:45,30-06-2017 12:29,07-07-2017 00:00
16b0354e89f049afdd965c97e243dac6,ff891bcae7042cd5420f17811ab607d5,delivered,03-08-2018 21:33,03-08-2018 21:45,06-08-2018 16:34,10-08-2018 18:41,17-08-2018 00:00
7fa8751ea12ae88b7f25aecfa1f1e498,121ada84af097480e437f1a8c979f6a4,delivered,15-02-2017 09:41,17-02-2017 02:16,22-02-2017 14:21,01-03-2017 12:58,23-03-2017 00:00
6c30510910f5b4d215704b3b2b091161,b8872139767b713da5f6029f8b749ee4,delivered,31-07-2018 10:54,31-07-2018 11:30,31-07-2018 16:26,02-08-2018 18:18,07-08-2018 00:00
02608b91ec6070ff5fcd4b63dd964232,d5f23b6e251fdf6e84267303b9b84561,delivered,23-02-2018 14:59,23-02-2018 15:46,28-02-2018 19:04,01-03-2018 20:37,09-03-2018 00:00
190e8611451cfad038f032f548f44c12,c66b54f9bc3001f6550cec597c77f8fe,delivered,14-03-2017 16:12,14-03-2017 16:12,15-03-2017 09:38,27-03-2017 13:33,12-04-2017 00:00
6cadbcdea4da5368c7a801ce027f23f1,501c9cd7188003067cfbe04791e39d5b,delivered,19-06-2018 19:24,19-06-2018 19:36,20-06-2018 15:14,21-06-2018 17:11,29-06-2018 00:00
e6fc4ea08434b40ac98a0cb284e5a8eb,0809899bfc84b0bc917a8c279c5dbb5b,delivered,17-07-2018 18:36,17-07-2018 18:50,18-07-2018 07:52,23-07-2018 18:40,06-08-2018 00:00
fc0973ba8c96e67e0cfb458c1bac3a6a,95cca40cba8d9b592aa024f66b6ded35,delivered,09-02-2017 10:51,09-02-2017 11:03,24-02-2017 12:33,08-03-2017 17:59,10-03-2017 00:00
0d3528428e45b7c383b746222c715332,ee44d2be8e1662dc62aeadc5cc6b0965,delivered,02-01-2018 14:54,03-01-2018 04:37,04-01-2018 20:27,13-01-2018 00:19,26-01-2018 00:00
9dfbb7e30aa5cef397424ccd6e8edb36,fe5a1f08f1c468c24a9bbfa507678cca,delivered,14-12-2017 17:34,16-12-2017 02:51,16-12-2017 16:19,26-12-2017 21:54,09-01-2018 00:00
914e3f7135c8d9046278a046552ebb6e,078bfceb258f6ee262174cbf251aa763,shipped,11-04-2017 12:22,13-04-2017 02:42,13-04-2017 15:56,,16-05-2017 00:00
481f2db41ea6571226192db2b584fa6e,bae2e17717f1e6f357bbac0107dabfd6,delivered,26-01-2017 18:27,26-01-2017 19:00,06-02-2017 11:54,13-02-2017 13:34,22-02-2017 00:00
331d08be3644402c007ee13cf7e21533,da71cfb20c75ac5ca5fd0552932a6952,delivered,06-03-2018 14:57,07-03-2018 02:48,07-03-2018 19:48,08-03-2018 20:58,19-03-2018 00:00
96245f4488be31192a246b608e6deec4,fba3732f0dcc23e5c1be212d0c297f01,delivered,01-05-2018 19:45,03-05-2018 03:55,03-05-2018 15:53,11-05-2018 17:31,28-05-2018 00:00
30300815be5e1666c028d3c07e86f847,af7a3089208b3025628fce28d1d4576c,delivered,12-04-2018 21:42,13-04-2018 13:15,13-04-2018 22:22,24-04-2018 19:04,07-05-2018 00:00
9080ebdad2fcd9c48834d12a13059598,750a271fdcccf222476369e4340d7274,delivered,27-11-2017 15:56,29-11-2017 02:18,04-12-2017 23:54,11-12-2017 17:37,20-12-2017 00:00
03d842e44ef7cae41da34acb402983fa,68b7ff9f504488d359f5933200a0bacf,delivered,20-07-2018 10:46,20-07-2018 10:55,20-07-2018 14:21,27-07-2018 15:44,09-08-2018 00:00
7131224bb3afd2aa3e6b81ca40bd8e4a,6d17655475970195afeb70c1f2fa4b80,delivered,14-12-2017 10:19,14-12-2017 10:33,15-12-2017 17:59,17-12-2017 16:36,03-01-2018 00:00
01380d0df5b7dc8bd13f2266a57bd42c,c903ba1283fbd5c51a9bad4ec9fd8d97,delivered,17-04-2017 19:32,17-04-2017 19:45,18-04-2017 09:48,21-04-2017 11:24,08-05-2017 00:00
1594012ccc1b0770373ce691d697e5ae,e957d597f76d275f40a848397fb6c7c3,delivered,23-04-2018 19:05,24-04-2018 19:17,24-04-2018 12:48,27-04-2018 22:08,08-05-2018 00:00
02bee300cb834a5d334ae42fdc325e7a,9172f54a6e979ee28aaaada718189c9b,delivered,19-06-2018 17:51,19-06-2018 18:22,20-06-2018 14:07,21-06-2018 19:11,29-06-2018 00:00
8b669c19c5b4dda001b9c7e14c8b0ce7,aab5f71172c9d9ed6a13eab7abe2b1c2,delivered,15-06-2018 15:52,18-06-2018 10:33,19-06-2018 14:39,22-06-2018 00:27,28-06-2018 00:00
751410acff2d9dbfee9158ae8e21d6d6,3e0d49ed5998234cb45d06c5ed7bcdf7,delivered,10-03-2018 15:06,10-03-2018 15:48,19-03-2018 17:52,27-03-2018 20:32,12-04-2018 00:00
7a268da1c6173cf3d0847a89afdaf84e,293407b5065d8fd7fa7077179c1cca3b,delivered,23-07-2018 19:10,24-07-2018 10:31,24-07-2018 13:54,14-08-2018 17:21,10-08-2018 00:00
d5b0848c1878546fbebe673d1d679b83,300cbcf2f05d4b9e0c68b316a05c0057,delivered,24-04-2018 08:43,24-04-2018 17:35,25-04-2018 14:17,30-04-2018 18:15,14-05-2018 00:00
82a6ea37c0c3ed2f6fe3a6029adbc589,9997d3fac97d1dd96ce13a68158e84ce,delivered,20-03-2018 11:42,21-03-2018 11:35,21-03-2018 21:09,29-03-2018 23:04,18-04-2018 00:00
e2fd3a04faecd73308b8d940dc3ab303,27436e9495d5df1bcb0b2240182960d6,delivered,07-11-2017 12:48,08-11-2017 19:31,09-11-2017 15:52,20-11-2017 19:43,30-11-2017 00:00
c4641ce744fc935456a95bc0c628a43c,cd717f4d257d83f8fc1444f73167b8d6,delivered,27-06-2018 10:25,27-06-2018 11:06,28-06-2018 08:41,03-07-2018 20:24,23-07-2018 00:00
b8cd3107b41b1232ec5ccc2958000acf,e7958b1dac84719b0e9250e063421045,delivered,03-08-2017 12:26,03-08-2017 15:23,04-08-2017 18:54,25-08-2017 18:37,06-09-2017 00:00
0e44c0c94c728c1ff7a501f705dd0e24,0f02dbc254d79af01b858e657016eb22,delivered,03-08-2017 09:38,03-08-2017 09:50,04-08-2017 18:42,10-08-2017 19:28,25-08-2017 00:00
97c2627d2b03483506cc348366822516,09041c3c23930a8bc1fe230bbc1ed19e,delivered,30-03-2018 09:24,30-03-2018 10:10,04-04-2018 00:08,25-04-2018 01:05,27-04-2018 00:00
4a34aa679137ec3d1b3ad0c4c8b7a7e5,9dfc1bb87ef24d2ce198b900048195f0,delivered,16-03-2018 13:32,16-03-2018 13:49,19-03-2018 18:36,15-04-2018 21:04,10-04-2018 00:00
fbd089d5e60178e50dfa3b157adc9dd8,35de873c66b67f107ac2236632eb58cd,delivered,25-08-2017 16:11,25-08-2017 16:25,28-08-2017 15:03,29-08-2017 19:43,08-09-2017 00:00
bbfbe3c62a4a810fb97d10267acb5f10,3e2f1eaa74e606c93ef2847f45b71a84,delivered,24-03-2017 10:27,24-03-2017 10:35,29-03-2017 14:52,17-04-2017 15:12,24-04-2017 00:00
30fe274ae9909568c501af6539d4306f,16fbb85003b2c83ea0ff31ed5022b9eb,delivered,29-06-2018 15:09,29-06-2018 15:30,03-07-2018 16:01,06-07-2018 12:47,16-07-2018 00:00
f1847d849e2d6711494f463343546542,d923a6f627368b7d0c3821d8dbd504b3,delivered,15-12-2017 22:24,15-12-2017 22:36,22-12-2017 12:43,03-01-2018 18:52,12-01-2018 00:00
880835c91a5227560bdb8d0f45c60579,410a24845e470f3c52bb78f084d359b5,processing,08-03-2017 09:10,09-03-2017 03:33,,,04-04-2017 00:00
b622754849d8831e9fd50f34f6b9a88b,fe250657d695f666b5f59845eb482823,delivered,06-03-2018 12:12,08-03-2018 02:30,08-03-2018 20:13,23-03-2018 20:08,28-03-2018 00:00
6b8dc65729f47b72edbe497fdc431c87,d05ee8d1fcfa1735b7de95c11b13cfcd,delivered,25-06-2018 14:09,25-06-2018 15:09,26-06-2018 13:25,29-06-2018 22:38,20-07-2018 00:00
2a03326bc3dd548e425fafa5c7be54ed,6d44f5e3a4196e1fd1cdee36fbc3c4e4,delivered,16-06-2018 13:37,16-06-2018 13:59,18-06-2018 15:01,26-06-2018 19:22,12-07-2018 00:00
237f9d2cdf1d87f8b252ad4e11bb42a7,829161c749b57a5e1a33703a77718e05,delivered,17-02-2018 20:54,17-02-2018 21:10,19-02-2018 15:49,02-03-2018 22:39,21-03-2018 00:00
05b2ebbb3869fd116a0a1c247ba70d00,115f6268f9705c6ed3b4119c8fe5f85e,delivered,17-05-2017 11:07,17-05-2017 11:22,19-05-2017 10:22,24-05-2017 13:16,21-06-2017 00:00
543a9bf05657bd3c5099de23d13139a1,d9721a87b4755c5e9a9f9a67ef484575,delivered,15-03-2017 08:19,15-03-2017 08:19,21-03-2017 09:07,28-03-2017 13:04,13-04-2017 00:00
529e1bb30ba6e4c420219a539593eee0,25aac06f1c893b78c7d26ff0a5308eae,delivered,21-01-2018 22:03,22-01-2018 14:01,02-02-2018 01:51,09-02-2018 18:52,02-03-2018 00:00
c6f02030f6bc633b8073c50178eb2833,28eaee40e9840e3442fb15d7c3655af3,delivered,26-06-2018 12:15,26-06-2018 12:36,27-06-2018 07:59,04-07-2018 19:25,25-07-2018 00:00
7150170dd81a1532b5906d0cc50618b3,660ca825143d9c95d6c9e88b80bfa6c6,delivered,11-01-2018 08:30,11-01-2018 08:38,11-01-2018 20:00,19-01-2018 17:59,06-02-2018 00:00
a1044dbf7beb1971c71d7b0f94836313,0310b25c98b10f9c6d22b9009455df37,delivered,01-08-2018 00:54,01-08-2018 01:05,02-08-2018 14:55,09-08-2018 23:51,27-08-2018 00:00
7f7b3e8f848e23fbcd3d2e096d12ef94,1eea983564b20daaf35af83ca571e950,delivered,25-06-2018 21:15,25-06-2018 21:37,26-06-2018 10:48,06-07-2018 13:11,19-07-2018 00:00
5370a96022220f889db213211b32740d,d57a120a63ef1c58d8704dbf52553318,delivered,23-08-2018 13:48,24-08-2018 04:05,24-08-2018 13:41,29-08-2018 14:26,19-09-2018 00:00
79832b7cb59ac6f887088ffd686e1d5e,ce3e77ff426cf554944d321064dd87f2,delivered,21-11-2017 08:52,21-11-2017 09:06,21-11-2017 17:07,01-12-2017 00:33,15-12-2017 00:00
fd0ea050aa7cb8693f02b9176d021a0a,eed8a1ec0be1729660683e943d605df5,delivered,08-09-2017 16:38,08-09-2017 17:04,11-09-2017 13:13,18-09-2017 20:56,28-09-2017 00:00
0334c2700a7e8ac0f3efeb36b4a91e68,48ee4490f797cdb00bf00f9255351ee4,delivered,06-09-2017 22:41,06-09-2017 22:50,08-09-2017 19:49,19-09-2017 19:52,05-10-2017 00:00
05e6501cdfbd86fe9a3a788c3d411091,a0262fcf5f286681fc96c8d2b8396208,delivered,16-10-2017 14:49,16-10-2017 22:33,17-10-2017 15:43,19-10-2017 22:07,01-11-2017 00:00
35e836760fcb033c916131ff094d1d21,52ea3af8cfa23076f574fe22f73e47ee,delivered,02-03-2018 15:57,02-03-2018 16:15,07-03-2018 01:13,23-03-2018 00:58,04-04-2018 00:00
3459f554a17b52bc945b6cb98f90142e,8d32ea7086cee1b02c9de6d5ffcb00d4,delivered,25-03-2018 13:42,27-03-2018 03:50,29-03-2018 18:38,07-04-2018 21:28,06-04-2018 00:00
9eb401aae2d502a73f4a27f97d3bebf5,f13bb2fb4cdf0a6655b9aaf846a73f13,delivered,26-05-2018 21:08,26-05-2018 21:37,29-05-2018 13:38,13-06-2018 18:36,16-07-2018 00:00
284c8e297603b066a7b64a7cbde7f9b3,4546f685cfe43aabb0bf3af4eabdc763,delivered,03-06-2017 16:52,03-06-2017 17:05,06-06-2017 08:52,14-06-2017 14:03,27-06-2017 00:00
e399680f053aca6ecc64cd1ec2c0741e,d42d70919f9ddfe513ce1d3df3ee8bec,delivered,26-11-2017 18:36,26-11-2017 18:53,30-11-2017 00:03,11-12-2017 19:42,18-12-2017 00:00
f23c71439ab24ac853522e783dd7dec2,68b7509c1f04aa6c537f935bb18b9645,delivered,17-04-2018 14:31,17-04-2018 14:52,23-04-2018 19:48,04-05-2018 20:36,15-05-2018 00:00
cc8389c87998ef48d592285b08d5106d,d23a0559b17d49af3cfb63c141bfd08d,delivered,04-03-2018 22:24,04-03-2018 22:49,08-03-2018 18:22,02-04-2018 13:38,27-03-2018 00:00
ea9184ad433a404df1d72fa0a8764232,92f70647283582ec50ca1bb5794f6c90,delivered,20-08-2018 20:10,20-08-2018 20:29,22-08-2018 14:39,28-08-2018 19:38,11-09-2018 00:00
dc32c5b96c5aa06641f7c32f3f1bce98,b5d99b818c44b7029424de7ce9798440,delivered,10-12-2017 23:02,10-12-2017 23:15,12-12-2017 22:53,03-01-2018 19:04,12-01-2018 00:00
67c8cb7add4e205c9021501079bc5f66,c1f66c1aa023b8b5a0f65327465efc7c,delivered,16-08-2018 15:35,17-08-2018 15:30,20-08-2018 15:53,27-08-2018 20:50,28-08-2018 00:00
24012690fe6562f4a154875f2f64ed93,5c964a570a4a20c82fb9798b6c555b19,delivered,07-01-2018 11:11,08-01-2018 11:08,10-01-2018 21:19,11-01-2018 23:18,24-01-2018 00:00
cb5084e6d5109655821d2054b7bec84c,16738db2ba964d2b05d642b0ff222451,delivered,31-07-2017 17:06,02-08-2017 02:50,03-08-2017 18:25,07-08-2017 18:12,22-08-2017 00:00
d8b81d0afc8e1dc9c448772c8789d612,ec6d733c729e45a75dcfa18d42c29c7a,delivered,13-03-2018 20:28,13-03-2018 21:08,14-03-2018 20:44,29-03-2018 16:28,29-03-2018 00:00
a62ca1ecd2ebb5a76f2df38e3024c324,63aa5b96f7dafc4bb3b80ee18c32b7f9,delivered,22-04-2018 02:43,24-04-2018 18:20,25-04-2018 14:00,03-05-2018 17:08,18-05-2018 00:00
5a1a4a4a31e003b67af6ef6dcb9750db,49c38c2dbdb7f2357b97af94661d1956,delivered,03-08-2018 11:46,04-08-2018 04:10,07-08-2018 13:33,14-08-2018 23:51,06-09-2018 00:00
55722f117fa81b20ab36bbfc3c8878dd,df1669128bc89d6b100a5cb141157b97,delivered,08-04-2018 21:05,08-04-2018 21:29,10-04-2018 00:38,02-05-2018 18:17,27-04-2018 00:00
b0f09542f907cada33dd7ff85f029a71,ad0d03e2b961f34fdc46f626f6862f00,delivered,11-05-2018 23:36,11-05-2018 23:51,14-05-2018 13:21,18-05-2018 21:05,29-05-2018 00:00
055336f2daf168319875b812d23de1d4,5840ca4dabfc4e4eac43cdc7123390c5,delivered,24-03-2018 13:13,24-03-2018 13:27,27-03-2018 17:36,29-03-2018 03:22,06-04-2018 00:00
570daa876f56bc4b6b5e503e01318c0e,b63e33229b055963236f49e39c1e8046,delivered,22-11-2017 18:23,22-11-2017 18:34,23-11-2017 21:17,24-11-2017 21:06,04-12-2017 00:00
9002c87ca6609313fe18204efa2c3a37,2224302c7f106ec29ae4a849b3d826af,delivered,20-02-2018 08:12,20-02-2018 08:32,27-02-2018 23:23,06-03-2018 19:46,16-03-2018 00:00
0fb09184aa674879c67d933523a4a0bb,1828873db87f59c258454599a88452b4,delivered,11-06-2018 22:00,11-06-2018 22:19,13-06-2018 08:06,18-06-2018 20:21,28-06-2018 00:00
56ce64b53ec3bb5b0525f21506619f8e,6d45947c18621227f1e82fda7a73f26c,delivered,24-11-2017 12:42,24-11-2017 14:53,28-11-2017 18:10,05-12-2017 22:36,15-12-2017 00:00
628287e102c84327f95402d4670434d2,0097c5abeb126a90646370f4a1cf3d93,delivered,04-06-2018 23:59,05-06-2018 00:52,06-06-2018 09:50,16-06-2018 10:32,20-07-2018 00:00
183a7d0aaaf6b16afaa897a44424494b,6976b13183e54d7c9dac5d94edefe662,delivered,15-02-2018 10:37,15-02-2018 10:50,22-02-2018 03:13,26-03-2018 18:32,19-03-2018 00:00
14dbe374dedd03ff06285484791c8d4e,d1435050629f62d0a602e7900894fa92,delivered,31-07-2018 21:48,31-07-2018 22:04,01-08-2018 13:51,06-08-2018 17:42,10-08-2018 00:00
21f1cdf47b2ebf6d58a4e07191ac5a98,2e947dd15ae10d889923d07c28b9ef23,delivered,12-05-2018 18:30,12-05-2018 19:20,14-05-2018 13:44,17-05-2018 16:02,05-06-2018 00:00
324213c21d2577b17bca52fb418cce03,aeaeb880137135bdc093ec402acea9c0,delivered,08-08-2018 18:25,08-08-2018 18:35,11-08-2018 06:44,17-08-2018 20:03,22-08-2018 00:00
e8c03a93e09bd0dde6dfabd1eac42235,4c6cc85a89f512df728a98f49b54c7de,delivered,17-02-2018 20:22,17-02-2018 20:35,20-02-2018 17:19,01-03-2018 23:13,16-03-2018 00:00
620b5f7f730ead80c8dba1202716a29f,6160230e6f8adb5cb023ad37203287a9,delivered,16-04-2018 14:21,16-04-2018 14:35,19-04-2018 02:05,25-04-2018 01:42,09-05-2018 00:00
c89f9200f57c5d1e1d7a7c6a98d45ff6,b68c905ab520e155e3e405bbf8dc1bb0,delivered,06-02-2018 20:55,06-02-2018 21:10,10-02-2018 14:22,02-03-2018 22:12,05-03-2018 00:00
f5c6db84c6a589ff1c0284e500a6acd3,2ad4f82ba85d382d9ee497dbe68d5c36,delivered,21-05-2018 16:33,22-05-2018 16:58,23-05-2018 14:12,24-05-2018 15:33,29-05-2018 00:00
698c42d4d45a628919b9b38241aebf4a,415318e16cc2f959d7c15cf63f127956,delivered,20-09-2017 13:56,21-09-2017 14:05,22-09-2017 17:05,11-10-2017 18:25,24-10-2017 00:00
6b8d21bbe1e219c7b5039f232ca30e46,2da3c88ac9284b3bf9bea4cb79fd0e47,delivered,04-01-2018 14:33,06-01-2018 02:07,08-01-2018 23:04,16-01-2018 23:31,06-02-2018 00:00
f798a01c8646f8e701280d70b10f84bf,46e11714d9f2fbe6e44ced00b92c73aa,delivered,18-12-2017 13:47,18-12-2017 14:55,19-12-2017 16:02,28-12-2017 14:51,19-01-2018 00:00
a5edec799559e5ad6a1afa8ad782a771,2151df75aff3122332dfc66083790d56,delivered,16-07-2018 19:40,17-07-2018 17:45,18-07-2018 11:23,23-07-2018 20:09,07-08-2018 00:00
7f78756aedc6c867e69e2dcfef932294,4df165e15f5c3b1bd4201efd8c8fe2c1,delivered,16-06-2017 10:32,16-06-2017 10:45,16-06-2017 14:42,19-06-2017 20:37,06-07-2017 00:00
dd501072091c950a1e6bb5ea9182df2a,345498125da8b61f64def813c4a2db79,delivered,12-03-2018 13:32,12-03-2018 14:08,26-03-2018 19:04,14-05-2018 15:18,02-05-2018 00:00
0be284f82e07ecf4a437f85b82ba09cf,a3777228aa1a73a3bf9a3127609cf68a,delivered,16-06-2018 09:18,19-06-2018 03:36,19-06-2018 14:45,21-06-2018 17:32,11-07-2018 00:00
297b78c63260d89009ce4a807842a5c0,ff92e1be6dc1bad3695547e321d2003b,delivered,26-07-2017 20:10,26-07-2017 20:23,28-07-2017 18:51,11-08-2017 21:37,17-08-2017 00:00
60b041f9c97f5cb1d089443156a52836,8dc532d8d7de85183b628175ba71e69e,delivered,12-05-2018 20:52,12-05-2018 21:15,15-05-2018 15:17,05-06-2018 12:16,08-06-2018 00:00
40df926a6d695cec9507ed972fa8b2f6,61911032487aa85b980785414f67e8b7,delivered,03-04-2017 18:20,04-04-2017 06:02,13-04-2017 17:49,19-04-2017 08:56,02-05-2017 00:00
00bd2cb7e9076e1ccc9f766fc01a4cfd,45016dcb53fa07cb0c050dc78b2d6f51,delivered,18-04-2018 10:00,18-04-2018 10:15,23-04-2018 23:41,30-04-2018 21:16,23-05-2018 00:00
c442924838668a8f207a02063556d814,9346c5bf5e6eac10f0c9feaff3eb306e,delivered,16-11-2017 19:37,16-11-2017 19:56,17-11-2017 16:44,18-11-2017 15:48,29-11-2017 00:00
ddf574153803a9012e68e479fa941b0f,84f9776d9f55cb53b6690857744ca1ba,delivered,04-04-2018 21:40,04-04-2018 21:55,05-04-2018 23:06,21-04-2018 06:19,26-04-2018 00:00
40deb01ced4c0d076432514cea0a091e,466ca075213145305a2760482ecf8c26,delivered,11-03-2018 11:55,13-03-2018 04:20,13-03-2018 18:18,16-03-2018 20:06,23-03-2018 00:00
6942e86d33b375b95195dda92c2f603d,d6cdfeca7b382005c0afaff5ee4c24cd,delivered,24-03-2018 18:25,24-03-2018 18:47,27-03-2018 19:50,09-04-2018 22:51,26-04-2018 00:00
45545b0586d46e77f4758cb7a15320b9,87cc80e439ab356ef3b045e8be9bcea3,delivered,30-07-2018 19:46,30-07-2018 20:04,31-07-2018 15:07,01-08-2018 19:28,06-08-2018 00:00
4b8332fdbf824168f691498b79e5e556,6d1fe6ac78f6c088409c33ab54124a35,delivered,23-02-2018 11:55,23-02-2018 13:00,27-02-2018 02:09,08-03-2018 16:51,22-03-2018 00:00
95e8e7edf6d02da861e93170a9953465,d5c3f175135abfeee7f63c1d64882156,delivered,01-03-2018 20:39,02-03-2018 15:55,08-03-2018 20:42,16-03-2018 21:32,19-03-2018 00:00
d341bf71429128ec496e8012f3f8e2a0,84cad6a5d13b2a45316812384327e16f,delivered,12-06-2018 21:41,12-06-2018 22:01,13-06-2018 14:33,18-06-2018 22:08,29-06-2018 00:00
a006e96e455871265c8ca46cf83bf54c,fcce126f6d5805434739fe769241e00c,delivered,27-07-2017 19:52,27-07-2017 20:05,28-07-2017 17:36,01-08-2017 19:25,18-08-2017 00:00
179b63fcfafb80e064370a2ce74c81f7,f63db8b1515a5d3606d101d9b9cf9fe2,delivered,17-04-2018 11:53,17-04-2018 12:30,19-04-2018 19:36,25-05-2018 13:41,21-05-2018 00:00
813bd43a2ed21157ce6f32346a63e01a,10606ec9144627ef888d2069483083a5,delivered,25-06-2018 01:14,26-06-2018 14:34,26-06-2018 15:02,27-06-2018 14:38,05-07-2018 00:00
24abde75980ca7fd4234cc23e098c2ee,e641f40e2e360a2c73d6cd8a50de252a,delivered,24-04-2018 10:08,24-04-2018 18:20,24-04-2018 23:11,04-05-2018 00:22,18-05-2018 00:00
520ddcbcf0082ed43b0a73ce1127f073,0c7e81c095866ddce9df46721a8a158a,delivered,27-01-2018 20:36,27-01-2018 20:52,30-01-2018 14:13,06-02-2018 12:22,20-02-2018 00:00
b686713e41eabb681b6e7948118f24f7,c7f26440b498a90f758f26eda34f1801,delivered,19-03-2018 12:14,19-03-2018 12:30,20-03-2018 17:58,02-04-2018 22:36,19-04-2018 00:00
ae5e5e33fbc4cfa818e4391563778f66,26107dfac63f8909bfbfaea86f095c05,delivered,28-11-2017 17:46,28-11-2017 17:56,02-12-2017 14:49,03-12-2017 18:38,12-12-2017 00:00
566c5bff1142c9d6003a83fd2e8ad1e5,892022d497c9598ce4a313f64ceaa87e,invoiced,23-11-2017 18:03,23-11-2017 18:25,,,18-12-2017 00:00
534c285356eb06898b7ea7edbb14476b,b692fb160782271845b7c858cbd9c1df,delivered,23-03-2018 08:49,23-03-2018 09:08,23-03-2018 23:04,28-03-2018 02:52,11-04-2018 00:00
68f0f840a681f5c203a817cdb263b739,2913c6807310716ade0bd399a9abca3e,delivered,23-09-2017 10:46,26-09-2017 03:24,02-10-2017 23:30,13-10-2017 17:33,17-10-2017 00:00
85be7c94bcd3f908fc877157ee21f755,54b307e9a6121f572faef4f220fbac3a,delivered,21-09-2017 22:00,21-09-2017 22:48,22-09-2017 17:59,26-09-2017 19:27,13-10-2017 00:00
abcbd7d5a339a1f5f553ba84b4d9cc69,da90cf906fefe43638ea19d590ad987c,delivered,24-03-2018 20:43,24-03-2018 20:56,30-03-2018 00:11,12-04-2018 22:09,26-04-2018 00:00
47f1d4cd72cfee577340ecb01a3e8028,db4810eb355a4519838ae8a121975b6f,delivered,05-11-2017 11:12,05-11-2017 11:30,06-11-2017 19:16,09-11-2017 21:57,24-11-2017 00:00
99c9fec8ab028336e605f216e55337e6,1795d4e196e92788373519059c0e6897,delivered,01-12-2017 09:05,01-12-2017 11:30,05-12-2017 03:06,18-12-2017 18:35,04-01-2018 00:00
9c54a1816e487456bb7eb5082b9823ff,1d48a5dcde374b9d63b2c29e6af97cb8,delivered,17-01-2017 14:23,17-01-2017 14:30,18-01-2017 08:27,08-02-2017 08:43,02-03-2017 00:00
a7c06c01fe6ddeff25b3c60459b5fcb4,720f6f7d2b4d286d12fda1ea47781302,delivered,29-05-2017 09:28,29-05-2017 09:42,01-06-2017 00:32,05-06-2017 21:22,03-07-2017 00:00
d8d9232af59462bbb0961d11222ea210,22569cf3f36b02da715a15f53101ed52,delivered,16-08-2018 19:17,16-08-2018 19:30,17-08-2018 12:09,22-08-2018 17:48,12-09-2018 00:00
42d8cfd4e239b47ae745848a8bdd5193,43052296c9ba662bc8628ebf9661a86d,delivered,26-02-2018 10:30,26-02-2018 10:50,26-02-2018 21:23,27-02-2018 12:38,12-03-2018 00:00
e7e312612b232f936e5f1ff9ee5bc2b5,697100d1e9811a011dc96a0887406e50,delivered,21-10-2017 11:01,21-10-2017 11:14,24-10-2017 18:19,01-11-2017 16:12,14-11-2017 00:00
016fbc333d66b414be541c6159576c40,83fc79bfef5a8fb84c5d77f3748e0064,delivered,30-05-2018 18:09,30-05-2018 18:30,01-06-2018 14:58,11-06-2018 21:28,24-07-2018 00:00
ab87dc5a5f1856a10640d5f42e4c2fd9,538a4d02876412846b966a3c057395e5,delivered,04-06-2018 12:38,04-06-2018 12:50,05-06-2018 12:12,11-06-2018 20:39,17-07-2018 00:00
5295794ed329bd3ffd4581bc4a0627a5,bce1676dd0edb9474cba3d3aa9067024,delivered,16-05-2017 13:58,16-05-2017 14:05,16-05-2017 15:30,25-05-2017 09:28,20-06-2017 00:00
66e7b21711a5ac0d6b6a5f60e4c79a75,7f6e0647dfddaccdf6e140f98e0945bd,delivered,28-11-2017 14:31,29-11-2017 02:20,30-11-2017 19:21,03-01-2018 13:13,21-12-2017 00:00
002f16b7bc4530031b7d90f791b12d8a,1eeffe21744883fbf61fbf138dbb8eee,delivered,02-07-2018 16:51,02-07-2018 17:11,03-07-2018 16:35,06-07-2018 18:14,25-07-2018 00:00
d8d281c1a1398a1e835fdc4adfb81e2a,14c1e4101ca2dc7dbf876d9c9e6b11a6,delivered,23-07-2018 20:50,24-07-2018 10:31,25-07-2018 15:09,27-07-2018 18:27,07-08-2018 00:00
2b781b53b653523cf1337a742b71aed3,313d46bf885960e2f3a62effcfbd789f,delivered,12-10-2017 09:33,12-10-2017 09:49,18-10-2017 16:59,20-10-2017 18:06,31-10-2017 00:00
cb418bb4b6115438d20b0141ed5bc9e0,a7ea318cbe9df2ec79ab37cd7ca2135d,delivered,07-06-2018 13:53,07-06-2018 14:20,08-06-2018 15:11,16-06-2018 16:48,18-07-2018 00:00
dcedac1406b3713259927ba54a3ad206,a8695124db570d100b87f73fbdaef64a,delivered,22-11-2017 16:56,22-11-2017 17:08,23-11-2017 16:09,02-12-2017 18:18,15-12-2017 00:00
6a7e99c1218ca32aefdff408295eb467,b1ae8978938a4a36dd3724b750b23d6c,delivered,03-10-2017 08:34,03-10-2017 08:50,04-10-2017 02:10,10-10-2017 18:17,01-11-2017 00:00
80dabd6ee5b0e0d7d5672d511ca8cc7e,fbea4ed949b70f597425d14164f82851,delivered,01-10-2017 20:04,01-10-2017 20:23,03-10-2017 17:25,09-10-2017 19:40,03-11-2017 00:00
7165aba369a4514fae50be36d6b5e592,31c084fb2c73c4aee537dbb9f96fc0f5,delivered,17-01-2018 16:32,17-01-2018 16:49,19-01-2018 00:43,24-01-2018 19:59,07-02-2018 00:00
7be005575f2d7598f774514a9e575f27,c4445fac077e8eb2dca9de6f5be8a6ca,delivered,30-07-2018 10:00,30-07-2018 10:31,30-07-2018 14:51,31-07-2018 17:46,03-08-2018 00:00
a7ed24c6e9dd5c83996984932b57c9dc,29397baa14b34d03bb0491d3a99564ca,delivered,06-12-2017 22:54,06-12-2017 23:55,11-12-2017 18:15,02-01-2018 19:07,05-01-2018 00:00
216bc8ebe70b73bb6e7e3270d9a5df56,7f6409eecd4073f3002766034aa36e62,delivered,03-10-2017 19:29,03-10-2017 19:49,05-10-2017 15:02,09-10-2017 19:18,20-10-2017 00:00
87a330a52c9e677f1252f2f17e54cf65,ad7bbfe917e8a82b01c911b1f6752c7a,delivered,13-09-2017 23:19,15-09-2017 02:10,25-09-2017 19:38,16-10-2017 16:35,05-10-2017 00:00
8a6687e2edd62edc2b9c1de51234bd98,7c93fdee2bef9805081b51d931b99bc7,delivered,02-07-2018 12:06,02-07-2018 12:15,02-07-2018 13:47,10-07-2018 19:32,30-07-2018 00:00
755acdbf6da2041544f004ead2cdd080,ee64351d93ed36563eea84500a3f558a,delivered,05-05-2018 12:40,05-05-2018 12:55,07-05-2018 10:23,11-05-2018 01:32,25-05-2018 00:00
d16e915397932f8b3510f595170d1d6b,020edf80d85585b9ccf1c48396ec32aa,delivered,07-05-2018 20:43,09-05-2018 02:54,09-05-2018 14:09,16-05-2018 18:56,29-05-2018 00:00
d79f6f82d928f3116b391795f3a4337f,458430198d0e879d5f272f5a5b959a2e,delivered,09-03-2018 22:35,09-03-2018 22:50,13-03-2018 03:08,04-04-2018 18:37,06-04-2018 00:00
577dbf4b3668adb656ec29c2ce049ab1,8dc378ece8c57180e796e818c803e577,delivered,10-02-2018 15:15,10-02-2018 15:25,14-02-2018 21:53,15-02-2018 21:17,26-02-2018 00:00
1ac975a2e0caad3a89c4c5bbdc8f996a,a883031033e9e3a9b75867f0bb39b4d4,delivered,06-08-2018 13:04,06-08-2018 13:15,08-08-2018 15:13,13-08-2018 23:25,31-08-2018 00:00
cfe5cfa623b5e9cd32abf47ac65b3776,f27d38186712a26c18ddaad3f3165e42,delivered,14-06-2017 16:29,14-06-2017 16:42,19-06-2017 20:13,21-06-2017 16:59,28-06-2017 00:00
77d9489f6394fff407ce6a4ab64957be,6aab7c3dcfc8d7221cf7096fcdb40f58,delivered,20-11-2017 14:31,20-11-2017 14:38,21-11-2017 18:37,29-11-2017 20:21,14-12-2017 00:00
ceecda7c9b24cbff643a6c5119a9ec6d,76127da03b20e432691fcc923788d9b3,delivered,31-07-2018 14:31,01-08-2018 02:35,02-08-2018 14:49,06-08-2018 18:05,06-08-2018 00:00
9b8dce6896a07b137779350966e11e99,8ab9de8260d0b7e0dc87c417a073e0e0,delivered,10-06-2018 22:06,10-06-2018 22:31,12-06-2018 12:36,15-06-2018 17:40,28-06-2018 00:00
eb94ceabe643cd28e6fb58503790a2e1,b576ef11e3b12196c16e412f8ab8e65c,delivered,18-05-2017 23:25,21-05-2017 09:32,22-05-2017 12:17,23-05-2017 22:48,31-05-2017 00:00
4d41aecae7fc035c91789128309fb7b0,66f301b13bbabd16970b1f7a8f4e40ac,delivered,30-04-2017 00:12,30-04-2017 01:22,02-05-2017 08:11,16-05-2017 14:55,25-05-2017 00:00
42895607072db349b61edb6cdbc363a3,2eb20bcef198dfa0ecc7d8e46ba0c856,delivered,06-09-2017 13:14,06-09-2017 13:30,11-09-2017 19:34,05-10-2017 18:37,03-10-2017 00:00
f07cd569c4555fbf9dd3568b7995827a,8f41cca39f1d5a5cbed373e947d79e55,delivered,07-05-2018 08:05,07-05-2018 16:53,09-05-2018 15:48,18-05-2018 17:37,29-05-2018 00:00
0711b9c575a5235790c3f863179c3267,0338cedf9fd370fe655047aaa0725078,delivered,01-06-2018 08:21,02-06-2018 03:15,05-06-2018 08:27,13-06-2018 00:08,12-07-2018 00:00
a9d574fb4532cc54b608ac0218225ed3,e6b66b7e38d4ec0a5c703351f220a98c,delivered,29-12-2017 11:08,29-12-2017 11:18,05-01-2018 18:12,23-01-2018 20:17,24-01-2018 00:00
4473dab90d5c08b597499e973725804a,512b6230960174ed572f2d70d3db6e89,delivered,26-10-2017 16:19,26-10-2017 17:31,27-10-2017 18:09,31-10-2017 21:03,13-11-2017 00:00
b52ce41a14821d9fa67f8a77cebb3efc,20d8643f227f32bd4ea7070fb153db32,delivered,10-02-2018 18:24,11-02-2018 13:50,14-02-2018 15:48,10-03-2018 02:08,09-03-2018 00:00
18c95a0e4c4a3d218d5eda56e235436e,d7dd95871faf13264a7a32166dfba38d,delivered,20-03-2018 17:18,20-03-2018 17:28,21-03-2018 20:12,24-03-2018 00:58,02-04-2018 00:00
ef340fd20274f4bc0181f8d9b8ae9748,b8be0fb88b88d0e00af27f75835e1c50,delivered,10-05-2017 19:29,11-05-2017 04:10,11-05-2017 08:27,16-05-2017 11:46,30-05-2017 00:00
1950d777989f6a877539f53795b4c3c3,1bccb206de9f0f25adc6871a1bcf77b2,canceled,19-02-2018 19:48,19-02-2018 20:56,20-02-2018 19:57,21-03-2018 22:03,09-03-2018 00:00
011e6e76dd0cd56d26b5b0cb036e80a8,3a6fc4af206cad7a5eaca926cdffd0d7,delivered,08-04-2018 17:34,08-04-2018 17:50,09-04-2018 19:02,11-04-2018 20:53,19-04-2018 00:00
8882b69ff0006727224cd56da4932e89,df69e936b93edc5cecff8047373bc369,delivered,16-03-2017 12:03,16-03-2017 12:03,17-03-2017 15:44,30-03-2017 15:42,07-04-2017 00:00
03c7acb8cfb3a3567a70fee4a1e2f82d,7a185d1a7b35b67cc0fa426ad845f666,delivered,28-03-2018 16:57,30-03-2018 03:27,03-04-2018 17:40,17-04-2018 18:45,17-04-2018 00:00
ba6293d68e1fb59ee455806a8ef6d651,545b9a267af9ba134305649a5a51af74,delivered,14-02-2018 10:48,15-02-2018 10:47,16-02-2018 22:25,23-02-2018 21:23,07-03-2018 00:00
446634c9e8e8c3a70fef1507c82d5c68,9248f24013892b2690a39829f54159b9,delivered,19-02-2018 15:16,19-02-2018 16:40,20-02-2018 22:42,27-03-2018 00:58,21-03-2018 00:00
52432d42fb818ca588e38c5067f73c3f,045178794d4eb65a4b79f34dee26374a,delivered,12-12-2017 13:20,12-12-2017 13:31,13-12-2017 22:27,17-12-2017 11:26,12-01-2018 00:00
884fc1672d7c26265ce8f3b2e2369b32,138a01aa92239376fe0599ebb07a2c1e,delivered,18-12-2017 15:09,18-12-2017 15:19,19-12-2017 18:19,31-12-2017 15:19,15-01-2018 00:00
e5b692a00119342b4412cf70919378bd,a524eab70342a06e4b101d33124fee29,delivered,05-03-2018 14:35,06-03-2018 03:48,06-03-2018 18:11,26-03-2018 19:33,02-04-2018 00:00
ce38feac183edc1669336435be2a2ef3,c1b54e5ba377e64db9dc49d1e094e409,delivered,07-01-2018 11:07,09-01-2018 07:19,09-01-2018 16:20,15-01-2018 12:33,31-01-2018 00:00
c50da75d0af4bf40f1213d2d8d5f13b4,dea2ad6bafd73c46a58b4dee61bbf942,delivered,15-05-2018 20:19,16-05-2018 20:16,17-05-2018 13:51,24-05-2018 15:14,30-05-2018 00:00
3cb69ccd08eea344a68a66e8ce49a282,9238a417f2d525ad5640693385b86d9b,delivered,06-07-2017 16:18,06-07-2017 16:43,07-07-2017 14:38,12-07-2017 17:43,26-07-2017 00:00
00f2c876aa08fbba04199823952e96c1,eb4fea182012be623175b35ee37dfe50,delivered,06-04-2017 10:21,07-04-2017 03:15,10-04-2017 12:04,18-04-2017 14:10,09-05-2017 00:00
6fa8043bdb80a1aed9ed56be51399cfe,ffceee06e0f7d5d3747eae50a0ccd61f,delivered,04-01-2018 15:31,04-01-2018 15:47,05-01-2018 20:27,13-01-2018 12:58,31-01-2018 00:00
53ad0f90be4c36080d70c96aa70eafe9,88ba6e648722917fa0eb0823d3197582,delivered,03-03-2018 20:15,03-03-2018 21:00,05-03-2018 22:52,26-03-2018 17:08,27-03-2018 00:00
55f6044cecace75277ac3fb0335bf9a5,df01a0e718fa759ac5bcf053453b8243,delivered,07-12-2017 19:15,09-12-2017 02:37,12-12-2017 18:08,20-12-2017 22:11,04-01-2018 00:00
4fe2e8b329e56a00aba9b0136b46f00f,0c6e74d3848e590888f197074ee1f5ff,delivered,13-01-2017 11:06,15-01-2017 11:05,18-01-2017 04:58,20-01-2017 11:33,24-02-2017 00:00
fb0a15c6b3645581d8535f4f873c7110,cffb172123085bb4496595230e43b97d,delivered,09-07-2018 14:31,10-07-2018 04:30,13-07-2018 11:18,16-07-2018 11:02,26-07-2018 00:00
c5a6176838c42bcb0286f07cf06afe84,141a1a131f78b3329311abcc428991bf,delivered,04-12-2017 12:44,04-12-2017 16:33,06-12-2017 19:08,28-12-2017 23:03,10-01-2018 00:00
762fa054ae976d76eea5688eaa2a92e6,8205033143e83aeee71e4df23fedc372,delivered,26-08-2018 09:22,26-08-2018 09:35,29-08-2018 14:45,30-08-2018 20:50,05-09-2018 00:00
aa3babada56030c2ad79976c60d51e79,df4c766338ff657c085016f56ba362a5,delivered,24-05-2018 15:06,26-05-2018 02:31,28-05-2018 14:08,07-06-2018 19:27,19-06-2018 00:00
56fdda0cb0aee560cd00b1a571dcb10f,d558a46ba4dd583c224349c628c52c56,delivered,13-07-2018 18:07,13-07-2018 18:24,18-07-2018 16:25,24-07-2018 20:12,09-08-2018 00:00
f01a5a364ba478074322dbb1b084d647,4aaa498a3b2f602e7faa8c84a8465d29,delivered,22-11-2017 12:14,22-11-2017 12:26,23-11-2017 23:38,06-12-2017 20:38,11-12-2017 00:00
70af5c624ad6c3daf236b9acb1ada8d0,9ce954c266d631d96fca00f1eb740ef7,delivered,11-08-2017 11:59,12-08-2017 02:45,15-08-2017 17:13,21-08-2017 22:53,06-09-2017 00:00
846de1a3e7ca6bf29333e1db02040ab6,fed9258e995bc38766aea4fcdead8676,delivered,30-01-2018 11:51,04-02-2018 23:31,31-01-2018 19:48,08-02-2018 21:52,02-03-2018 00:00
5ca6beedce6f32eef65de17a1f81d50d,c06f5779dc9ad82cf60b76db2434366c,delivered,17-08-2018 12:26,17-08-2018 12:35,20-08-2018 12:02,23-08-2018 20:31,29-08-2018 00:00
758e852ab6d20c02ec1b0f75a024d83f,7c89a2053c38cf699f55fb5864282447,delivered,17-05-2017 22:16,18-05-2017 23:42,19-05-2017 16:01,01-06-2017 13:15,19-06-2017 00:00
369423839b4d9789d69665b7c2361443,fd09581178029df57e2c1f177fc8ef29,processing,10-11-2017 08:56,11-11-2017 03:10,,,05-12-2017 00:00
a5a6a37b03ab138756330778a96a5e3c,8b8805ad94732dbe96a3b7c98fb20b44,delivered,21-06-2018 09:22,21-06-2018 09:43,22-06-2018 13:47,06-07-2018 16:22,13-08-2018 00:00
ff22f062d286cb9f0ac08978e3088b82,5a99eaf5187e3741ee19a3b972befc14,delivered,22-08-2017 10:56,22-08-2017 11:10,23-08-2017 20:38,31-08-2017 18:40,14-09-2017 00:00
2ea399422b697257c14a7f63c224c9f2,15225afcf8a9e71763e021734ccf163c,delivered,07-06-2018 19:56,09-06-2018 02:57,12-06-2018 16:25,22-06-2018 19:06,27-07-2018 00:00
efcdad37e7529147a3c3ece422943baf,68ce6b05de7e3b0d5103fb9952c9c959,delivered,06-11-2017 12:09,06-11-2017 13:31,09-11-2017 20:24,10-11-2017 18:24,17-11-2017 00:00
2be34c2ba4b5bbab97cc1ab70c699168,7b07399a09c03f0e2f898eddc04cefb1,delivered,20-08-2018 16:43,20-08-2018 17:10,22-08-2018 13:35,27-08-2018 22:12,03-09-2018 00:00
5f71bc83356f39cf9e9b8004f39a989a,3f979bbdedf57087a39ae7fed98ec7de,delivered,23-08-2017 14:29,25-08-2017 10:44,31-08-2017 20:04,11-09-2017 19:47,25-09-2017 00:00
6014de3ed0a310e59ac664e276af54eb,71d824a92863847504035325c4865f7e,delivered,05-03-2017 16:46,07-03-2017 03:43,07-03-2017 10:50,13-03-2017 18:52,27-03-2017 00:00
1a17c1925a4d5a18c4880b06b51c2b0f,d35b5587adfbd22e54b0c7e32762359a,delivered,29-06-2017 16:38,29-06-2017 16:50,30-06-2017 17:37,05-07-2017 15:54,21-07-2017 00:00
689e8820798347950a2649f71c734bd0,1510278962879d204243606cbd1a9ede,delivered,12-10-2017 10:25,13-10-2017 21:07,16-10-2017 19:33,31-10-2017 16:37,06-11-2017 00:00
72eee104bc08e3498017c9c02b2ae1dc,ed4acf9c881936dc203b8d884228962f,delivered,05-05-2018 20:55,07-05-2018 08:51,07-05-2018 14:05,14-05-2018 18:15,30-05-2018 00:00
91ecb8522096ff10be2144645c994c6f,4617e05b28548d6730f1d06a9bd3699e,delivered,24-02-2018 16:42,24-02-2018 16:55,28-02-2018 13:19,16-03-2018 22:16,23-03-2018 00:00
2aab860630cc1798482e942ad176f05c,ddcce6518b9590ef2f19603869eadcaf,delivered,26-01-2018 21:56,26-01-2018 22:11,31-01-2018 14:28,08-02-2018 23:22,20-02-2018 00:00
928cc774345b405181cc07ab2497e930,8fe6bbc3193663dc50317d188ab5e9ae,delivered,28-10-2017 10:26,28-10-2017 10:45,31-10-2017 17:49,07-11-2017 18:51,30-11-2017 00:00
d8f4ac2b5cf577657a2165a7c75857ff,6aedd904a13070b8a5c21abd8de0c090,delivered,27-11-2017 11:05,27-11-2017 11:15,04-01-2018 21:33,22-01-2018 13:56,19-12-2017 00:00
35a43762d907c68ab2a6a697fe52a336,094560467d8afd775d9f89d00cf1e682,delivered,29-03-2018 00:31,29-03-2018 09:47,30-03-2018 00:38,17-04-2018 18:54,24-04-2018 00:00
823e8a998c065938c05f4302610c3a5d,fd1dd010106ac6f84273fe976a08e6bf,delivered,01-04-2018 20:18,01-04-2018 20:27,06-04-2018 19:42,10-04-2018 10:28,19-04-2018 00:00
c5de0e05fad9231797b6cf731d56f2bc,82645746abdce9793cd3dda43294b2ce,delivered,18-07-2018 19:20,19-07-2018 12:55,20-07-2018 13:42,24-07-2018 20:09,07-08-2018 00:00
20e223f06b4ead7a6d8ed147dae59b12,af26b439d05ed8d48bd0908f15feecdf,delivered,08-07-2017 12:23,11-07-2017 03:55,13-07-2017 12:03,24-07-2017 22:32,01-08-2017 00:00
ac809d1a80a159ae8a440c726f579700,ad5e33166ef8e090f857ea53dc70bb18,delivered,25-05-2017 10:27,25-05-2017 10:35,26-05-2017 09:47,02-06-2017 15:18,21-06-2017 00:00
c56063fb44250985a4649811b257edc7,ffaa3252833866f2cd17833586a30422,delivered,31-03-2018 01:11,31-03-2018 01:28,02-04-2018 18:36,03-04-2018 20:51,12-04-2018 00:00
c5a1e865d2341b9c0330f478a3e8751f,252dfd638053d916c4b380dbbd08fb01,delivered,17-12-2017 14:44,17-12-2017 14:55,18-12-2017 13:09,29-12-2017 20:13,18-01-2018 00:00
a313d68655c65a778d04823ab8e2e5a2,197681a5dfd0b55a552f223225f5dd86,delivered,19-11-2017 21:25,19-11-2017 21:46,21-11-2017 18:46,27-11-2017 16:17,08-12-2017 00:00
0130f0f71fb0e831d18e6a3b33a3a50c,e56f6dff7b8ac9813ddeb2312f0d834f,unavailable,12-05-2017 10:17,13-05-2017 03:10,,,22-05-2017 00:00
2a6fcdee30bb4fda09190b53b4e9ffee,a28f1808c668259eb67c88f0b7afe15f,delivered,12-11-2017 15:20,12-11-2017 15:30,14-11-2017 14:14,25-11-2017 16:09,11-12-2017 00:00
25bd2ad9d282f59e4e6a048ef9bf214f,be34bf56044c5614fc66d97251c0adc6,delivered,12-03-2018 16:20,12-03-2018 17:09,15-03-2018 23:38,02-05-2018 19:36,11-04-2018 00:00
14001e8cd1c29d0bce5b5bfca73338af,620c2e659b5d119813362bfe4bbe8634,delivered,31-01-2018 00:04,31-01-2018 01:04,31-01-2018 19:48,05-02-2018 21:21,23-02-2018 00:00
5413211efa4372ef637627d1e59d2f82,e0c16bf3f9dcc2303aac70772701268e,delivered,23-07-2018 16:57,24-07-2018 08:31,25-07-2018 19:07,26-07-2018 22:06,01-08-2018 00:00
25e2eb92a4861f100d82edfb2cbbb47f,55564b631a23d681ef873e8354142da1,delivered,19-03-2018 10:02,21-03-2018 02:48,23-03-2018 23:51,24-04-2018 23:33,06-04-2018 00:00
bbab0f55c714a04cc7a5c065c65f1089,df68b16176a400cda1dda3bfa1022760,delivered,12-08-2018 20:27,12-08-2018 20:35,14-08-2018 16:02,15-08-2018 20:46,17-08-2018 00:00
c2b069d5ec39e0542002c35099d4ed4e,b2284c8ca3597551ab478ae9e1558aaa,delivered,04-12-2017 19:43,04-12-2017 19:55,06-12-2017 16:24,13-12-2017 16:48,05-01-2018 00:00
0ba1dfa80ede726f98e36af9a418e437,cdc2e8e8d2dd01cc8e5556ab440ccb92,delivered,20-04-2018 14:47,24-04-2018 18:19,24-04-2018 21:25,01-05-2018 01:38,14-05-2018 00:00
5c4e9b69cfdcd45f69531467695237e4,c5da1fb3c49637fc168e5a95a67b73d7,delivered,23-07-2018 20:09,24-07-2018 10:31,24-07-2018 15:03,01-08-2018 20:12,13-08-2018 00:00
ead893b6feb078f2a8f88787db56dcc7,07176b181cc48bdaa6807f4a88e17d4a,delivered,19-06-2018 09:28,19-06-2018 09:58,19-06-2018 15:36,20-06-2018 18:41,04-07-2018 00:00
2b59656fdff6d982bd2a0a2b257a4562,15c959112cff28d4f5f7c0eb3ce665fe,delivered,13-05-2017 11:51,13-05-2017 12:14,16-05-2017 10:41,22-05-2017 23:22,24-05-2017 00:00
d781433971d92b00f67ae15b2265fabe,da4d1ca7f0150ef5f5ff3b86c2b67af4,delivered,31-10-2017 14:30,31-10-2017 15:31,07-11-2017 20:03,16-11-2017 22:36,24-11-2017 00:00
553d47dc490558ea119058262b5f472a,655f1ed27d68add99540cd88ea16ec88,delivered,08-03-2018 15:59,08-03-2018 16:30,09-03-2018 20:13,23-03-2018 17:53,13-04-2018 00:00
dd6a1b472e35baa63f56890e96f5ae0a,e223fcf0283b5860d6ddb1d6a6a58d80,delivered,05-08-2017 19:55,05-08-2017 20:05,09-08-2017 15:11,21-08-2017 19:45,31-08-2017 00:00
f315f8fbe6489c99c9e99dcbe52dace4,e8b6e39a1a0c60cf6661a8eaecef524e,delivered,01-04-2018 19:06,01-04-2018 19:15,02-04-2018 13:18,07-04-2018 00:58,19-04-2018 00:00
2a61a7cf365db56cbf9fb72e2a422653,b1b136ceac7fc54316f2280cd040ed6b,delivered,20-03-2017 00:36,20-03-2017 00:36,23-03-2017 15:37,31-03-2017 18:15,10-04-2017 00:00
b835a702f116e758be4f80ae292bca2e,dc27f0ba438996b55e0c008515a38147,delivered,10-03-2017 17:33,10-03-2017 17:33,14-03-2017 15:27,24-03-2017 11:12,05-04-2017 00:00
a1fa82769a203e30b8faf81cd32e5193,0e240f6e253b7d7646700ce3b28fe413,delivered,05-09-2017 09:29,06-09-2017 19:43,08-09-2017 21:57,13-09-2017 19:53,03-10-2017 00:00
313ecdf6cb87d671335ffbd49eeb13c9,7068851c14a0be8052b9a4bc4586b684,delivered,10-06-2017 13:07,13-06-2017 04:10,14-06-2017 17:48,29-06-2017 15:15,07-07-2017 00:00
4e7ca1c32e075c6efd8bdffeac2be58a,396155add48b67c364d17f5c16625e13,delivered,11-06-2018 08:14,11-06-2018 11:57,11-06-2018 18:55,12-06-2018 22:54,20-06-2018 00:00
e8bcc9b5ec88c2aec681b7d52e5abccd,97f8823fa26f551689520aaa18f7391a,delivered,13-04-2017 21:06,13-04-2017 21:15,17-04-2017 10:07,03-05-2017 11:04,16-05-2017 00:00
12d5570966b69e36f603e3ff8aac9d4f,66ec5ecfd2fa4c5ff6676a3defe3c292,delivered,06-10-2017 08:52,06-10-2017 09:04,11-10-2017 21:02,13-10-2017 16:08,24-10-2017 00:00
58a2de891c9d6c4e5b5a36320350bfd2,6e11936eae9d2dea7265d58ca0b4fd96,delivered,06-03-2018 15:28,07-03-2018 15:30,08-03-2018 17:27,03-04-2018 00:04,28-03-2018 00:00
55ab3650a53071b34253bdcada9e584b,deb534c4ce5c2d8ef23f386321389079,delivered,03-08-2018 01:10,03-08-2018 01:25,03-08-2018 08:00,08-08-2018 20:51,14-08-2018 00:00
74748a8ba7d523ab46fe3354996609f6,a3cce16d1def5991f7314b717b373ab4,delivered,08-02-2017 12:55,10-02-2017 02:45,10-02-2017 07:27,14-02-2017 16:08,17-03-2017 00:00
7d000dae81f29889a65eb97b1a620949,350c4383f9145535bb335cfc8f880dae,delivered,29-12-2017 10:36,29-12-2017 10:49,02-01-2018 20:03,08-01-2018 21:37,24-01-2018 00:00
4d44526e9f5875e440f58363f5a621de,803996d0e510a99f243e939b6c6f705f,delivered,25-04-2018 09:18,25-04-2018 09:33,25-04-2018 14:43,26-04-2018 13:43,14-05-2018 00:00
3db52c1df4d52ab19d7e7365d647f6fc,94df3c23c37dc051dbb2f1d03a3693de,delivered,25-05-2018 09:54,25-05-2018 10:16,25-05-2018 13:20,04-06-2018 20:28,19-06-2018 00:00
ac28887de5f5bbd520cb77370e8b219d,60c1f4151b92f9bbf80813a1f6b4f3db,delivered,29-09-2017 14:44,29-09-2017 15:04,29-09-2017 20:48,30-09-2017 15:13,17-10-2017 00:00
9bbd037f106d5d924f8fa73e2223a8e8,73fe5c78e86e6a518f4c9a834b96ba1b,delivered,18-04-2017 08:01,19-04-2017 02:45,20-04-2017 14:04,02-05-2017 15:14,11-05-2017 00:00
2d1e2d5bf4dc7227b3bfebb81328c15f,ec05a6d8558c6455f0cbbd8a420ad34f,delivered,28-11-2017 17:44,28-11-2017 17:56,30-11-2017 18:12,,18-12-2017 00:00
59988c783a4c292d49704af7f41fc85f,7195469ee40337cc9e3c666b6e79e165,delivered,09-05-2018 13:06,10-05-2018 13:11,11-05-2018 14:01,18-05-2018 22:39,20-06-2018 00:00
962168b15dbecc9e3b3bc31b1fb9df93,cbab1990320bef24c4307923c7b0dc13,delivered,13-10-2017 13:34,18-10-2017 03:07,18-10-2017 19:43,31-10-2017 20:28,06-11-2017 00:00
826b47e4cd7bba4e4c6fa5485f898b74,e68e6423401e85c138229b23d4bf4761,delivered,01-12-2017 22:37,01-12-2017 22:52,05-12-2017 20:59,06-12-2017 19:09,27-12-2017 00:00
773995e26bad51964885520767aede42,37a9de7fb734ab0d41eb3b796fca1854,delivered,15-06-2018 19:51,18-06-2018 11:15,19-06-2018 19:14,20-06-2018 21:26,28-06-2018 00:00
5f649cfbd3c5dabddf7f9ada09b90edd,ef3fe54b959da86961c5301a33cee529,delivered,16-08-2018 16:19,16-08-2018 17:49,21-08-2018 15:30,28-08-2018 18:48,31-08-2018 00:00
2188019060b6276ae9fc889917f6d5cb,435799869fa235e84f46308cb8c4937d,delivered,16-08-2017 22:34,17-08-2017 00:30,17-08-2017 18:44,25-08-2017 17:06,20-09-2017 00:00
25dbad31db4b9059dd02d72929578d1c,5512f32e517ea091e4410f66504dad30,delivered,23-01-2018 11:15,23-01-2018 11:38,23-01-2018 22:14,26-01-2018 21:12,07-02-2018 00:00
642d9648ee8c3cd7d0a2be2b8816cc91,67b73da9983e08fd2e278531a7062d89,delivered,19-07-2017 18:44,20-07-2017 18:50,21-07-2017 18:44,03-08-2017 19:43,22-08-2017 00:00
b777b7d618ee48ec7cf64aeb188e9da5,2b83d4c1da04d92aceb19710d0a59ef9,delivered,09-08-2018 11:47,09-08-2018 14:26,09-08-2018 14:24,10-08-2018 15:41,15-08-2018 00:00
36a6432a0a4312955a3e57af99e83b80,03a5dc88300acdc63c40c0fcb54799ec,delivered,22-08-2018 00:07,22-08-2018 00:24,22-08-2018 10:32,28-08-2018 15:03,03-09-2018 00:00
d92ec01edb4390e4a8e311202039e06a,1222ae0f15dc56dc392fa0bb0f033f6b,delivered,01-12-2017 13:01,03-12-2017 12:58,05-12-2017 23:29,21-12-2017 03:34,28-12-2017 00:00
0899b756a6357ed330e0620ad548d70d,2d90e2af0254c36c6a60ca45c25ecbc3,delivered,30-08-2017 01:51,30-08-2017 02:05,30-08-2017 17:42,04-09-2017 14:32,12-09-2017 00:00
83a9c18344682fcbc57696019ff1ff2a,96ca69bfa1a8b97847ced6f03bed4e79,shipped,11-08-2017 17:40,11-08-2017 17:55,14-08-2017 18:22,,13-09-2017 00:00
8153b217909426be6b194646850bde63,2736f4f125ad035971cbe2c7d40fdd12,delivered,19-07-2018 20:19,21-07-2018 03:15,23-07-2018 15:31,26-07-2018 01:42,27-07-2018 00:00
fc85b94eb688b0abb29954cf6354c1bc,30618802562d31117ba648da7cf54645,delivered,09-01-2018 19:19,12-01-2018 09:31,12-01-2018 22:32,23-01-2018 22:09,05-02-2018 00:00
97784ba0e32f20b4da48e8e20456543b,8c79e197cb74694ef8449bc0c0385662,delivered,18-04-2018 20:58,18-04-2018 21:11,19-04-2018 18:36,20-04-2018 19:08,09-05-2018 00:00
08a14ebab7440e5f7bfd8ca0b37fc613,d115a25e0eea3efaa6033849f369ee16,delivered,19-03-2018 21:26,19-03-2018 21:35,20-03-2018 20:27,03-04-2018 16:54,05-04-2018 00:00
9c5f3018cce3b5a74df31586dae02c4a,331252685d466953567f1972562ec167,delivered,19-06-2018 17:33,19-06-2018 18:03,20-06-2018 10:46,27-06-2018 19:58,25-07-2018 00:00
3a31fc2eeec3c45ebdb6a390a5b1d3e2,3b9b9424937310a2af0929576c3219d6,delivered,06-02-2018 17:11,06-02-2018 17:32,07-02-2018 21:52,16-02-2018 00:16,02-03-2018 00:00
2fbdb50797dfdc8089e52ac8cf70152e,3812b56733f6771e29363fede485cd6a,delivered,15-02-2018 11:59,15-02-2018 12:47,16-02-2018 14:16,08-03-2018 17:53,15-03-2018 00:00
df972aca1fba0a417674857678e2c4bb,322eae54daccdcbee96799ebd3a67830,delivered,21-05-2018 11:39,21-05-2018 15:32,24-05-2018 10:48,02-06-2018 15:28,07-06-2018 00:00
33cf8e9da9865079f64965b83061baae,1004c05877ddf8196ad1341ca602e628,delivered,20-03-2018 09:25,20-03-2018 09:48,21-03-2018 18:48,24-03-2018 15:41,16-04-2018 00:00
5a65b91aff9c0fb03e7971823e104163,8ae0c3603d6625e690bbc25bd6a29b70,delivered,16-09-2017 12:40,19-09-2017 03:55,19-09-2017 18:42,20-09-2017 19:13,28-09-2017 00:00
2cb80b6bb30641c14665e1bb8a910872,69dfabaf85cc92de6ad47cc49070642c,delivered,13-08-2018 09:39,13-08-2018 19:04,14-08-2018 15:27,22-08-2018 17:36,05-09-2018 00:00
9edcd3a848a4995853a247201493b4d7,ee6100728d86a653a0b865b4109b86dc,delivered,09-11-2017 13:00,09-11-2017 13:10,14-11-2017 16:23,21-11-2017 18:42,29-11-2017 00:00
1bed42b5193345848c17de4d32e42a5d,9eb793d1939a97ed213e8e7415947d8e,delivered,04-10-2017 15:47,04-10-2017 16:04,05-10-2017 15:22,10-10-2017 09:44,30-10-2017 00:00
336e923c0b5e6d95d3d0644bf4c516c4,0147fbc5c91112d914a4f4a480a0f09e,delivered,19-03-2017 17:06,19-03-2017 17:06,27-03-2017 11:42,31-03-2017 10:45,25-04-2017 00:00
b9e3810153620449fc947aeb350f4d53,da8a74c5ac056c3961c84a67b7939aa2,delivered,04-06-2018 12:43,05-06-2018 14:31,14-06-2018 12:46,19-06-2018 00:51,20-07-2018 00:00
807a4c5f5dab3090fbad1dd16140f706,66741453d979b61f9cdf5a20f382e6b6,delivered,14-03-2018 20:31,14-03-2018 20:48,19-03-2018 18:05,09-04-2018 17:28,05-04-2018 00:00
d12938a56eae845fa37620309ec0eea6,b7c8b0dc77f216cc38f1c2f722bde338,delivered,10-11-2017 12:30,13-11-2017 07:10,22-11-2017 14:13,25-11-2017 13:41,24-11-2017 00:00
a4d782cea9ad01e830a3603bc4e7a716,4f0fa92e598fc48c2f7771e220791a55,delivered,16-03-2018 21:34,16-03-2018 21:50,21-03-2018 19:22,02-04-2018 22:38,23-04-2018 00:00
5f82d80fc04ae3521ac4cdad135aa9b1,bb1e941d0e011c8a1a72bb2bfceb6c61,delivered,02-11-2017 18:46,02-11-2017 18:55,07-11-2017 20:21,24-11-2017 17:09,05-12-2017 00:00
3f0c7e7bedf15ae58cd1c2148d5786e3,705f15a6697fdd1669e161b7a5295dca,delivered,20-11-2017 13:05,20-11-2017 13:19,22-11-2017 16:52,06-12-2017 18:17,18-12-2017 00:00
2a520d819adb06eabf4557143110ade4,14eb49caaf14d8168944777b97b48499,delivered,13-12-2017 11:49,13-12-2017 11:56,13-12-2017 23:28,20-12-2017 20:59,31-01-2018 00:00
c9fddd8d2730610e00bbcda3e79fdcca,e3a89345d860faa5a9431ec4fb1e307c,delivered,27-11-2017 00:58,27-11-2017 01:12,28-11-2017 16:43,11-12-2017 17:33,21-12-2017 00:00
6d646ecd1e4497544257783077e9ce14,d4d76ccbcef33b38af7ec758e1d73bb8,delivered,05-02-2017 11:58,05-02-2017 12:15,07-02-2017 15:21,15-02-2017 18:12,03-03-2017 00:00
cd297c74672655559f2c22ea2a1550eb,259a82ce1a494066420e300430fb3e57,delivered,23-04-2018 10:56,24-04-2018 18:42,27-04-2018 18:54,30-04-2018 19:46,10-05-2018 00:00
e0a98f9b707c33a4c46e02a530c3419b,2d31d011eab667bca8c55f57ab884530,delivered,17-03-2018 13:39,17-03-2018 13:50,19-03-2018 18:33,28-03-2018 23:03,13-04-2018 00:00
b405945d4c5330b5ba8f892602e7d9e8,ca779f9ca67a4d4240dea192d6cdd454,delivered,31-01-2018 10:09,01-02-2018 03:13,07-02-2018 21:07,23-02-2018 21:17,06-03-2018 00:00
00f57f2ccce2a2e3f393fe8f5e616e0d,c5e16ca2f4093350809b5f66c5cdfd32,delivered,08-07-2018 22:01,08-07-2018 22:15,11-07-2018 14:28,16-07-2018 15:38,30-07-2018 00:00
5c83723b6467f6729e47c640005cd148,31ff9fdb19198508ad8743ce26adeb43,delivered,16-06-2018 18:30,16-06-2018 18:57,19-06-2018 13:25,22-06-2018 19:48,12-07-2018 00:00
360d163a85ba5960c9c1f0880fcac099,4e5d57852c4fa022427541ab6f3f861c,delivered,08-05-2017 12:20,08-05-2017 13:05,12-05-2017 15:27,17-05-2017 09:47,26-05-2017 00:00
57cbc8e34a5ceffb92f8b3193e4ffdb8,186ec83c7ec57c2073127c57d48d6549,delivered,02-08-2018 16:24,03-08-2018 02:50,03-08-2018 16:39,08-08-2018 19:26,16-08-2018 00:00
2733b7a9eda2b9f2ffa314fd4b45b330,277c6406dfd76e437ad282e61cfea438,delivered,22-01-2018 11:39,22-01-2018 14:25,23-01-2018 23:37,29-01-2018 18:41,15-02-2018 00:00
862cca64868df4c3a3f0058a93aef465,58f2a48696b2cf8da50fcb21f8512c14,delivered,19-04-2018 09:43,24-04-2018 18:14,23-04-2018 19:32,26-04-2018 16:46,18-05-2018 00:00
6ef5dc1efc95e43b6418e91ebc700210,fa326e9c35ae7f61dd83e1e13a6b8353,delivered,09-11-2017 17:37,09-11-2017 17:48,10-11-2017 21:12,16-11-2017 22:19,30-11-2017 00:00
fb7a31602527aff8e971f4cf8e5ba0b2,932632fb555d55c80b3f88e830abf866,delivered,09-06-2017 10:05,09-06-2017 13:35,12-06-2017 13:05,19-06-2017 19:27,12-07-2017 00:00
9560aa739add27151f49eb54dc654667,8bbb438d93d80fe92752705099cf5716,delivered,07-05-2018 09:31,08-05-2018 06:55,10-05-2018 12:27,16-05-2018 21:55,28-05-2018 00:00
34b796020f4e844c32a2be513b713f4e,648b76d368b7925ea72042de4f00a9a8,delivered,24-06-2018 12:56,24-06-2018 13:18,26-06-2018 06:54,04-07-2018 19:21,24-07-2018 00:00
921966cdddb4dbedc7f52b64ba46ec2e,0a2e992fbd2ac576c71a9650d421a2fd,delivered,27-12-2017 09:08,28-12-2017 02:33,28-12-2017 20:27,10-01-2018 17:19,26-01-2018 00:00
16ec5f5b0b5245798a6334e4c239d13a,78463bfeb649747e91ee9a424d0edc3c,delivered,22-01-2018 10:46,22-01-2018 14:16,24-01-2018 22:38,05-02-2018 11:43,15-02-2018 00:00
5b19cc30f1a0a44439a744db5c2cc979,1204a88c6f98fdc14edcbc6dc6df434c,delivered,12-05-2018 20:22,12-05-2018 20:36,14-05-2018 14:58,30-05-2018 22:51,01-06-2018 00:00
d75e6a846d4aa0cfed378238a9147689,4db36b898bb3a416e703634b1a2ecf18,delivered,18-08-2018 18:56,21-08-2018 04:50,23-08-2018 09:38,28-08-2018 14:58,10-09-2018 00:00
ddaec6fff982b13e7e048b627a11d6da,68f4ad79cc0c2ad06e19088f5c00e9fa,canceled,04-10-2016 19:41,,,,16-11-2016 00:00
7d5f037cd90e278069b2d0fd0d060543,c3765d3e438378787581dea1c3dc3d8a,delivered,10-04-2018 10:53,11-04-2018 05:50,11-04-2018 19:22,24-04-2018 15:37,17-05-2018 00:00
0870ee292ce510fc7bf1ccd86a6d28c7,e2213ef52c2e5b77e384da020482acbc,delivered,28-06-2017 08:32,28-06-2017 21:45,29-06-2017 09:51,18-07-2017 15:59,28-07-2017 00:00
8cae6053f4694ebc081e862e0d013a89,bcb7503aef00e5b3443bc1cd5397276d,delivered,15-05-2018 17:08,15-05-2018 17:37,17-05-2018 15:46,22-05-2018 17:42,25-06-2018 00:00
db103a5891ce37dbf3a84d9273f55dbe,89c1a5468ace3f798921747d80c7a7bd,delivered,18-07-2018 12:50,18-07-2018 13:02,19-07-2018 11:50,25-07-2018 21:04,02-08-2018 00:00
ea110ced6459b4dc6c73e0b2367077e9,c0101b91cb49da980a14e5eb006ab394,delivered,17-06-2018 20:32,17-06-2018 20:58,18-06-2018 14:19,19-06-2018 21:33,28-06-2018 00:00
fdaccd7db2bdc0c0f6632319b9020d26,edfab77f860875d798260a793b997664,delivered,20-01-2018 19:46,20-01-2018 20:00,26-01-2018 17:35,31-01-2018 16:41,15-02-2018 00:00
217fa08ee792f84b2a3b3a84ee263b0e,804751ae168c4c4d6d5178553e544300,delivered,26-09-2017 00:51,26-09-2017 01:07,29-09-2017 15:19,28-10-2017 15:35,25-10-2017 00:00
2e931584519b7ebc7b1a445a4f7cd8f1,f33c9d0eaa22a1be86ff276c1516e17f,delivered,05-12-2017 14:32,05-12-2017 15:21,06-12-2017 18:17,19-12-2017 19:18,04-01-2018 00:00
0e748699edd544eb244d173a5658b7a8,a17033054d84cb831e8b33dc63682ba1,delivered,15-11-2017 11:41,17-11-2017 03:46,21-11-2017 10:19,27-11-2017 18:42,05-12-2017 00:00
62fffe3cf205e0deb385d92481d3cb40,502f84b96849b881c0bb14a9650d0a13,delivered,02-02-2018 15:40,02-02-2018 16:00,05-02-2018 16:12,21-02-2018 10:53,05-03-2018 00:00
8757dc05fefc469b988804e017319c10,7896cf5e5a3973bdbc7811c3727dd6e8,delivered,06-05-2018 23:03,07-05-2018 16:53,16-05-2018 13:44,04-06-2018 14:25,30-05-2018 00:00
be28b0f75cc73c684cc905abc8cc60c5,8b60b8dec005d399721df6402e8e726b,delivered,22-02-2018 13:38,22-02-2018 13:55,22-02-2018 23:58,08-03-2018 23:06,19-03-2018 00:00
296c7c7658a3d5919cd1a5382e141c26,560f0ff0305e7fcf6410eab8d8767337,delivered,30-01-2018 21:10,30-01-2018 21:31,05-02-2018 15:51,22-02-2018 19:52,02-03-2018 00:00
79bdeae310789e415e342ede8f9ad5f5,f536a2636bfc8640ca368d2887eab64b,delivered,22-11-2017 09:18,22-11-2017 09:30,24-11-2017 16:53,01-12-2017 21:36,08-12-2017 00:00
9db4c3ce35bd9bdf6b8eb62c68eb4415,498c737759c2eddf05f25604e2f9c696,delivered,20-06-2018 09:45,20-06-2018 10:21,21-06-2018 13:07,26-06-2018 16:53,20-07-2018 00:00
b958654614e94b4600cb336391326045,18cdebd5cfe07beb5258254ff1f8fe85,delivered,16-02-2018 17:54,17-02-2018 17:46,20-02-2018 23:06,01-03-2018 19:38,13-03-2018 00:00
92ce98dde4657a2abb32411bacc29e60,fe83404b9bad08962daf680561f42aa9,delivered,08-05-2018 19:42,08-05-2018 20:31,09-05-2018 12:39,16-05-2018 23:38,22-05-2018 00:00
1683815c34e20076a6b3a8b1fd3d8809,2d9a7f6bfb053e602cc26e9c77c5f2ee,delivered,29-05-2018 18:09,29-05-2018 18:36,01-06-2018 10:15,11-06-2018 18:13,05-07-2018 00:00
84135f650b81a3dad8babdef22952b7f,cb3caf08929ebfa13fdcffec28f3cd6f,delivered,25-06-2018 14:34,25-06-2018 14:54,26-06-2018 13:05,05-07-2018 23:18,27-07-2018 00:00
649af2abdcd7f8f609dc36ee5d249a2f,0a0f638f52bade74d67c0239da49e2d6,delivered,02-06-2017 09:35,02-06-2017 09:50,05-06-2017 09:47,10-06-2017 23:19,27-06-2017 00:00
8b7fd198ad184563c231653673e75a7f,3eddc75fe2314996f68ddcd89ddb5caf,delivered,14-11-2017 10:04,17-11-2017 08:47,26-02-2018 17:27,27-02-2018 18:05,28-11-2017 00:00
102dc75f04e28c228169dedb666dcd3e,2ecfe1283802b15ec960b6d0c903de2c,delivered,11-12-2017 11:27,11-12-2017 11:37,15-12-2017 21:54,05-01-2018 00:43,09-01-2018 00:00
6fcd1385684eaf7076ac0d72b1fab2db,5dc9d4245de8364e6dd879734ea905e7,delivered,29-11-2017 09:12,29-11-2017 09:38,30-11-2017 01:47,20-12-2017 16:18,22-12-2017 00:00
26262a08c620d910b93d309db0e16725,2aa3c45e42925370972f456902aa66bd,delivered,13-12-2017 14:40,13-12-2017 14:56,14-12-2017 20:17,15-12-2017 19:17,05-01-2018 00:00
94f5c07efddbe8e3f3880195377736ee,bc6003b439787a2de9ae42da13cd4e00,delivered,24-04-2018 10:44,24-04-2018 18:34,24-04-2018 22:07,02-05-2018 15:03,21-05-2018 00:00
a0ce637ae9c3e3dedcf9dea3715b7331,a18e4956844fab232555e2bfd53eca5e,delivered,27-06-2018 14:04,28-06-2018 07:10,28-06-2018 11:57,11-07-2018 16:03,13-08-2018 00:00
e29d6e9ee9068425cc712d11435411b5,0ef335857487dc9dfc2df391ab328b5c,delivered,15-05-2017 11:20,15-05-2017 11:30,19-05-2017 12:37,29-05-2017 11:47,02-06-2017 00:00
84b8ba39037606b7b30a39d02e9e4154,7c2bf05f6902368e5d21040b68c2bbdb,unavailable,27-06-2018 19:51,27-06-2018 20:11,,,12-07-2018 00:00
c9e55382f594e06306eb0f4c3b3d0418,988980a4b52e5e81702adb584933912c,delivered,13-08-2018 12:36,13-08-2018 12:50,15-08-2018 14:46,20-08-2018 20:21,29-08-2018 00:00
0e9615b2e47df6cf349b4e458b056289,0421ca2c62e1e13536c13c8dea602d2f,delivered,26-08-2017 19:56,29-08-2017 04:30,01-09-2017 19:11,08-09-2017 18:47,27-09-2017 00:00
18c2175899ae0ea38308dec32efffc22,11d81028de401df36d24cd769fa0aef3,delivered,03-04-2018 18:21,03-04-2018 18:35,05-04-2018 18:50,14-04-2018 10:06,02-05-2018 00:00
e639eb028398f98b7958207b2a45684c,4cbe7cdb500ac94cf673f67c9f28d8c3,delivered,03-03-2018 09:57,05-03-2018 14:20,09-03-2018 22:24,21-03-2018 23:26,06-04-2018 00:00
834e9097bcd25d276e01695c82562ea7,e89fa350fe8cbcf495cfee2aef3d44e1,delivered,10-12-2017 11:29,10-12-2017 11:38,11-12-2017 19:59,03-01-2018 20:58,15-01-2018 00:00
b1235029ff825a6ee63ea5c87797cd82,b11ef54879526dd5426f747d2ed677c1,delivered,18-03-2017 15:22,18-03-2017 15:22,22-03-2017 16:58,29-03-2017 16:45,10-04-2017 00:00
ddbe4f58b06d8793a3c77c114b180574,a0aed67ecbb943f0137ece72e30ad913,delivered,16-04-2018 21:10,16-04-2018 22:10,20-04-2018 18:23,17-05-2018 20:28,21-05-2018 00:00
93ab2d00c107c41d04f35ff29553b866,1d352b619e69552d34827f112485468f,delivered,04-01-2018 09:29,04-01-2018 09:36,05-01-2018 21:16,24-01-2018 15:44,01-02-2018 00:00
24843df655e56c3713485a7880677287,6f8f6a52f408ae47a83c5e2b7d1d395f,delivered,30-10-2017 10:44,31-10-2017 12:31,06-11-2017 21:32,01-12-2017 21:21,30-11-2017 00:00
5290c34bd38a8a095b885f13958db1e1,92af427e290117f39d9ff908566072e0,canceled,21-08-2018 10:25,,,,06-09-2018 00:00
2e8265affe5bc22876b8e69548e074fb,9c4f2d8c14b700df0e7625d3ffa35174,delivered,28-12-2017 00:26,28-12-2017 01:00,03-01-2018 21:19,10-01-2018 21:10,29-01-2018 00:00
612200d1732f963c7706d8da2517c04d,bd00d85fe38ab7724a32f2608f8e39eb,delivered,28-07-2018 19:40,28-07-2018 19:50,09-08-2018 14:44,15-08-2018 14:44,31-08-2018 00:00
28ccc6df03d720b1c01c91ce78025016,da47b8739cc4221880eda77a98215f84,delivered,17-08-2018 12:41,17-08-2018 12:50,17-08-2018 13:31,28-08-2018 16:24,03-09-2018 00:00
7d29c8dc7f0169a08554b4309f115a2d,6775ba6a3e92020abc8e6cd6e19e867e,delivered,27-05-2017 00:55,27-05-2017 01:22,30-05-2017 07:12,05-06-2017 15:55,19-06-2017 00:00
9009f8c050bec7b31063988e925b6da9,9337ec2e1ef3abd571d0b65cd6054c65,delivered,13-01-2018 12:41,13-01-2018 13:30,16-01-2018 18:52,25-01-2018 19:44,08-02-2018 00:00
88c236f7e3dd040afb885a0a214f9b0a,8b8bad2ad2a7e102081360cd2a107edd,delivered,06-11-2017 17:21,07-11-2017 07:30,09-11-2017 15:45,21-11-2017 20:57,28-11-2017 00:00
0b4129a3415a486e4965d618f9b5debf,c8dcc1767867cf118c0aa5f86519d14e,delivered,26-11-2017 12:59,26-11-2017 13:14,29-11-2017 22:46,11-12-2017 18:39,22-12-2017 00:00
035d66b23a4bba74f8119f9ebe3458ee,521302710083ba5e737ef5cf6438450f,delivered,18-05-2018 18:46,18-05-2018 19:14,21-05-2018 13:47,06-06-2018 14:12,05-06-2018 00:00
0ddc19990b82039355525481533ea7eb,989dbaf933f4e0cad8b35f8ce7db9545,delivered,08-12-2017 17:03,08-12-2017 17:14,12-12-2017 20:46,22-12-2017 16:59,03-01-2018 00:00
15c4d15a595aaff02d4de63093a4b57c,ce23f51b42b3258700b4aeedcf53a96d,delivered,06-08-2018 11:22,06-08-2018 11:35,07-08-2018 15:18,14-08-2018 00:47,14-08-2018 00:00
55779fa8fe072d9f8c92d672154558f2,4c9b48364e100b48b70b65f7223518bb,delivered,13-09-2017 23:13,15-09-2017 02:10,20-09-2017 11:58,08-10-2017 15:40,04-10-2017 00:00
a0e6863a821d35dcaeb3eb109f21d443,958f8d94c5c2d21ccf6a43d0e3d50308,delivered,23-05-2017 08:18,23-05-2017 08:30,23-05-2017 15:29,02-06-2017 12:09,16-06-2017 00:00
d19ec9502348424357f7a9bfc4173ddb,36b9a428f314355ab3a28444932f409e,delivered,22-03-2018 17:11,23-03-2018 02:27,24-03-2018 01:58,27-03-2018 13:42,04-04-2018 00:00
e078f7da1a6312d4103ba33cd4abd3b4,8228970427bdddfa151f173ad4c9884b,delivered,18-09-2017 23:11,19-09-2017 23:15,21-09-2017 10:03,22-09-2017 19:22,04-10-2017 00:00
f477310b29b71da3ef394aaf61669075,f7030ef55d9a5ec617439b05e42a707b,delivered,04-02-2018 21:43,06-02-2018 03:35,06-02-2018 18:35,28-02-2018 15:45,12-03-2018 00:00
9b09902ff42cd359909e5203a008a921,4626deb1d6528b9fe2ff75fd889f27c2,delivered,03-06-2018 10:28,03-06-2018 10:50,04-06-2018 10:15,12-06-2018 21:07,13-07-2018 00:00
0ee52d4b00ab65f19b7e89e5683766bf,9d9fc80cdedb63de913387b502bee19b,delivered,12-09-2017 20:38,12-09-2017 20:50,13-09-2017 20:33,18-09-2017 16:48,22-09-2017 00:00
34bc0a0bfffcb81d3b412e77e2933a4a,a4859628b4cc633732ea27fb1a00420b,delivered,13-04-2018 20:57,13-04-2018 21:09,18-04-2018 22:12,19-04-2018 22:28,25-04-2018 00:00
901a84df9454849d20d02683117105ac,61f3b1e44f811e6f59c9433a3bea727c,delivered,17-07-2018 10:27,17-07-2018 10:41,17-07-2018 13:32,25-07-2018 00:03,15-08-2018 00:00
a198770e8161a0593a4acdbd70b6681a,f3639d5ac79b87a62d0e0829e46928c4,delivered,06-12-2017 00:06,06-12-2017 00:18,08-12-2017 19:42,22-12-2017 00:37,02-01-2018 00:00
e7f237163458b9df35d29d4ee460f233,0561cee0e208939ff198184d3d7bd9fa,delivered,11-05-2018 09:58,11-05-2018 10:17,11-05-2018 13:37,17-05-2018 22:05,06-06-2018 00:00
4bd80487e45eb96ed277f47d7b9dca63,b791f3a14af336adefada909e64691b1,delivered,25-11-2017 08:05,25-11-2017 08:16,29-11-2017 00:51,08-12-2017 16:57,11-12-2017 00:00
6caff58e656c5b6c5769918fd09707c2,f463d27a26d6aa1d7f438df524c501dd,delivered,15-06-2017 17:52,15-06-2017 18:05,16-06-2017 11:07,19-06-2017 13:54,06-07-2017 00:00
cae550bd1bf7bfba357a10319a0fb4be,e192997c0b0792b8ba9e8364d063046a,delivered,11-07-2018 15:45,11-07-2018 16:06,01-08-2018 14:02,05-08-2018 11:42,01-08-2018 00:00
36da3594f270f9d28bae07df5974d240,4d1e62429d88723ea3c9a72fb4c4ffe3,delivered,21-10-2017 12:35,21-10-2017 12:49,23-10-2017 18:58,26-10-2017 20:32,09-11-2017 00:00
cb2b577a4ebd84bf84ff3990084d490f,ebd67b458c0b8b23fa5d869779adc761,delivered,05-10-2016 17:11,06-10-2016 15:54,30-10-2016 15:14,31-10-2016 21:41,29-11-2016 00:00
b4c9f083bce61caf47fb38f9ba058bce,6ce60503e530d8a67926e9b8e3fdb635,invoiced,05-08-2017 16:00,05-08-2017 16:15,,,30-08-2017 00:00
b3f352a3b3887a501a98642fa5840e66,a6c4086c5ec600d696fbc7acc81aaabf,delivered,14-01-2018 22:46,14-01-2018 22:56,07-02-2018 18:38,16-02-2018 21:46,08-02-2018 00:00
d9a08faa201940dd3302f06944b5c739,0fbba4e64c66162f8108ba004d0b929d,delivered,17-01-2017 18:57,17-01-2017 19:10,26-01-2017 11:53,31-01-2017 12:22,15-02-2017 00:00
1fce119897499a117beb9f48ac6cff5c,3ff44e26adfbbe256c5c9dcfb14d5822,delivered,31-01-2018 10:22,31-01-2018 13:44,02-02-2018 20:34,14-02-2018 21:53,22-02-2018 00:00
bd396d4cd7a0507db99110954a0d9173,a71764704f63e605e020c4ae34aa78f6,delivered,28-08-2017 18:04,28-08-2017 18:15,30-08-2017 19:42,04-09-2017 16:06,14-09-2017 00:00
cbb8697212a65198772c9406834180f8,c2b7ffaec7595810b1c1f71e75081c39,delivered,12-12-2017 17:52,12-12-2017 18:10,13-12-2017 21:45,28-12-2017 15:53,12-01-2018 00:00
be4c5d2cf0254f1c2bee8cf45f690b96,3247cd3218e45b431e7920aca9acea3f,delivered,07-01-2018 14:08,07-01-2018 14:47,09-01-2018 16:08,11-01-2018 21:05,06-02-2018 00:00
c1eae222313b3a7eac740761313cbd27,819d8a9b81c0d3e3204e5b80252660ca,delivered,05-09-2017 12:48,05-09-2017 13:03,06-09-2017 13:30,13-09-2017 14:58,06-11-2017 00:00
77e1d11cc4954b7a395f9ecba7edd397,9b4daa1db65ef1623983286611eb63e1,delivered,09-03-2018 08:23,10-03-2018 03:50,20-03-2018 17:16,23-03-2018 15:06,05-04-2018 00:00
5a56d595adbe321751c4f42b708ccc35,a1be9f93fac47b616502d82987542c6e,delivered,08-05-2018 13:37,09-05-2018 13:34,09-05-2018 14:30,18-05-2018 21:06,28-05-2018 00:00
15e63a2cb02a2f0485e5740e8c6f0155,b2333f7e589f125452148e1bec4b9fcd,delivered,26-04-2018 14:56,27-04-2018 03:10,27-04-2018 14:10,03-05-2018 21:28,24-05-2018 00:00
fe58b25c8ebdc65c3d4cb34070bf9e5d,d70a4c877dba1679f5c7ded688e39609,delivered,18-02-2018 21:52,18-02-2018 22:55,14-03-2018 21:37,02-04-2018 16:12,12-03-2018 00:00
56515935f0fcb6b511a18dc10a50173f,614fe1c6546241092e71ac4d9017cb0b,delivered,07-03-2018 14:50,07-03-2018 15:10,12-03-2018 16:48,16-03-2018 19:51,23-03-2018 00:00
4cf05124a340f768d9d89d5b91a6af97,17109b321000eac4651619ac8f9b6035,delivered,02-03-2018 09:30,03-03-2018 02:49,05-03-2018 17:17,12-03-2018 21:52,26-03-2018 00:00
7a6f03d6c02a319e084dd0ca7bdb5d07,ddc305318969c71969b82bd97a1d1560,delivered,20-12-2017 04:52,20-12-2017 05:54,20-12-2017 20:38,04-01-2018 21:27,09-01-2018 00:00
cd4d7e23c22aeff7984a40a3045e9751,4e980e0ab8106b6976d795063aeb3a51,delivered,26-12-2017 15:58,27-12-2017 15:53,02-01-2018 21:09,15-01-2018 20:48,22-01-2018 00:00
28cf49bbfe2683759d3cf866b7fda22f,94a265c7d6fa0389f4fec04d4eae8b66,delivered,20-01-2018 15:47,20-01-2018 16:00,30-01-2018 18:22,09-02-2018 17:35,19-02-2018 00:00
4cc22fa6b7267027aac4151271636112,d2352eb89c2f0a1e01fca14e007aeb87,delivered,14-08-2018 19:39,14-08-2018 19:50,16-08-2018 13:08,24-08-2018 00:06,12-09-2018 00:00
ca649df2968bbbc843a5c75c7bc803ba,2cfe4a934e085d0311823648400e4cd2,delivered,14-11-2017 11:33,14-11-2017 11:50,17-11-2017 21:52,28-11-2017 01:40,07-12-2017 00:00
cdc1ac6a94d34f438c153db4b7b5a691,ef6b2b4d3dafcaff444be4b56e9edcf8,delivered,06-08-2018 10:11,06-08-2018 15:04,09-08-2018 09:57,14-08-2018 19:18,20-08-2018 00:00
fb1e54ec77d42cc140f67895fd2c8d8a,65dd345a83fd68cf607c3df70deb40df,delivered,27-05-2017 11:19,27-05-2017 11:25,29-05-2017 12:57,30-05-2017 06:17,09-06-2017 00:00
43698bc1371b83853814e6a6afcc89f8,c9810bad88b465541f86a819e6c17b69,delivered,20-03-2018 15:06,20-03-2018 15:29,21-03-2018 19:11,28-03-2018 20:38,13-04-2018 00:00
41db0ab7c0c615a697ca63860cd13a33,71d0aa2c2ddf9293f7a1855c366ec21e,delivered,14-11-2017 16:57,14-11-2017 17:15,16-11-2017 22:19,21-11-2017 17:21,07-12-2017 00:00
317bfcd79627d89d54a917da6e066beb,124ea0ac4cadfffc49227a24235871fe,delivered,12-03-2018 09:48,12-03-2018 10:15,13-03-2018 23:35,17-03-2018 17:40,10-04-2018 00:00
b4b08f39312c936c9ecb2327c63337ea,2cd6065a0296dc8f007dbf413a225da4,delivered,29-01-2018 09:59,30-01-2018 03:39,06-02-2018 23:49,15-02-2018 17:31,02-03-2018 00:00
d307290675e59c844ebde65696377750,8f921c03841a893f7102c58d54d431a9,delivered,28-04-2017 18:25,29-04-2017 06:35,09-05-2017 12:12,24-05-2017 22:29,06-06-2017 00:00
7068f14af6c3c575490f74b6aaf2f05c,30fc4a8a18b770f84c381b09eccd9b8d,delivered,11-04-2018 12:34,12-04-2018 12:31,12-04-2018 23:48,30-04-2018 18:33,16-05-2018 00:00
df281308c4a5cd2e3f2cc5c7eb5c30c3,4666258a26f60758fbdbaaea7ae1173c,delivered,26-03-2018 18:01,26-03-2018 18:15,27-03-2018 23:44,06-04-2018 20:16,19-04-2018 00:00
b687f81e0e59c1153eaa197ad1c1d043,4c047a7a1169d69034904b2fb4abb348,delivered,28-02-2018 19:46,01-03-2018 02:48,08-03-2018 16:31,19-03-2018 23:46,15-03-2018 00:00
692bd5c2be36c7274148d55f3ab22edc,08bdb18f09e1d64ab30eefcac034e265,delivered,27-11-2017 11:05,27-11-2017 11:35,04-12-2017 20:33,22-12-2017 02:18,05-01-2018 00:00
257a853e3afe9bee83a67f4798e6db79,6e0d24cca09d3e293781b6fb16fb5a3c,delivered,08-05-2018 14:09,08-05-2018 14:30,08-05-2018 15:18,16-05-2018 19:16,28-05-2018 00:00
72c061dd658608d47b290082ddbb976d,a16c7e7bd772bc541be94b7a25c1a906,delivered,07-10-2017 10:38,07-10-2017 10:49,09-10-2017 20:22,13-10-2017 17:04,25-10-2017 00:00
394f1635c89b6816274552e7caa43099,9134f2092e13a2323b387cbad1f56d1d,delivered,08-10-2017 11:39,08-10-2017 11:56,09-10-2017 16:52,18-10-2017 20:31,09-11-2017 00:00
e793e2ffd549447018149bce4de2850c,b0e809b21312efd191d8cd6055457f41,delivered,05-09-2017 11:07,05-09-2017 11:24,05-09-2017 17:32,15-09-2017 17:42,29-09-2017 00:00
8835bc08d0bba62b3f65c7903126fa49,aa78339a081ffb1671c7140d2693ee86,delivered,06-08-2018 13:26,06-08-2018 13:44,06-08-2018 15:16,15-08-2018 14:28,15-08-2018 00:00
e6657617ef1f4cc4cc2413cb0a6630ae,473510bdc67d814c1feda19dc137023e,delivered,30-01-2018 16:16,01-02-2018 03:13,01-02-2018 18:48,14-02-2018 19:43,21-02-2018 00:00
53cf21aea186e583d69fe8d531829e3c,c905b50d1a1fadcba284eab7fa52fb25,delivered,02-12-2017 20:09,02-12-2017 20:19,18-12-2017 22:28,26-12-2017 22:32,29-12-2017 00:00
c4338fc6904fe8ebef8e0e42ead3c0e0,7225f2492ed367f203858f47023b7172,delivered,17-12-2017 01:00,17-12-2017 01:13,19-12-2017 23:04,22-12-2017 22:28,24-01-2018 00:00
97bca524044b6fffcdbcc4ced6e2390f,5a31560ab7821af245ac21f6ede6f4c3,delivered,03-10-2017 21:30,03-10-2017 21:49,04-10-2017 21:34,05-10-2017 22:02,19-10-2017 00:00
08cef746691fa27e23fe2c32a02c0e21,b169b69e3ad77c2ea0e63ae4710b863b,delivered,26-02-2018 14:09,27-02-2018 12:50,05-03-2018 23:52,06-04-2018 18:32,26-03-2018 00:00
6e9c0612875f3247e91446d8d0bf7d50,ba6cf34ac15f009cb735e05fb4f48c11,delivered,23-12-2017 18:41,27-12-2017 04:14,27-12-2017 19:18,09-01-2018 15:44,15-01-2018 00:00
b7aeacfc25789063ab26dcbed69401a3,9b1cf85143c429c569ffa542f24ce20a,delivered,21-01-2018 17:28,22-01-2018 13:55,25-01-2018 15:52,29-01-2018 17:13,14-02-2018 00:00
0aa6d207e7ba004eef415715c25765ce,f467accea193ed2a3000f9ea4092820b,delivered,15-04-2018 11:59,15-04-2018 12:15,17-04-2018 03:34,20-04-2018 20:08,04-05-2018 00:00
d59a804dba63b4bae7ee24c0befec958,2b2615fdbdbd7f81776f95163acbd096,delivered,24-11-2017 23:12,25-11-2017 02:14,27-11-2017 17:58,11-12-2017 22:19,19-12-2017 00:00
29b56549adf0256e35b6aabd8a7f7455,2c2403fd211b56dcde8c570e2af77ff6,delivered,07-08-2017 16:45,07-08-2017 17:23,08-08-2017 17:36,15-08-2017 19:03,29-08-2017 00:00
5c51684e9930d09a7f209a96c71064ef,cce67659e9d04865a064779206b7f545,delivered,02-05-2018 23:21,03-05-2018 00:50,03-05-2018 18:59,04-05-2018 22:03,18-05-2018 00:00
a8098c74d0b6846c8dd5ea90952879ce,0dfc0621220f4aa19960d5c5397f0835,delivered,14-07-2017 13:10,14-07-2017 13:24,14-07-2017 23:29,24-07-2017 21:06,07-08-2017 00:00
f472c6c9045f35a40845e71c997dcc74,cb153f91686e47164e735df3c91296d5,delivered,19-05-2018 20:15,20-05-2018 01:00,21-05-2018 12:14,05-06-2018 14:48,06-06-2018 00:00
1d46e93ded8b3ff059abe41e14754362,ddc49820b80baa11c1fd013d27e171fd,delivered,23-08-2017 13:58,25-08-2017 03:05,28-08-2017 17:58,04-09-2017 21:15,19-09-2017 00:00
9798002938de9acb5883e90411ded034,94a67251f1d5468f05e0758a00cf070d,delivered,15-06-2018 19:24,15-06-2018 19:42,20-06-2018 14:56,10-07-2018 18:07,11-07-2018 00:00
354310406adf3de2d6793865cca4eb97,ad70f138775d968ee261c7dfec755835,delivered,06-11-2017 20:23,07-11-2017 04:31,07-11-2017 17:35,13-11-2017 20:58,24-11-2017 00:00
14b791be12b020b826c2ee4c7662a5da,d79bbf4a1c9af9f33686cf1f64457f63,delivered,30-03-2018 16:27,30-03-2018 16:35,03-04-2018 21:04,13-04-2018 23:28,25-04-2018 00:00
cf2159bbc127ae7a92a057266d687260,79986e17c3a038cb24355365fc78a0e9,delivered,13-04-2018 07:50,13-04-2018 13:31,17-04-2018 18:11,19-04-2018 18:42,11-05-2018 00:00
10084ae353466f1c95f62cbacf6168d5,16da36096df96205bb8d9505199f726d,delivered,20-02-2018 10:33,22-02-2018 02:30,22-02-2018 17:53,02-03-2018 20:48,14-03-2018 00:00
bfbac0cb986a021b149fd1ecd301a95e,445845e4372db1e918553b093b13fe8e,delivered,05-08-2018 14:47,05-08-2018 15:04,06-08-2018 15:05,07-08-2018 20:32,09-08-2018 00:00
3d89350fbbbebf725356d7abe70f17a0,7574e4f5f09e0daa235e6ea3d3b3d5fc,delivered,31-01-2018 17:08,01-02-2018 02:56,06-02-2018 00:58,27-02-2018 21:22,22-02-2018 00:00
4c8c092a897404409eb4858b2c35f100,a82a9ed42b002098621df8124fefd4ff,delivered,07-08-2018 08:40,07-08-2018 08:50,13-08-2018 12:42,14-08-2018 17:51,10-08-2018 00:00
c39ffdd77f5ddda482650795f30f7aac,2bd76f7c3456afd0a6885eb89e8bc212,delivered,02-08-2018 12:29,02-08-2018 13:15,03-08-2018 13:39,07-08-2018 11:12,14-08-2018 00:00
654ba98a499a03473f9780e5c7fc227b,a81d2b8ee773249a32739a766ef9d891,delivered,04-08-2017 03:06,04-08-2017 03:23,08-08-2017 20:34,09-08-2017 18:34,17-08-2017 00:00
4801b9cf238c2c9098bd66a5f092c2da,ca85ad830716e1b7b2964c68c146195d,delivered,29-11-2017 23:02,29-11-2017 23:18,02-12-2017 15:38,08-01-2018 20:54,29-12-2017 00:00
d7273b44707722d534c868f279e235cb,c32080bd1442f65f3859a01f865bdf93,delivered,08-11-2017 12:09,08-11-2017 12:30,08-11-2017 17:56,22-11-2017 14:57,06-12-2017 00:00
ddc75e18227aa517946c2239d18d1300,74fd1de60f458a07ceaded11a698fbc3,delivered,27-07-2018 21:30,27-07-2018 22:15,30-07-2018 12:24,02-08-2018 18:46,15-08-2018 00:00
98a6c523ea54e65d9320d388708b49d3,052c644eb399b528aa0c6ff95a3ea856,delivered,07-08-2018 18:45,09-08-2018 04:05,09-08-2018 14:25,16-08-2018 15:53,23-08-2018 00:00
40ff15fd1f4a802dd323bd89a6967b5c,4ffdc20f14db2fc732a0548cf3778396,delivered,31-05-2018 15:31,31-05-2018 15:51,04-06-2018 14:33,06-06-2018 15:07,19-06-2018 00:00
63e4ede8e88252dcabc3a251e84dd7ff,4d5ad499182eec2023662b93e804e9a4,delivered,15-12-2017 23:05,15-12-2017 23:16,18-12-2017 16:23,05-01-2018 23:58,12-01-2018 00:00
605ddab5485410c9c3c11f4ab9a74f6a,9166122ca8d3afb612cd3bdf4f804bcd,delivered,18-01-2018 11:21,18-01-2018 11:37,18-01-2018 23:35,03-02-2018 00:42,16-02-2018 00:00
316495342fc714e50303c6cf4feea79f,f5af1f7ad0a0eeb438292e8540480407,delivered,27-12-2017 21:34,27-12-2017 21:46,28-12-2017 18:16,05-01-2018 00:25,16-01-2018 00:00
a2b99b6a9c5b0c402cfbabfdbb69918e,f7f33607a433200f6a87624740e24f8e,delivered,10-09-2017 07:09,12-09-2017 04:45,12-09-2017 12:28,19-09-2017 18:11,27-09-2017 00:00
287445be3e2a5f0d3f5036b2a778d1c5,d86567cdc776774d6de508880d117fdd,delivered,16-05-2018 13:29,16-05-2018 13:59,17-05-2018 12:25,22-05-2018 17:06,19-06-2018 00:00
ec258e1773b41df94290f07bccbd1ec1,aeb558923701cfd4b4ee039cecb8fa77,delivered,30-12-2017 13:46,30-12-2017 13:54,02-01-2018 21:23,10-01-2018 21:18,29-01-2018 00:00
47eb628894a1aa066bafb6d3de07da4b,52f7dfec08a527c57de6b521b799945b,delivered,11-01-2018 18:05,11-01-2018 18:17,12-01-2018 15:34,18-01-2018 21:13,06-02-2018 00:00
bb6f77e22d300a3c74436c9ea8925945,76696c96f4cfa5fbaa17fdcced323c9b,delivered,19-12-2017 23:00,21-12-2017 02:11,21-12-2017 22:13,04-01-2018 22:56,24-01-2018 00:00
a96e4916afbe040afbe005d10eb41523,6a575fe9813b011bf94d8185ec600045,delivered,26-07-2017 20:49,27-07-2017 16:03,01-08-2017 21:21,03-08-2017 16:52,08-08-2017 00:00
2de5b68f713b073b77fda04cb4868443,b3ef2e15b1f2d5598a28e08e3536542b,delivered,05-12-2017 14:10,06-12-2017 12:51,07-12-2017 18:57,09-12-2017 14:07,28-12-2017 00:00
4173123220bd4c3bd19044ee5f76c467,2a1789d31dc13c07b1687e2731f7887b,delivered,30-08-2017 14:24,01-09-2017 02:25,01-09-2017 20:41,11-09-2017 18:30,28-09-2017 00:00
6373b46dd60ea2f0d7890c131155a0a8,e93fe682b610d10753091905388c433f,delivered,15-03-2018 17:33,15-03-2018 17:55,27-03-2018 23:24,05-04-2018 21:14,24-04-2018 00:00
a558df35f2582dce7a0a683f618ea859,70e9cf1e18e454538ab51d6b0c52758d,delivered,19-02-2018 06:54,20-02-2018 06:46,20-02-2018 20:12,07-03-2018 20:29,15-03-2018 00:00
650ca3873d0a09fb4604deef7817ef60,5181e6f1eb922ea7daaec1d9f06aa7d7,delivered,12-11-2017 18:56,12-11-2017 19:10,16-11-2017 17:19,27-11-2017 20:16,08-12-2017 00:00
0b0334d5ad01e008caafb19973bf1acb,64c1209f6fae0cbe57bd7e39469506f4,delivered,25-04-2018 10:52,25-04-2018 11:09,02-05-2018 11:19,07-05-2018 20:12,05-06-2018 00:00
7a0eb0a897a19d67575a24798ba26fc5,7e4afd20ae143f73bec2e0ce84be702f,delivered,04-03-2017 10:37,04-03-2017 10:45,08-03-2017 17:26,14-03-2017 15:51,23-03-2017 00:00
397f4ed009841e83e71435ab9376cc8c,111dcb0d9a9858c0d2b01fffc0b8126d,delivered,19-07-2018 18:32,19-07-2018 18:43,23-07-2018 06:05,25-07-2018 20:48,20-08-2018 00:00
4f39a94d6e474819d898d6df7d394996,27a410dccb395b6ce45963874d158352,delivered,28-04-2017 16:28,29-04-2017 02:42,09-05-2017 14:06,19-09-2017 13:54,30-05-2017 00:00
223b2b4c06ffe3ced7307cad0ebd5e44,32df5b33f0b3abf4b75988b73732701a,delivered,11-12-2017 23:10,11-12-2017 23:36,13-12-2017 19:34,28-12-2017 20:28,10-01-2018 00:00
cc85879fb8f1767ad9b67dbcfa113e7b,fef63fc541ea4380366f67bee5cf11d2,delivered,07-04-2018 13:26,09-04-2018 19:29,14-04-2018 14:23,17-04-2018 21:36,04-05-2018 00:00
cf3da3c7f3915ee38eb71471c6aac434,30c0d1803692aa5d5f70dfb0740175c1,delivered,10-08-2018 09:56,11-08-2018 04:35,11-08-2018 09:15,13-08-2018 17:46,16-08-2018 00:00
93709cc8ac5e38fe6622dcebd2ce72bf,5d6af0de0877df24d2c737741eeaad2d,delivered,28-10-2017 08:28,28-10-2017 08:45,31-10-2017 15:33,07-11-2017 14:41,21-11-2017 00:00
0744ce655e97e70eb03a99cf52385502,ae2702f08dfccf04bf793a9cea9a4b31,delivered,08-08-2017 13:24,09-08-2017 02:45,15-08-2017 20:54,23-08-2017 20:26,05-09-2017 00:00
78d7bf360bb60d0dd4bd37663c126524,bbfd6562ad0326487d9e5c8e6433fc8d,delivered,26-08-2018 13:23,26-08-2018 13:35,27-08-2018 15:12,30-08-2018 23:40,10-09-2018 00:00
915a2730449787ced8fbbc1794ca7d0b,41db322bbc128ead2b4dcb94280a9ce0,delivered,25-07-2018 10:57,25-07-2018 11:05,27-07-2018 12:56,07-08-2018 22:04,21-08-2018 00:00
b2217a354063d984ee320fa29b6baf1a,79e3ba6298327f701c453dedbd155600,delivered,03-08-2018 19:00,03-08-2018 19:30,06-08-2018 16:04,09-08-2018 20:28,20-08-2018 00:00
100c3a4b273a82310ce16d5524e14450,d61a69cff9f2013ae34f6067ddf94523,delivered,16-09-2017 09:00,16-09-2017 09:10,18-09-2017 19:14,22-09-2017 17:11,05-10-2017 00:00
49d82571c200aac8b226cae094dc8f0c,4b4bee09940f6ede7b3cac4b3a2e9a3d,delivered,12-06-2018 21:00,13-06-2018 21:00,14-06-2018 14:53,26-07-2018 15:12,05-07-2018 00:00
fe0f62fd99cb34355fb8706ce0faf6c6,1dcf37da2946cd5a450289683d39887b,delivered,18-04-2018 16:08,19-04-2018 15:38,20-04-2018 18:11,23-04-2018 15:22,07-05-2018 00:00
02a0929986b1647b2df9bb303b4851b9,aee9d44d59c6cb00a9d64b390666224d,delivered,25-06-2018 21:13,26-06-2018 08:57,27-06-2018 10:19,29-06-2018 22:21,12-07-2018 00:00
7674a39ac1ba0b1ca68a18cfbd151b1b,90d7075599361b6945ce6c9e200a687b,delivered,28-07-2017 17:03,28-07-2017 17:15,03-08-2017 20:39,07-08-2017 14:57,28-08-2017 00:00
718b31ebf4b412db36cb480229bca6ab,644ffd89339a2d2cd3479be46dbce91d,delivered,07-05-2018 13:00,07-05-2018 16:33,10-05-2018 15:52,14-05-2018 14:03,30-05-2018 00:00
14f31f8bfd37cf6b1fa6a4aa6e94e930,b7036379c8ca6db063c7e288cdea5094,delivered,27-02-2018 15:42,27-02-2018 15:55,28-02-2018 22:17,05-03-2018 22:57,14-03-2018 00:00
571b3d06ddb5bba38fac92f4da0778e7,73bd1eb83b4172b898bc19681afc885f,delivered,01-02-2017 20:59,01-02-2017 21:10,02-02-2017 11:55,08-02-2017 15:51,03-03-2017 00:00
818878a0bdfd8a8cf46e474a03fc5366,e865ee96ba1d73c1bfad1dc94269fc14,delivered,26-10-2017 13:43,28-10-2017 02:55,31-10-2017 18:25,09-11-2017 16:44,23-11-2017 00:00
67009d1f213f762960c97b4f8629159c,d3e3cb2b2922f53b23b090d9668a1b13,delivered,20-01-2018 11:38,20-01-2018 11:57,22-01-2018 16:38,01-02-2018 21:18,23-02-2018 00:00
7d4101163410b1380268da3933e691f1,603836070f1882347e4800d647793d88,delivered,20-07-2017 23:03,20-07-2017 23:15,21-07-2017 14:27,26-07-2017 20:17,21-08-2017 00:00
55bd3d21d10786b863b8537b32bc3899,6656caf59604b25703d86b9a8ea0f814,delivered,01-08-2018 13:52,01-08-2018 14:05,03-08-2018 11:20,07-08-2018 20:33,20-08-2018 00:00
e981933dec07dfe833f737618e90afe2,9d1db085c2312cc76a261c2f0d153ee5,delivered,21-08-2018 19:49,22-08-2018 10:55,22-08-2018 19:09,23-08-2018 23:16,24-08-2018 00:00
813c55ce9b6baa8f879e064fbfbc9e07,33ff667cdb878cb8e222ae48d131c739,delivered,26-04-2017 01:01,27-04-2017 13:37,02-05-2017 09:46,08-05-2017 08:54,18-05-2017 00:00
9ce36e2fe5d89681ffcdc294ea7363ac,583f92cf005d530fb347398860f184c4,delivered,04-06-2018 11:16,04-06-2018 11:30,05-06-2018 13:05,14-06-2018 10:03,20-07-2018 00:00
0e9ed1bc6589695f10e03b8eca833201,bd33f7c7a64e619e46ee0edd5caf74ef,delivered,20-08-2018 03:21,20-08-2018 14:10,21-08-2018 13:54,23-08-2018 21:57,20-09-2018 00:00
daec7c006304b60ca87044f26409ef2e,9232215e0cd2e157268266f474ca3f11,delivered,16-08-2017 13:12,17-08-2017 13:30,18-08-2017 17:42,23-08-2017 21:30,05-09-2017 00:00
f38baece3d405c61575ec8886dcf4cfe,a2cc9f80829ee0d67d9767a999c9de40,delivered,21-05-2017 09:02,21-05-2017 09:35,26-05-2017 10:03,01-06-2017 15:04,13-06-2017 00:00
b6f7267c5de549e8079e23367dafd3a1,e45d7222b87e8b15b377853dba5be723,delivered,11-06-2018 10:26,11-06-2018 10:58,12-06-2018 13:56,15-06-2018 18:18,28-06-2018 00:00
35298b52820bdcc64b7bf71ccc28a36c,52496ddf0025f7b0ec3cb640a97990f8,delivered,31-12-2017 19:28,31-12-2017 19:46,03-01-2018 17:34,09-01-2018 19:38,09-02-2018 00:00
6c8accd4cab9d1cccad9d791492d53b2,847a65ac1b1b67459d7fe6e1a1af3c83,delivered,17-03-2018 03:08,20-03-2018 03:28,04-04-2018 19:23,06-04-2018 18:51,16-04-2018 00:00
5690636f35f3831fe4cf8d5c8e060d99,c0fcce97e056aff1a7848e43fc975359,delivered,25-11-2017 09:06,28-11-2017 03:20,28-11-2017 18:17,12-12-2017 23:49,19-12-2017 00:00
a0276ec686c0ea314da1e9da49e8a46a,082b0e812e5a5e7be47a20928caee80b,delivered,12-02-2018 17:31,12-02-2018 17:47,14-02-2018 20:34,08-03-2018 23:37,15-03-2018 00:00
c0b4d042df532a3a84b95e89bf2a53c1,fe7d8a2ba8e06d46cc04b6901fa533ff,delivered,11-04-2018 16:59,11-04-2018 17:10,13-04-2018 16:12,28-04-2018 20:04,08-05-2018 00:00
69b4682d3ab5ef1f14a8e9e74638f87e,765b56e9a7716dfe3074a58a8aac5974,delivered,07-08-2018 14:10,08-08-2018 03:05,08-08-2018 13:50,13-08-2018 16:02,17-08-2018 00:00
ab18ff09f55ca3ccc4dbf5bed2c9036d,478c615b39c193099e6f6b352d706ab7,delivered,24-03-2018 12:25,24-03-2018 12:35,26-03-2018 19:52,19-04-2018 18:44,16-04-2018 00:00
99662b91e0128a7de8c373ab7e566dc9,d09200136a8aec3f7a9831754d554b5c,delivered,20-03-2018 15:20,20-03-2018 15:35,21-03-2018 19:08,27-03-2018 18:27,11-04-2018 00:00
9167e0a67d886b453dbb9318f1db42cc,44e22962c585a40a9294dab5ded35dbb,delivered,13-06-2017 15:50,13-06-2017 18:23,19-06-2017 16:48,26-06-2017 11:56,06-07-2017 00:00
db4d39113d1f1f359709384518d81e31,91aed284ce3e18b2be4cb2dafc798b51,processing,19-09-2017 11:08,19-09-2017 11:34,,,10-10-2017 00:00
1e73093ee708ed2b782f359056925208,3f3e1ecfa168cfaffdf4bbdc26c8fd35,delivered,14-08-2017 18:54,14-08-2017 19:30,15-08-2017 17:13,18-08-2017 16:59,14-09-2017 00:00
1494db03a5c6e6ed463866c7e1171104,993add0b1f0f75f14cc08bc0e180db18,delivered,17-07-2018 23:35,19-07-2018 02:55,20-07-2018 11:14,30-07-2018 18:16,09-08-2018 00:00
3c04118e4788bb999f7371015e3dbdbe,a2cd17436c82a68234fbda01562f6e50,delivered,16-08-2017 17:41,16-08-2017 18:24,22-08-2017 20:19,25-08-2017 13:52,14-09-2017 00:00
f16dee6de72d9dcf6b644a19233a39da,00b96a156e6827442e5ec7c620a39d24,delivered,21-04-2018 15:10,24-04-2018 19:28,23-04-2018 21:08,26-04-2018 21:57,16-05-2018 00:00
3550480abae8b6120d0c8d5ca9bbbdfd,d20ce9616a4f457e01b607334fbbb722,delivered,10-05-2018 08:40,10-05-2018 08:55,10-05-2018 15:42,15-05-2018 23:42,07-06-2018 00:00
1cf0fc2c07de89a211f8dcf9ff5af15b,97a0e2c05d5882609289a1816e234ba0,delivered,07-08-2018 21:53,07-08-2018 22:05,17-08-2018 14:09,18-08-2018 18:21,15-08-2018 00:00
0a84fbd88ba3278bbb66308e79b2f416,bd82e5acdc4197ed672255f002b9cc45,delivered,07-03-2017 17:50,07-03-2017 18:03,08-03-2017 11:00,13-03-2017 15:22,24-03-2017 00:00
fea58e65b788d96dd982a2660be9e2cc,d366fbc54434d58bb744ed9216f11d5a,delivered,20-07-2018 13:26,21-07-2018 03:23,23-07-2018 13:25,26-07-2018 22:05,08-08-2018 00:00
f2b00200fa3b427fee60eb4fa811720b,fefe47950f42fddc66afdf7315a36dae,delivered,24-05-2018 16:43,26-05-2018 02:18,28-05-2018 15:55,07-06-2018 17:44,03-07-2018 00:00
a99b56767df11d454006074f4ba801e1,4990d6ec5b1b6ca2b76a73bba192a451,delivered,06-08-2018 00:52,06-08-2018 01:05,16-08-2018 09:28,21-08-2018 17:08,22-08-2018 00:00
e5fa83ee166ad4e56b60c0bc4a2e12bc,09019e777b997c943ed2c3b3b9fb2707,delivered,30-10-2017 23:55,01-11-2017 03:15,01-11-2017 18:03,24-11-2017 21:11,01-12-2017 00:00
ddc5df3b1c497720bae1692c170baec0,94074895c5b185e9642b1a66a3ef05a7,delivered,24-11-2017 13:33,24-11-2017 15:53,27-11-2017 14:34,06-12-2017 13:12,26-12-2017 00:00
8af022ef5bcb85da7e559f43367171bf,5d620255702bc2d194c87b2911951aa7,delivered,08-01-2018 12:11,08-01-2018 12:27,10-01-2018 11:03,16-01-2018 21:11,31-01-2018 00:00
ca135e527ced56014617ee57b5386a2f,89e228202833d7ef75a17cf778a4bf40,delivered,29-01-2018 21:03,29-01-2018 21:32,02-02-2018 00:57,26-02-2018 20:41,13-03-2018 00:00
749ccd54a6e860862770d11abcbbe0bc,fbf63348f1407b889627f56bf252be12,delivered,14-08-2018 21:02,14-08-2018 21:15,15-08-2018 15:13,21-08-2018 21:28,27-08-2018 00:00
7caa0a770f1010526a3e5f65757755f0,8eaeb7321c581b23d11baa046e326351,delivered,14-07-2017 12:56,14-07-2017 16:24,19-07-2017 19:36,15-08-2017 17:20,17-08-2017 00:00
fdeb8e2ed51d3a12a9d6c27a2f70e255,16cbc4e32c7cdb2964442a15b807711c,delivered,21-01-2018 22:20,22-01-2018 14:03,31-01-2018 20:29,03-02-2018 12:07,06-02-2018 00:00
14e4354a0f5d87e8db773937a3f2331e,18aae46d2f68affaf9763d9b54ac6a7f,delivered,13-10-2017 12:37,13-10-2017 12:49,16-10-2017 22:04,27-10-2017 03:02,10-11-2017 00:00
cd073a09b3f9f8f60fe4b7aa998f2ca0,992827c0798eac56fbf32454152b47b5,delivered,20-06-2018 08:57,20-06-2018 09:20,20-06-2018 13:11,25-06-2018 15:16,12-07-2018 00:00
fc0ab8cdbc2f9a64c50264d217e47114,bc9340424036e7a409f72b4628d55973,delivered,09-05-2017 12:22,10-05-2017 02:42,10-05-2017 11:23,12-05-2017 13:12,29-05-2017 00:00
d8d4e1a57a139526d78c7713a4eed523,6f4757d5bc29373b8d9e85452d5c5084,delivered,02-08-2018 20:27,03-08-2018 02:45,03-08-2018 15:57,13-08-2018 19:54,22-08-2018 00:00
ad2cb7174d08a12cbc905429e2027c96,c11fbc580671361648bce57643122d12,delivered,10-05-2018 12:06,10-05-2018 12:16,14-05-2018 08:37,18-05-2018 22:51,07-06-2018 00:00
7e33051b148132bd0c823915b8863e35,e5d2e5d5a118426869969e7edf137611,delivered,03-05-2018 07:24,03-05-2018 07:55,03-05-2018 14:54,08-05-2018 22:58,28-05-2018 00:00
3ab5bdee7463665002059afbc68144b3,98148e148042527f57490f05af4149ee,delivered,07-11-2017 17:30,09-11-2017 05:31,10-11-2017 17:25,24-11-2017 16:48,01-12-2017 00:00
75a274082b03938965592307afe46ae2,341baecb319d65b15bcfc9c3adc5de7f,delivered,04-01-2018 16:54,04-01-2018 17:09,05-01-2018 16:09,24-01-2018 22:12,14-02-2018 00:00
5c08c71d1da2a1cbbb12fe54b0419b41,8e00885d43c3f587e4d60b751462cdf7,delivered,06-05-2018 02:04,06-05-2018 02:15,09-05-2018 13:42,15-05-2018 17:18,25-05-2018 00:00
15261e1a4e2be405c49fb08d7e07773c,944ad7299db6b270609f52b1114ec87b,delivered,24-11-2017 19:51,24-11-2017 22:59,29-11-2017 23:04,05-12-2017 17:52,19-12-2017 00:00
e210ce645469e7eb44209cb28f6bf097,ab5f976b67616479af3bd2404c26ed9b,delivered,21-12-2017 14:45,22-12-2017 07:09,22-12-2017 18:14,11-01-2018 22:20,29-01-2018 00:00
9e6e335c851fd08c6e1b22a0d70bb540,788e9580bf43966d1477ce4fccde2d32,delivered,19-12-2017 15:55,19-12-2017 17:15,22-12-2017 18:43,04-01-2018 00:09,17-01-2018 00:00
614990b55e705d163e360ad21ed63a30,b228af379316f9f5d41d658f91ef6c48,delivered,16-05-2018 18:10,16-05-2018 18:41,22-05-2018 09:06,12-06-2018 20:21,08-06-2018 00:00
08acb70a4f06f300068802d8776fefaa,d95c4eb894db9fa73c355006bfa2534b,delivered,28-07-2017 10:29,28-07-2017 10:45,28-07-2017 19:52,02-08-2017 19:21,14-08-2017 00:00
a236e52ad4592e2e25502b20473e84fc,ed0058629ce30eb5d840ce1316d094b7,delivered,11-08-2018 19:25,11-08-2018 19:35,13-08-2018 13:47,16-08-2018 20:41,28-08-2018 00:00
7be3a5089c1dc43a6943bfb89a249b8c,4ce34b1541d53e6b1b023e4317ae0d3d,delivered,24-07-2018 19:19,24-07-2018 20:24,25-07-2018 08:22,30-07-2018 15:32,30-08-2018 00:00
0786c4c0e6cac26fe4f5c558b232e392,eeef230ea3868be789d424edb3b91546,delivered,17-08-2017 13:19,17-08-2017 13:35,18-08-2017 15:57,28-08-2017 20:56,06-09-2017 00:00
40aecb2022cf80ba1efc9b0ddf5cd690,061a531d906f4bfb762be36757e41f7b,delivered,17-07-2017 18:19,17-07-2017 18:30,19-07-2017 16:32,02-08-2017 21:23,21-08-2017 00:00
aef9c99ee1272a501f52167fe0c5631a,d8f2d04650db8e8b43d2bdce53ddbfa0,delivered,04-05-2017 15:20,04-05-2017 15:30,05-05-2017 16:02,16-05-2017 16:00,02-06-2017 00:00
47120c8873cf3ca85fec9f20ec00a032,a3dff9a630a63b528b2fbed1bc448fbe,delivered,17-06-2017 11:16,18-06-2017 11:23,19-06-2017 20:04,26-06-2017 15:03,07-07-2017 00:00
265858f2ac3e966d6f2e63e5f7a51092,c8e156923e9f6ddffd08c5df3c01880b,delivered,26-10-2017 10:30,27-10-2017 03:06,27-10-2017 18:03,28-10-2017 13:57,08-11-2017 00:00
f99c42cf20b64fe3dc045ae83e56f4e1,18af14116834f457513ba68d3c208eda,delivered,11-07-2017 21:23,11-07-2017 21:55,14-07-2017 13:52,18-07-2017 12:34,24-07-2017 00:00
1c64a95702ee730080852e28d43a73e6,28cfdb6caa2f2821c935a3fedbb785ac,delivered,18-04-2017 20:33,18-04-2017 20:50,19-04-2017 16:13,28-04-2017 09:36,10-05-2017 00:00
a8dd3db8266dac551c7fe1da54c8d415,d149bc46adcbda6621ab6f9055f11bb0,delivered,19-01-2018 12:09,19-01-2018 12:17,19-01-2018 21:09,26-01-2018 15:27,15-02-2018 00:00
3056cd8b96b8ff6badf1b936a8cb3bc8,07ebdcd609056322ab696bca753690ee,delivered,01-03-2018 23:08,01-03-2018 23:29,02-03-2018 17:09,07-03-2018 20:52,26-03-2018 00:00
753c946b8e6608e274c63dacb53fb67f,8a2fc75853530d4225f7fba2d836d387,delivered,06-07-2018 18:37,07-07-2018 04:48,10-07-2018 14:56,16-07-2018 14:13,03-08-2018 00:00
582ecddc80251f58adb996143e81d6e0,d6aba909671bed4ffb393c2c4a9c1cb2,delivered,15-05-2018 16:13,15-05-2018 16:36,16-05-2018 14:08,21-05-2018 18:36,07-06-2018 00:00
2275c86505ffbdf6aa88cd91bfeeae33,0b6176d7c46eb2e5d839fbd9f6d1bce7,delivered,01-12-2017 11:10,01-12-2017 11:30,08-12-2017 15:22,18-12-2017 20:37,27-12-2017 00:00
00a174dbf11967d260033fa6ab711493,ae06f7ef9cae527f248b5401c5663265,delivered,27-11-2017 10:29,27-11-2017 10:56,29-11-2017 20:03,19-12-2017 19:33,20-12-2017 00:00
9c0ca649b4269a45a953747ae381d37c,9f57e674f66d1758920393d010d9e969,delivered,10-08-2018 20:18,10-08-2018 20:30,13-08-2018 14:14,16-08-2018 21:41,27-08-2018 00:00
b0121f9117cd8f3e1d9fcfa7c21533d4,a6ce93bc0e8cb0642ef2c8105456fe91,delivered,02-06-2017 16:17,03-06-2017 16:25,05-06-2017 17:08,06-06-2017 12:44,16-06-2017 00:00
70e430723d15eaf320da7d163e736ed3,3411e434834321dbc03ce82d340a0d78,delivered,16-08-2018 12:46,16-08-2018 13:03,17-08-2018 14:33,21-08-2018 18:32,11-09-2018 00:00
b7441c24c727cdf423f8339a62447193,83ec5df9d919623cea294ca76be73b0c,delivered,22-11-2017 21:12,24-11-2017 03:10,12-12-2017 01:08,18-12-2017 15:19,11-12-2017 00:00
96c01643f38c59fe8ac1ef0480d423fc,1796c18274a6cb3a6ec3ac02cde5389c,delivered,11-04-2018 22:47,13-04-2018 12:50,13-04-2018 22:12,16-04-2018 19:54,08-05-2018 00:00
9ab5644159baae7027369bff9c6890b1,a1be2e6e7eded43730e9b8abd863e039,delivered,27-01-2018 20:56,27-01-2018 21:17,30-01-2018 20:58,05-02-2018 20:11,20-02-2018 00:00
2468e620a816b687f5dc6878e7d847ce,c263ebf69a31d58fe14346bb309ff697,delivered,09-02-2018 10:47,10-02-2018 10:47,14-02-2018 22:16,20-02-2018 15:03,05-03-2018 00:00
dea01d9c1e4b72c2db85ece62b00d823,abd0d963d378cd25a471cb2e45534c8d,delivered,19-01-2018 11:37,23-01-2018 03:52,23-01-2018 17:27,05-02-2018 19:41,16-02-2018 00:00
6b998c66969da91aea4b8ce0173a5bdd,b7683baa9491190a81d10e9c2502c1d0,delivered,04-05-2018 11:09,04-05-2018 11:33,07-05-2018 12:31,10-05-2018 14:22,30-05-2018 00:00
d607cf247d8e19a82548c3a30cb2d173,1f286139afe2eb2040a68fee6e253eda,delivered,13-09-2017 20:23,13-09-2017 20:35,14-09-2017 16:54,15-09-2017 19:36,25-09-2017 00:00
e194f9ac9793de14b87eecf9b3532421,edb556fd9c201137bdea274e76b67a9c,delivered,16-03-2018 17:55,16-03-2018 18:08,20-03-2018 15:26,18-04-2018 22:08,11-04-2018 00:00
0acfe927eda045512670dbbf763b330a,c56ac9e8772a402f6a167237b0c13f28,delivered,21-04-2018 15:10,24-04-2018 18:58,23-04-2018 20:34,27-04-2018 13:31,17-05-2018 00:00
0f081161ec11a7986d836cf8e012cd21,70e6d8407a54a97e0985316f11f46ee6,delivered,15-04-2017 17:06,15-04-2017 17:22,17-04-2017 10:38,20-04-2017 09:35,15-05-2017 00:00
7d27be18a08a2dbe4ee2d12c2fc5a739,1186b32fd68e9c50884527b4ad233083,delivered,16-03-2018 21:22,16-03-2018 21:35,19-03-2018 22:56,20-03-2018 14:58,28-03-2018 00:00
d265e2114f019b12adfff1e68a241a8e,49fbad4fd44bf061db521927312ac8f5,delivered,27-08-2018 19:39,27-08-2018 20:20,28-08-2018 11:23,29-08-2018 20:08,31-08-2018 00:00
bc01ea4b0d29f66c3b84774cedea3667,edaa9852dc9c501799d0062442a05a52,delivered,27-03-2018 16:27,27-03-2018 16:50,28-03-2018 22:26,06-04-2018 18:29,18-04-2018 00:00
671da50aeba5a03f468677e421e93b3d,a8f5a28154b64dab69d0a0ada4d223ff,delivered,21-06-2017 16:40,22-06-2017 08:05,23-06-2017 12:14,26-06-2017 14:32,06-07-2017 00:00
082c7986084072affce4f8c0a20a39df,709a44317585874947086347088ff28b,delivered,28-02-2018 13:15,01-03-2018 02:35,01-03-2018 18:28,23-03-2018 19:14,19-03-2018 00:00
92ea6a0cefc845d92f3b1339e0e0100a,e66d33cb50becd445c9a52eeee37adbf,delivered,12-01-2018 15:02,13-01-2018 14:52,16-01-2018 14:58,26-01-2018 20:05,21-02-2018 00:00
d3d2abdcb92f954926408fc4e9088e45,ba8329f5610eea3af74dc1d1fe3e4564,delivered,04-02-2018 18:28,06-02-2018 05:31,09-02-2018 15:58,16-02-2018 14:44,01-03-2018 00:00
d7c88efc86371e81d37eb2cff1c61020,c6405c62925ba71e578093f93a07814a,delivered,23-05-2017 08:51,23-05-2017 09:02,23-05-2017 15:53,29-05-2017 10:37,13-06-2017 00:00
38a7d2cc64bcabb5595e709def8dba7e,0df5896a6f325a7c16bbe6c4d80eb82f,delivered,11-01-2018 19:36,11-01-2018 19:46,15-01-2018 17:46,22-01-2018 21:48,05-02-2018 00:00
9db84495f43c7c241929f3c0380dc27b,bff5381b97603b77d34b06e7b95695fb,delivered,24-03-2017 13:56,24-03-2017 14:05,03-04-2017 15:03,11-04-2017 12:13,05-05-2017 00:00
bb459de681cfef5d3484ec88dc2b508f,cdfb43f4e84e1508fdaa9d6eb73e52d8,delivered,14-05-2018 15:42,15-05-2018 15:35,16-05-2018 13:44,07-06-2018 13:19,11-06-2018 00:00
f67ed27c364607b4afba7d4d7b32f524,10b92e68e50359e80f2c0459df7d2442,delivered,08-10-2017 19:34,08-10-2017 19:49,09-10-2017 16:17,10-10-2017 16:05,25-10-2017 00:00
727ff4968b521aca37f5ac012eb0c9ad,314222754b66db2d977b14ecc4ee2756,shipped,24-11-2017 12:03,24-11-2017 13:53,29-11-2017 21:21,,08-12-2017 00:00
122113ebabe53addad2976ed1ba7cfe3,468c50060017c568e068d4608b5bfa16,delivered,10-04-2017 17:23,10-04-2017 17:35,11-04-2017 15:00,20-04-2017 13:52,15-05-2017 00:00
0bcb914e60bb0de6160699483722bc0d,7095f9b891c923ab4e2298b22649e6ca,delivered,06-05-2018 19:50,07-05-2018 09:56,11-05-2018 15:31,21-05-2018 21:28,04-06-2018 00:00
94a224f03c816cd9a1d94b886e26da80,ee356dc1282ff78b19141fc057037a08,delivered,04-03-2018 18:31,04-03-2018 18:48,06-03-2018 22:52,13-04-2018 19:14,02-04-2018 00:00
1500f1a091b64e1e36d67b8622031e93,7edc8f32ebb21dbf9f6e734f2e461afa,delivered,05-12-2017 00:06,05-12-2017 09:47,05-12-2017 22:18,12-12-2017 22:18,02-01-2018 00:00
58fcb8ce8784213ace394e1427f50fb7,9e4f4608b4a885205ebb609ecdb7ea5b,delivered,11-07-2018 01:50,11-07-2018 02:05,11-07-2018 15:15,12-07-2018 21:51,19-07-2018 00:00
56ef80c564f6fd57cc662adee0379746,207df7ad3a701cc5f0a232000cca51f9,delivered,16-01-2017 14:24,16-01-2017 14:35,16-01-2017 15:21,23-01-2017 08:56,24-02-2017 00:00
98886a41872c9df13b990863b330f710,fb858665709e2e6adfe0207bcc5b3118,delivered,06-08-2018 14:44,06-08-2018 15:04,15-08-2018 13:06,16-08-2018 19:28,15-08-2018 00:00
73c0786753e32171d5d1bba1e682b4ba,437820aa4853d90478621dffef1aae45,delivered,07-08-2017 21:41,09-08-2017 02:55,09-08-2017 17:15,17-08-2017 15:46,06-09-2017 00:00
e30bc9599660c657ce6cf351f1a98b5f,cc9e0c2d088a2b71c3b5f067fafab259,delivered,11-11-2017 20:24,14-11-2017 03:55,16-11-2017 22:36,23-11-2017 16:31,01-12-2017 00:00
956f15dfe9a7f2414a02c445fdbb865a,007b7f04a35e02745c23ea706492ca20,delivered,21-01-2017 18:37,21-01-2017 18:45,24-01-2017 07:21,02-02-2017 13:54,17-03-2017 00:00
90b0ca32bb968251ac0b7eeb5393b7fe,9298e21b96ed98849264062a27a76c63,delivered,06-11-2017 23:01,08-11-2017 03:26,16-11-2017 14:34,22-11-2017 18:58,24-11-2017 00:00
ffdd178654127ccf34a439e8704fecd9,33d0814c9eff200629eb49330ce5c6a3,delivered,07-03-2018 14:07,07-03-2018 14:29,09-03-2018 01:43,07-04-2018 13:16,04-04-2018 00:00
78d54cc2c9c87e4bc2a38d1443d81cbd,c624328295d90847765ee77db086b58e,delivered,26-07-2018 16:55,26-07-2018 17:05,27-07-2018 14:08,02-08-2018 21:51,04-09-2018 00:00
afc22368eeb04afb4727cdec59103f90,4494791f21d3b8231c74f272671b6167,delivered,23-07-2018 15:08,23-07-2018 16:04,25-07-2018 13:54,03-08-2018 16:41,09-08-2018 00:00
5c8a12c2c89e9e65e52260359ac95a15,05006a510ff7ae9e5b9901344cac5f24,delivered,30-04-2018 13:54,30-04-2018 14:14,02-05-2018 14:04,03-05-2018 18:51,14-05-2018 00:00
cf89399a034c96945092cc819f31801d,eb3e00534a970a5f3309eac06880f0f6,delivered,11-02-2018 11:13,11-02-2018 11:28,14-02-2018 20:05,01-03-2018 01:43,06-03-2018 00:00
34871174fe1f4c68f7efac5e5b3fbbde,0d72c06cbd17cde4598ce4aa6d065a7c,delivered,19-08-2018 22:45,21-08-2018 04:30,23-08-2018 13:40,30-08-2018 16:03,27-08-2018 00:00
173f3e01cc3fc12d3831a3d80a024a90,f493f84141c8e1de969c750413554006,delivered,22-07-2018 20:27,23-07-2018 12:31,23-07-2018 12:53,31-07-2018 20:46,16-08-2018 00:00
b02a2e4aaf38eb7c05ef28a6091ae2ce,4befc2f11b265e8aad849eafc3c82e43,delivered,19-04-2018 10:15,19-04-2018 10:34,20-04-2018 20:36,09-05-2018 21:33,24-05-2018 00:00
8c96e32cbba91af2ff0d72a45445d204,e3396866db806ab204f8b769bbca8e35,delivered,19-08-2018 14:19,21-08-2018 04:50,23-08-2018 07:59,28-08-2018 18:17,31-08-2018 00:00
208f107af74f48f12d680a404d4424cd,7ca26bcdcf2ab6db5a923a08fefe050f,delivered,09-05-2018 02:19,10-05-2018 03:36,11-05-2018 18:59,15-05-2018 00:19,22-05-2018 00:00
e80d8758f771bccd842da8b6fc2837ca,f11e9b6d22751ce7f65db87b615fea21,delivered,19-03-2018 17:53,19-03-2018 18:15,20-03-2018 18:08,24-03-2018 15:03,29-03-2018 00:00
86f3eab0f6458fbf53389a14fc8ce71a,994c8f911235968e88a5249a81909121,delivered,12-04-2017 18:49,12-04-2017 19:02,13-04-2017 15:46,19-04-2017 13:24,08-05-2017 00:00
805bde3649dd9d348ea3b77004f1c6d5,267856cea77d0833f02cb04e26e72100,delivered,05-06-2018 21:54,07-06-2018 02:54,07-06-2018 14:25,08-06-2018 18:08,03-07-2018 00:00
ac4987e64619cf021a4e8fbb9758cc96,1a5f9e24a9605dc54ffd4eec8835be86,delivered,16-08-2017 08:36,16-08-2017 08:50,16-08-2017 20:42,28-08-2017 21:32,12-09-2017 00:00
eda1d5c35a11575cffaa3e0fa9d0cd5e,6d5507a06e103b9ea6eeab8fbce6247d,delivered,08-04-2018 13:05,08-04-2018 13:30,09-04-2018 19:47,17-04-2018 11:34,27-04-2018 00:00
d6c1ed12e8eeaa15e9d5c83c79598f85,550ccac77275f9cdec4b6cd97ac118d0,delivered,10-08-2018 17:15,10-08-2018 17:25,13-08-2018 15:14,14-08-2018 20:50,15-08-2018 00:00
dec0a06aff130c128418082f77f5b083,63a5e1ee8b7cd39dd906347a4d3cc002,delivered,11-01-2018 12:06,11-01-2018 12:15,13-01-2018 01:17,24-01-2018 23:44,07-02-2018 00:00
28d14a9fb1c0c5e0667fd9ed3834eb5e,4c9dd00d5d6518a570a4aad430b9bdf4,delivered,18-05-2018 13:56,18-05-2018 14:17,21-05-2018 14:10,25-05-2018 22:02,08-06-2018 00:00
478232e63af0da7ce4c2e2081629ccfe,c17267116673d32cbb4178325794613f,delivered,05-06-2017 13:40,05-06-2017 13:50,07-06-2017 09:32,21-06-2017 16:41,10-07-2017 00:00
c972a78eeb0dde0aac82eb51b1450c53,d8bd4f0d3512b29c32850d5e00698b88,shipped,30-09-2017 11:00,30-09-2017 11:14,04-10-2017 20:22,,27-10-2017 00:00
55c5b6e322eed3fe3dbbd82da9906019,ba1b4a0f287cf0364816c7376ac2b141,delivered,18-09-2017 19:35,18-09-2017 19:45,20-09-2017 03:08,28-09-2017 18:30,05-10-2017 00:00
725fd97b392659b4ae97f0aa8a339853,27042fb514020b4fd8b981f6826d3b22,delivered,15-02-2018 16:56,15-02-2018 17:33,16-02-2018 20:47,24-02-2018 12:42,13-03-2018 00:00
1e2566907e0655a3549bdcb88b0291f1,4574518f4c6e0eef440e205139e125d6,delivered,12-09-2017 16:04,12-09-2017 16:10,13-09-2017 20:22,14-09-2017 18:07,22-09-2017 00:00
9bf7384574b699b32297382b5df68d09,f4a4d39c7832ae7e22deddde1122de01,delivered,03-02-2018 17:03,03-02-2018 17:15,05-02-2018 21:53,14-02-2018 22:15,08-03-2018 00:00
ee941f6c41c8ec03c25b856432b50153,531b21f332366319dd5519bb9dd3743c,delivered,08-10-2017 21:38,08-10-2017 21:49,13-10-2017 15:34,20-10-2017 21:33,10-11-2017 00:00
3c8f1081e21484680c3885d3bb35272c,0bd6589cc150d21213487c73a45b7d3f,delivered,20-07-2017 14:03,20-07-2017 14:15,21-07-2017 15:05,04-08-2017 21:42,16-08-2017 00:00
ef6fb04e563be683ade0b04904bf0d39,c591b62b0d38be0089c516584f6671db,delivered,23-02-2018 00:07,23-02-2018 00:15,24-02-2018 17:03,28-02-2018 14:39,09-03-2018 00:00
8a9b30ac80da3860f049247b7464596f,8e150843c1138147cf8ea7253de0319d,delivered,08-02-2018 08:46,08-02-2018 09:10,15-02-2018 20:23,16-02-2018 20:14,26-02-2018 00:00
e99d24bf7bab6f3b13feddbc3cca9cb7,2e43f7f2d2224f51ee172eff5de196d1,delivered,24-03-2018 07:30,24-03-2018 11:48,27-03-2018 00:29,28-03-2018 19:06,10-04-2018 00:00
6261f3240a8778c656bd28aeb2ba9985,59c0ac147fb499a0f14577f508a3657d,canceled,31-05-2017 13:21,01-06-2017 13:35,,,04-07-2017 00:00
5dc0af9bde879bc9546685cc7c1035da,3b6c1300a15f16c2097081156eb8355d,delivered,16-05-2018 09:38,16-05-2018 09:57,16-05-2018 14:05,21-05-2018 20:08,30-05-2018 00:00
f7ad644f2dc46710f51f1bfbf01f94f2,506b50a8062885f9d9862e86bbcfcf94,delivered,19-08-2017 22:39,22-08-2017 04:05,23-08-2017 19:14,04-09-2017 21:19,15-09-2017 00:00
b9040b3da32e7ac3e6bddf429155c114,2098ea68fab80113fd93ed9e8ba83759,delivered,01-10-2017 14:47,01-10-2017 15:06,02-10-2017 19:05,05-10-2017 20:32,24-10-2017 00:00
bc52c0e67c00cdbba3a7b62d70979075,993f2de0c7a27d4b99698707cae71d7f,delivered,14-03-2017 12:18,14-03-2017 12:18,16-03-2017 14:04,24-03-2017 15:33,04-04-2017 00:00
2fc59b5605bf0cfc03638cb2cca26b16,fac64b6875bc7840442069be52752e14,delivered,21-08-2018 18:24,21-08-2018 18:35,22-08-2018 13:09,24-08-2018 21:51,29-08-2018 00:00
324bba1a05579faca9bea05049eda757,aed82065b343d8ad3d802fe259e945d5,delivered,10-03-2018 17:20,13-03-2018 09:47,14-03-2018 22:58,09-04-2018 13:02,05-04-2018 00:00
ec67500767e46c56db2d046d13e46296,6f33f93011237ac8e47e0652b5da71de,delivered,28-02-2018 09:40,28-02-2018 10:40,28-02-2018 19:56,08-03-2018 18:46,20-03-2018 00:00
b322c7bdd4cf76d82887b87689e6b7d8,d573d2e2d3e1ebdf6360fe42765582ec,delivered,11-03-2018 14:24,11-03-2018 14:35,12-03-2018 20:52,21-03-2018 16:12,04-04-2018 00:00
830f2dd158e996fbc6d363d90978d530,0ff924800f1b14fea0d993177b08cf1a,delivered,15-12-2017 14:08,19-12-2017 09:50,20-12-2017 17:57,29-12-2017 03:36,16-01-2018 00:00
03e94224875e6dec154cc7a142ce5de2,bb7651b2df4512e6c29ff35a7b8cd754,delivered,23-04-2018 10:09,24-04-2018 18:11,24-04-2018 17:42,25-04-2018 18:58,08-05-2018 00:00
f689e331732447a491cab98872e7d53b,8dd6ce43135afeb3424e408875c010b1,delivered,27-03-2018 17:14,27-03-2018 17:30,28-03-2018 17:56,04-04-2018 21:18,19-04-2018 00:00
1ae003b46540d604b41cac187e07fbf7,f2b4062de04b2adb7111ee7163252b24,delivered,21-03-2018 11:23,21-03-2018 11:35,22-03-2018 19:38,31-03-2018 19:28,13-04-2018 00:00
d16b2207d93383dc91aa5da54cec3d0a,45193c34a13942938ead2873b64c360c,delivered,26-11-2017 22:51,26-11-2017 23:13,27-11-2017 18:13,27-12-2017 15:47,15-12-2017 00:00
c2412bd3e8f3094b54d02284ae238108,ff6e494112db6e543970ab264d2e3c8e,delivered,22-05-2017 21:19,22-05-2017 21:30,26-05-2017 14:57,06-06-2017 14:22,20-07-2017 00:00
5b33e5b23e569f404e6eccbbce3e0aa4,c94ec1165bd4556cfedff58b1e56c4ce,delivered,07-07-2017 17:16,11-07-2017 04:10,14-07-2017 20:29,28-07-2017 19:47,31-07-2017 00:00
4695874459264348f76f20abb7897ec3,1b1304cace9aadc95b98b913a3f4047a,delivered,22-05-2017 17:45,22-05-2017 17:55,23-05-2017 15:25,01-06-2017 15:03,28-06-2017 00:00
0231382a78f19752dabca6a86b618152,02cb822eec8b6309e7ce715ccea3390d,delivered,09-03-2017 21:17,09-03-2017 21:17,16-03-2017 09:30,23-03-2017 12:42,28-03-2017 00:00
803f15601207b09e8cf7c80a4fdb1e30,98cf5a598b51e6d8e0e169bb54bc807e,delivered,30-06-2017 14:08,30-06-2017 14:23,04-07-2017 14:32,18-07-2017 21:59,03-08-2017 00:00
73c545df0a564badb07ae15f5fe6f1e1,0e3ab8ca2f217ac576613e69840d25ab,delivered,18-02-2018 18:44,18-02-2018 19:46,20-02-2018 00:37,26-02-2018 18:47,09-03-2018 00:00
c84cb424afdb4c6b771f39743b3716e0,b9648176c3b792c649b44d811ae35b12,delivered,26-07-2018 22:42,27-07-2018 02:10,27-07-2018 10:38,07-08-2018 15:18,14-08-2018 00:00
7c4300b4566920906b3107048eabfcd7,a6af89bba915546c49649eb828009118,delivered,09-06-2018 12:00,09-06-2018 12:20,15-06-2018 16:38,03-07-2018 19:48,11-07-2018 00:00
a02af2d708eae3995c247d758141efc8,e41b352847236a6ae426ddbd2c3a4e1b,delivered,09-11-2017 22:57,09-11-2017 23:10,16-11-2017 14:08,10-12-2017 20:04,04-12-2017 00:00
8cda0578a690b3f9d6d86c95cd2ba7d4,4ad39f4021dcce82a5eebf9fd9dd7a6d,delivered,21-09-2017 15:30,21-09-2017 15:44,22-09-2017 19:50,06-10-2017 12:04,19-10-2017 00:00
eb35492173c3951dc20f437e0f5baf8e,4e3b341939a50bd5d99a86546e81526c,delivered,26-04-2018 09:51,26-04-2018 10:34,26-04-2018 14:29,30-04-2018 16:06,10-05-2018 00:00
8c64ba171311b3312bd880905b8da534,a340ce6c3570e68d4575a06053ecc491,delivered,18-04-2018 14:29,18-04-2018 14:51,20-04-2018 01:56,08-05-2018 21:24,15-05-2018 00:00
47de8637746123051630916b1ab338cf,0b39d705dbfe16398432a7a048591853,delivered,21-11-2017 13:56,22-11-2017 13:49,24-11-2017 21:44,25-11-2017 15:42,01-12-2017 00:00
d1c6fa11a0fb958619647d438f9e4849,b69f71499d18371756e7a6d31a9ac0dc,delivered,29-06-2018 10:32,29-06-2018 11:11,29-06-2018 14:58,26-07-2018 16:08,25-07-2018 00:00
d30c22b84ba5239f2ae0fc078be7611c,42b3b672e11bdf08931bcbc9ebaa7eb2,delivered,23-07-2018 15:48,23-07-2018 16:46,25-07-2018 13:54,22-08-2018 14:15,14-08-2018 00:00
2011a926846f9fa10088488fca493f95,e3f8a41dc8def48711c086dad89ab9fd,delivered,24-11-2017 13:25,24-11-2017 15:52,24-11-2017 22:38,05-12-2017 14:03,22-12-2017 00:00
bb7ae981de452cd0404838ff44ffdc79,e85a01b0c27d1161aa7d71c2afa5977f,delivered,11-04-2018 14:59,11-04-2018 15:12,13-04-2018 22:46,26-04-2018 18:56,11-05-2018 00:00
69480e1078841dadad7c1daa54407ad6,346e8953d3aac36a611fbace59ddc415,delivered,12-06-2017 11:00,13-06-2017 04:25,14-06-2017 17:25,27-06-2017 14:16,05-07-2017 00:00
335867dcacb4762eddb7773881b73808,6b6d4e00580b09f566797ecde25bfc1e,delivered,06-07-2018 19:27,07-07-2018 04:35,10-07-2018 11:15,16-07-2018 15:08,01-08-2018 00:00
f5dd4c037b81efb0d1ea5d0f7d8beddf,4f93c6056cac7dad802e12622a468703,delivered,04-12-2017 15:18,04-12-2017 17:23,05-12-2017 20:06,16-12-2017 15:33,02-01-2018 00:00
60d0ff4b039dc85b5b738f59b0b044f9,dcba370f080ddec2e83ae526d062dec2,delivered,21-04-2017 14:05,21-04-2017 14:15,24-04-2017 08:47,03-05-2017 13:52,19-05-2017 00:00
686e2fc048d3d4677583ebad2a721b6a,511b5a1256aa314a4c9480950b00f1d2,delivered,11-05-2017 13:14,11-05-2017 13:25,12-05-2017 08:47,24-05-2017 12:07,02-06-2017 00:00
c5f0052c5711a034a7b154269bfde906,0e4ffb7264a091878eb8af65e6ef758e,delivered,16-04-2018 11:15,16-04-2018 11:31,18-04-2018 00:19,24-04-2018 22:54,15-05-2018 00:00
257699bfe87de4eac234324e88db828a,047c4f9e8ca120c41c8d4a61df722ea2,delivered,15-05-2018 14:16,15-05-2018 14:35,15-05-2018 14:42,23-05-2018 23:45,06-06-2018 00:00
91c4c61f5db7e025e8435b2e13e50f6f,53f923fd81130dee89725646dbc1ad0f,delivered,12-08-2018 11:41,12-08-2018 11:55,14-08-2018 06:48,16-08-2018 20:23,23-08-2018 00:00
523156bbb727eaea16d8a2880296d26c,23e988565e7a5b46273af0b1f0f65384,delivered,10-05-2018 12:34,10-05-2018 12:56,12-05-2018 08:13,19-05-2018 00:02,04-06-2018 00:00
eeeebba48c7b5fc22f6e12734ed319ed,39db8e59edb882c1518ef5624f4caf12,delivered,27-08-2018 20:47,27-08-2018 21:04,28-08-2018 12:50,30-08-2018 21:03,10-09-2018 00:00
e247a0570d308da27cd7f349902e66f8,79c1ae1c3d1a81c10781ecf7d7ef1720,shipped,13-03-2018 11:53,13-03-2018 12:10,14-03-2018 16:04,,02-04-2018 00:00
2474e13d0d388a471b50fd455057300c,683a8aa7f2d173c62431616f6108efc4,delivered,17-06-2018 19:26,17-06-2018 19:38,19-06-2018 14:20,25-06-2018 15:28,11-07-2018 00:00
d7746bb26fc8c125b8f286378c23049d,62681fd345215328176ec9eec92192d6,delivered,03-06-2017 19:59,03-06-2017 20:10,21-06-2017 18:12,03-07-2017 17:04,26-06-2017 00:00
a9db675620ea42f15fc07297244112c5,dddb49bfda245a56fa89d16181a90d32,delivered,03-04-2018 15:16,04-04-2018 03:10,04-04-2018 22:52,11-04-2018 23:32,24-04-2018 00:00
5ad5a1ef522da1732ab963ea1fb6165b,a76e74100709762a48e683a177dc86b0,canceled,22-06-2017 19:53,22-06-2017 20:05,,,05-07-2017 00:00
9f42ba3ab7f23f1ce0a717cfc841a9ab,3c8f71003ac0c80c105ed834fed4f738,delivered,10-01-2018 14:55,10-01-2018 15:12,11-01-2018 18:28,19-01-2018 17:59,05-02-2018 00:00
9de375e01aa3f39d32001e75abd82b99,5f568023042b6139fb399704f7378807,delivered,02-07-2018 22:03,02-07-2018 22:10,03-07-2018 14:38,04-07-2018 22:34,16-07-2018 00:00
ff49c0a826a9b21b12361deec89f4a98,48fa9040aa250397845fe8cce75f3f6c,delivered,09-06-2018 13:22,10-06-2018 13:15,12-06-2018 06:32,18-06-2018 23:38,28-06-2018 00:00
442dccfb1443cb7035f2b7810f974dd9,adaf88d3b2dd17497e88d690060fe409,delivered,02-04-2018 21:33,03-04-2018 12:35,05-04-2018 00:17,11-05-2018 00:39,02-05-2018 00:00
492b48333a37f2f70213b81672d4aa06,4e2e8191d9ba87e497ba547c6354a87a,delivered,09-04-2018 15:14,09-04-2018 15:30,17-04-2018 00:06,17-04-2018 23:56,19-04-2018 00:00
9aba484676dd70457681a3301c222d9f,5193da38ee92ecd1078e8f1929b4ef53,delivered,13-04-2018 21:16,13-04-2018 21:32,16-04-2018 22:45,17-04-2018 22:42,25-04-2018 00:00
5028b62d8f474883ae57b5da1ffd1e8a,137cde6ffb788ba7d5f56000bfdab63b,delivered,08-06-2017 10:51,09-06-2017 02:35,09-06-2017 12:51,28-06-2017 13:39,11-07-2017 00:00
b61baa7b1523a2a7e4e1382f25e6f9de,f280a183e4e63b12aa5b9b6d06baecaf,delivered,28-07-2017 21:49,28-07-2017 22:05,31-07-2017 13:02,07-08-2017 20:02,28-08-2017 00:00
257d1faedcbe9d328080c6ec04c8f819,bf29b64b2a630fedd411e4b836c216e7,delivered,31-03-2017 22:04,04-04-2017 05:45,06-04-2017 04:51,08-04-2017 23:21,25-04-2017 00:00
3241baf723e29f140a6ff9082b7f9aca,3e13d7562141418f00f431202390536c,delivered,02-08-2017 12:57,02-08-2017 13:10,04-08-2017 17:05,14-08-2017 19:36,24-08-2017 00:00
6e5471906b39845aee4480aa16d963d8,eeb730c4c2578aded27aada780e25e93,delivered,18-04-2018 08:21,19-04-2018 08:15,19-04-2018 20:28,01-05-2018 00:17,16-05-2018 00:00
81c0952b750d74fa259592bdb837e42d,78f11d5157510e904e39314d79f03da8,delivered,08-04-2018 12:49,08-04-2018 13:10,09-04-2018 20:03,27-04-2018 19:58,10-05-2018 00:00
418aaa61ff9515614340e03422fed9c9,bc94fe20172cefc3e041019d0192caff,delivered,12-03-2017 14:02,12-03-2017 14:02,14-03-2017 10:44,17-03-2017 12:06,03-04-2017 00:00
47378b461210a310c95e17323f7dd726,8a5881366c8a17270865c025f0636675,delivered,27-01-2017 05:27,28-01-2017 03:31,30-01-2017 13:42,06-02-2017 15:44,07-03-2017 00:00
d1f60863289ae7cd6e47fd70eae9bec4,175231d5968a57218468d2517a6a4621,delivered,15-08-2017 15:23,15-08-2017 16:24,18-08-2017 10:07,24-08-2017 21:40,19-09-2017 00:00
9b3d7ee9930f8226dccc9eecbd140b99,9e2a7ec851f933a42a84621ae1ed5922,delivered,10-08-2017 09:18,10-08-2017 09:35,15-08-2017 15:52,23-08-2017 20:03,11-09-2017 00:00
1fe7be398f57b2c40691376b673de1bb,6f1b9db6eb561df558883985dbd941fc,delivered,19-10-2017 10:17,20-10-2017 11:07,23-10-2017 15:39,01-11-2017 17:12,14-11-2017 00:00
a26bfd667ba8c2433195ee30be0fd1d6,c49358dde47a3bedbfd5aa834e6248e8,delivered,15-12-2017 10:32,19-12-2017 09:30,19-12-2017 19:19,03-01-2018 21:17,15-01-2018 00:00
a2ec8ff90a5ffced9e2d1853bf3cf609,ee92860167192bbbbf68f161674745e1,delivered,10-12-2017 21:58,10-12-2017 22:53,19-12-2017 00:39,04-01-2018 16:24,09-01-2018 00:00
bb0c9e9838bfd4b393853fe7dcf6b8e2,af38d27face41cf31f1915a789d9288b,delivered,28-02-2018 16:50,28-02-2018 17:10,02-03-2018 20:07,07-03-2018 23:19,14-03-2018 00:00
8c313d4a1bea83111be5bb00105397dd,a4a0c32813e4d6b4f6dd95dd11dc62f1,delivered,01-12-2017 13:05,03-12-2017 13:12,06-12-2017 22:58,12-12-2017 16:48,29-12-2017 00:00
fe5cc94bdaa0c8c83b6cfb74d01747cf,2e401a3a209079930afd5f9e57ec6bb3,delivered,25-06-2018 12:25,25-06-2018 12:38,25-06-2018 13:57,02-07-2018 18:18,23-07-2018 00:00
84a68a1498a47dba0c79396d53e46b9e,c9a6c2f1cabd70a425338d9155efe1da,delivered,27-07-2018 23:06,27-07-2018 23:15,30-07-2018 07:10,31-07-2018 15:33,02-08-2018 00:00
4bb3eed0b423bcae4c063a401e17308e,251a9c289f548b851f2764ea57f0ea59,delivered,24-11-2017 23:44,25-11-2017 02:33,27-11-2017 23:09,07-12-2017 12:44,19-12-2017 00:00
b80e879030f825a648abffe9d993ff6a,0e7697ddfe20700b6a6bbc3394de3db2,delivered,03-03-2018 10:01,03-03-2018 10:15,06-03-2018 04:47,27-03-2018 21:14,26-03-2018 00:00
d0570bed0cef820342eaf13ccae334c0,ce0681e1c3f70e1452183c4eb5e66602,delivered,19-12-2017 16:58,19-12-2017 18:10,22-12-2017 21:34,29-12-2017 23:26,15-01-2018 00:00
445d0c0872352cc8c31b797c707f4c47,6e316412bd0f394423556d697fbc6d16,delivered,17-01-2018 13:43,17-01-2018 13:52,19-01-2018 16:06,22-01-2018 20:49,01-02-2018 00:00
b4abbcf96e5e2aa453be4751a571bca4,9595112daf4d567c6ec90ebc59d6e16c,delivered,18-09-2017 13:13,18-09-2017 13:30,18-09-2017 21:18,26-09-2017 20:27,11-10-2017 00:00
cffb339aa5f4745347d75d9999771453,5332220cc8eeb30685f818ac296ecb83,delivered,19-04-2017 17:38,20-04-2017 06:35,24-04-2017 10:42,05-05-2017 16:13,09-05-2017 00:00
7c5cfb19cd59e93d54d251302ac8268c,4ad9f3aabf40e6cbb73c0511aa878c7f,delivered,09-07-2018 18:27,09-07-2018 18:45,10-07-2018 14:36,16-07-2018 14:34,18-07-2018 00:00
80aa51679b1fef5a66ee92a688e44fa3,f03ed5c05aba9384c235b9eb87a5b499,delivered,21-11-2017 20:28,21-11-2017 20:40,23-11-2017 16:37,27-12-2017 21:18,15-12-2017 00:00
e2d3e5a5b56149b36e4df4dedd8648f5,57f4770b4fc8ae0c610fd9821dc38403,delivered,12-02-2018 12:39,13-02-2018 13:28,14-02-2018 22:38,05-03-2018 20:38,13-03-2018 00:00
bf0037905499198f0e5f888208d275cf,882d6bef7ba1904c9c0db3f7a4bc8fd3,delivered,25-05-2018 22:21,26-05-2018 22:17,28-05-2018 14:15,03-06-2018 18:12,03-07-2018 00:00
2823f47e6fb0f2a1e5a8f221ebb5aa15,f81bed8a63f637b20ff67dccd843c2a5,delivered,18-07-2017 07:17,18-07-2017 07:30,19-07-2017 20:49,25-07-2017 22:04,09-08-2017 00:00
c223f0dcc8756ef3523ed32b46da2218,59084ee44b406be03c3d6e28c60bea7a,delivered,28-06-2018 20:08,28-06-2018 20:31,29-06-2018 15:06,03-07-2018 03:47,17-07-2018 00:00
73357471c1622c6492352c7cce44eddc,b570c3635a4298fb6ea7f1b24771fe83,delivered,15-08-2017 11:19,15-08-2017 12:03,16-08-2017 19:03,17-08-2017 17:47,08-09-2017 00:00
b06ebf1a46fc060c183c59b092ce49ee,3086654455e8ed4401d93f2af816d8b3,delivered,16-03-2018 21:17,16-03-2018 21:30,21-03-2018 20:37,29-03-2018 22:54,04-04-2018 00:00
4c3e9e2bce3a3234a9255f390683e3af,9ba4e9572b42c109f0939c3f43eb3e0c,delivered,13-02-2018 12:50,13-02-2018 13:07,14-02-2018 19:43,15-02-2018 18:27,01-03-2018 00:00
897da32e9712dafcf2fb6615aeb3318c,6a59a192cd68416ca60a4a5809aecfe7,delivered,31-05-2017 17:06,31-05-2017 17:15,05-06-2017 16:29,08-06-2017 10:53,27-06-2017 00:00
2f9615837f509124f0c936dbd93855ac,15357da0aa538a1e5efabe63f0d71095,delivered,08-08-2018 10:25,08-08-2018 10:35,08-08-2018 11:35,13-08-2018 19:38,16-08-2018 00:00
9db142d94f2d44a068cfb9ea5da54456,2fdfa48086825561ab78672c8513dba8,delivered,07-03-2018 14:31,07-03-2018 14:49,09-03-2018 03:28,26-03-2018 18:19,04-04-2018 00:00
9f2c6714edee90964b0b631c22a22448,89d62100264f60ca62619dd012a12f00,delivered,06-02-2018 01:03,07-02-2018 01:31,07-02-2018 20:12,20-02-2018 18:15,13-03-2018 00:00
6060984d92a7f9a5d6f5f99b8815aa64,21665fa6b18402068a25b8b82da33c70,delivered,22-01-2018 17:30,22-01-2018 18:06,24-01-2018 22:09,26-01-2018 16:39,06-02-2018 00:00
b357dd0e3d6572e28d060309c0ab339f,4a37008d0c29389ef1c8632e2c4d6ba5,delivered,17-11-2017 05:56,18-11-2017 02:15,23-11-2017 16:31,20-12-2017 15:44,11-12-2017 00:00
40f036012bb1fb0195ebf7d43b034d72,620a606fe1841ab9e3659b68e137601f,delivered,09-04-2018 23:06,10-04-2018 00:35,12-04-2018 22:06,02-05-2018 12:50,11-05-2018 00:00
2f18fee7e09d77c69bbb75054b8610b1,c201c80c97c3d9b1c5ae6e363e808f14,delivered,30-06-2018 09:31,30-06-2018 09:50,02-07-2018 17:18,13-07-2018 14:15,20-07-2018 00:00
2a0facc85fc2b839b8c194436787402b,6d6e81e5815b1fff666907cfa150a691,delivered,16-05-2018 04:35,16-05-2018 04:54,17-05-2018 15:06,23-05-2018 11:13,05-06-2018 00:00
e2f630b53cb2637be372c3810b089868,67f3e907dce402e696b15f9308ff22ed,shipped,26-07-2017 11:44,27-07-2017 11:25,27-07-2017 17:47,,29-08-2017 00:00
75782ab140cfc2ce9f07f0b6390e32c2,11e0029418313bcb51f04b5ea486743a,delivered,16-02-2018 15:19,20-02-2018 07:07,27-02-2018 17:32,01-03-2018 20:09,09-03-2018 00:00
6e3c8fe2572e4a01c43ef9970e59fef2,19eb2ff94ef3470db204adaae3d6cd99,delivered,16-04-2018 16:47,17-04-2018 10:31,17-04-2018 22:07,25-04-2018 21:21,16-05-2018 00:00
36995f50cacc28693fffcdb6af6cfedc,3d455fb7aa499fd0cea2a2306b4c43ad,delivered,18-02-2017 17:47,18-02-2017 17:55,20-02-2017 12:44,01-03-2017 13:47,30-03-2017 00:00
8cbaf68384ba4227bbfb3ccb24c7c1a2,a59b9fb91b4ebe9aba37c55232abc8ca,delivered,24-11-2017 20:58,24-11-2017 23:56,28-11-2017 21:46,07-12-2017 22:44,22-12-2017 00:00
8dba24f9985ee1c23c565330d02c5099,bbed564e83eb94355dc3537879b54f40,delivered,13-05-2018 18:02,13-05-2018 18:13,18-05-2018 17:20,23-05-2018 15:04,01-06-2018 00:00
2681f4e9d333e5795a30836c81340c85,e6a01189b2ec98944c29bf5b35adc1d0,delivered,27-06-2017 10:36,27-06-2017 10:45,28-06-2017 13:33,06-07-2017 16:24,25-07-2017 00:00
05580ea6005bac590a3f143473c9b296,b22929060c67ae572e2e82d531af2fc4,delivered,25-11-2017 21:45,25-11-2017 22:33,28-11-2017 18:02,19-12-2017 22:24,22-12-2017 00:00
2251c2ae48921e06fee59a7779d9bd47,35d15ec55b747200f78c492b3d9ddd72,delivered,10-10-2017 23:51,11-10-2017 01:04,16-10-2017 19:22,17-10-2017 19:38,23-10-2017 00:00
f718de7d7e4e4598f3579368cca01a91,c780c18f44b29fa4d0f06f3220d466f4,delivered,29-07-2018 15:45,29-07-2018 16:04,31-07-2018 13:33,07-08-2018 23:35,07-08-2018 00:00
6f21ad30200f041d3f19995a8718cd11,27a748bd3c2cba4f31221d301d5401ab,delivered,23-07-2018 14:27,23-07-2018 16:46,24-07-2018 16:18,25-07-2018 18:18,31-07-2018 00:00
0d6adc89d2a26a9691f972daeb40f165,c9d2155ff1486076e8570f3d91ec1bea,delivered,18-03-2017 12:23,18-03-2017 12:23,23-03-2017 10:48,03-04-2017 15:54,10-04-2017 00:00
b92a772cba8a9bd47b3440908ef29359,63b98f1dfa5acdadfdefedc183756476,delivered,12-06-2017 15:20,13-06-2017 04:55,14-06-2017 17:38,19-06-2017 20:11,04-07-2017 00:00
53cbf33b674d602f6746cb90a9d874fd,e5ed7280cd1a3ac2ba29fd6650d8867c,delivered,15-05-2017 17:42,16-05-2017 03:25,16-05-2017 16:02,22-05-2017 14:14,05-06-2017 00:00
2f30c0b1905c65a8ff6c6358bc909625,e963d0e4f815dcd28b135d7d340ec51a,unavailable,08-12-2017 09:32,09-12-2017 13:30,,,03-01-2018 00:00
41c284ffd871324eadf06fc989583619,b2455d365185ab7c1da94e742e4976ad,delivered,31-03-2018 15:08,31-03-2018 16:20,03-04-2018 17:06,13-04-2018 19:58,04-05-2018 00:00
649aa4ae69d60a0b65b5270e737081be,cc268320e77ed6ba7be0107cc7ad1b8f,delivered,27-05-2018 18:21,29-05-2018 03:35,29-05-2018 14:04,18-06-2018 23:44,05-07-2018 00:00
d27a4fbd0d3a4cfdf8a109dd88743502,a2e2d94675768728d29f95b2663f6a6f,delivered,26-07-2017 09:12,26-07-2017 09:25,26-07-2017 23:12,02-08-2017 20:25,21-08-2017 00:00
121dd40b10fc0795e5f649ceedab30f9,07e37249529eedeca890d7a80979b91e,delivered,31-03-2017 18:38,31-03-2017 18:45,03-04-2017 11:33,02-05-2017 16:30,08-05-2017 00:00
cbbfd069a2876e5db34ae76d6d796c92,3d3bbb0ad71a8a790086e40770b46f97,delivered,25-02-2018 19:10,25-02-2018 19:27,27-02-2018 23:39,05-03-2018 16:52,20-03-2018 00:00
e2fa3a143afcfe0dc65730a780af43e1,7332c320bdb473f6e765fee364de7da2,delivered,07-05-2018 13:45,08-05-2018 13:50,09-05-2018 14:19,15-05-2018 21:08,25-05-2018 00:00
e2beeb3a428f811804079bc11b23c0c0,31665bd5bc542687ab54c9fd9ed9917b,processing,28-12-2017 12:46,28-12-2017 12:54,,,24-01-2018 00:00
09903fb2d8388ac463b7c269c099b6cb,8f1a32257a013ab264c572e0b3ed01c4,delivered,12-06-2018 20:30,12-06-2018 21:04,18-06-2018 09:51,24-06-2018 13:18,13-07-2018 00:00
872b389aca385c49caa8cd43469f684f,b3b571943141ab082521521118c6037e,delivered,09-08-2018 11:38,09-08-2018 11:50,09-08-2018 14:27,13-08-2018 15:51,28-08-2018 00:00
3449aa90c200ac98335249ce9f0e3151,672fd46db2cd92beb42ce95dded37e49,delivered,03-04-2018 13:35,04-04-2018 03:10,05-04-2018 18:51,10-04-2018 01:41,19-04-2018 00:00
3505a2f5fdc9c1c19d2eea9bfdac56c4,66e61c83b0c33d1a843ab2061bc2926b,delivered,10-07-2018 17:49,13-07-2018 16:06,11-07-2018 14:23,23-07-2018 22:58,01-08-2018 00:00
a6456e781cb962cc3f412b04de4fed7b,eee13c10a26da9f6f1c5352b215a88c4,delivered,10-06-2018 13:45,10-06-2018 14:16,11-06-2018 09:05,12-06-2018 20:02,20-06-2018 00:00
bb67a1014c3abbea2865926f91a66e26,3fd8f9ee763daa9b036f7263fb64c685,delivered,08-05-2018 19:32,08-05-2018 20:15,11-05-2018 13:28,17-05-2018 20:12,29-05-2018 00:00
b0c2a7d04b165525254254a728c50a4e,76a8a3092e48bba0826495241903e450,delivered,07-06-2018 13:28,07-06-2018 13:57,07-06-2018 13:22,21-06-2018 17:36,04-07-2018 00:00
28fac8432e4ac40170eeb057fc4c138f,062a227b89b45c5b9bbc9c41a8590e32,delivered,17-02-2018 14:07,17-02-2018 14:26,20-02-2018 22:50,08-03-2018 23:53,09-03-2018 00:00
cbf088f9ac169d9c7eddcaa9c5e465fe,db65a636fcd05b218b138dc46a2cbb4e,delivered,10-02-2018 15:13,10-02-2018 15:25,21-02-2018 10:29,02-03-2018 15:27,12-03-2018 00:00
96bce1588131f7637bffaa5c25414b33,af7bc908db6f201c0b53506cefd57658,delivered,10-09-2017 09:49,11-09-2017 20:10,12-09-2017 21:42,22-09-2017 11:59,06-10-2017 00:00
d0daecbe187c296a08f40888a8cb139a,e3e7d8f2750d84cd02f382c4d242d00c,delivered,08-04-2018 11:42,08-04-2018 11:55,11-04-2018 19:54,17-04-2018 17:52,30-04-2018 00:00
38d7ca365470a06bd907802a6a62d83a,d3558802f902aaa861259024d95372f8,delivered,21-11-2017 18:35,21-11-2017 18:47,22-11-2017 22:48,06-12-2017 01:48,11-12-2017 00:00
e4cf3be0bfaec7868f5c8ac4f977f997,c0b85a1f2e552f8f4777d3256c3cd3d8,delivered,13-09-2017 07:46,14-09-2017 02:45,15-09-2017 17:57,25-09-2017 23:37,09-10-2017 00:00
0fec5b52f7f6c1e7b725c742a8bdf7d4,478d1ae10b5cfa37f148adccee44970a,delivered,15-04-2018 11:05,17-04-2018 05:50,18-04-2018 17:32,24-04-2018 17:28,07-05-2018 00:00
800dec7675338cd2670326aceb153f09,346b53f3b9d4d463d32641e88c68d85d,delivered,17-04-2017 21:09,19-04-2017 02:45,20-04-2017 07:56,04-05-2017 17:53,10-05-2017 00:00
a910935f581c2ed30ed200064dafbaab,d5633cabde5e5d7747c839160037af90,delivered,13-07-2017 14:01,14-07-2017 14:10,17-07-2017 15:24,02-08-2017 16:51,04-08-2017 00:00
bca16cf360ca8795f24ca0beaf2658be,c17c9bfe8ffb37c939ae0d2941c9dec6,delivered,13-12-2017 12:02,14-12-2017 02:12,20-12-2017 19:33,10-01-2018 10:12,12-01-2018 00:00
edfbaf2edc8f77e074f28ff26a6ab6ad,0c2454abafe19b2fed0ffb128f23aa63,delivered,08-12-2017 14:14,08-12-2017 14:34,08-12-2017 22:45,26-12-2017 15:18,03-01-2018 00:00
93720f5a467d2edd5e84e209e8a9a4f6,d96bb805d2c42af018ae5158fae49e2e,delivered,10-04-2018 22:48,10-04-2018 23:07,16-04-2018 19:35,18-04-2018 20:08,26-04-2018 00:00
73efca6402c1b6108195348448d76147,4280fa78d7c43abc5e98a8a3b44d9350,delivered,04-08-2018 14:49,06-08-2018 14:55,06-08-2018 14:55,09-08-2018 23:53,16-08-2018 00:00
97ad789b38d3d6a17bd34b3c19fe40b8,5a064a14994cdb7c9ba804c668129dbf,delivered,04-06-2018 18:40,04-06-2018 18:55,05-06-2018 12:14,27-06-2018 02:38,18-07-2018 00:00
5d39411a17c42bca603225f6f89a0207,fea3ed32e9d3eea5878fb54a399461a8,delivered,02-04-2018 17:51,02-04-2018 18:10,03-04-2018 20:58,05-04-2018 23:27,18-04-2018 00:00
cdc90cad1e7f9d43bfeef525c745ef33,321cb859fffb6249ba9537e12dd348ed,delivered,25-11-2017 12:44,25-11-2017 12:54,28-11-2017 22:55,01-12-2017 21:44,18-12-2017 00:00
83f658745fc275530bdb3ce5f57c359f,c8f1ff3238c9c1e3182968395fc2313a,delivered,28-11-2017 23:52,29-11-2017 00:15,30-11-2017 22:11,03-12-2017 15:12,12-12-2017 00:00
b388932b3dad9623ce1b062985ce07a1,43a4ab5ca0e5bf683ae1fb0c760a976d,delivered,15-01-2018 23:32,15-01-2018 23:52,17-01-2018 17:53,24-01-2018 10:53,31-01-2018 00:00
d037016bf21257acf9413f8a2ee0fd09,57a05331e60fdf30d97f10a1327a1faf,delivered,16-08-2018 12:18,16-08-2018 12:35,17-08-2018 19:00,21-08-2018 00:31,24-08-2018 00:00
64b9bd1556119a5b054cf5baede3fad4,69fed80679956179027ec3b2df9620a1,delivered,19-02-2018 19:43,21-02-2018 06:20,22-02-2018 18:29,28-02-2018 18:28,13-03-2018 00:00
bb85c5af835af09aa329b2f4922be259,01ec27f833d99e889b944c5112addff9,delivered,07-08-2017 23:05,07-08-2017 23:35,11-08-2017 21:14,14-08-2017 14:50,18-08-2017 00:00
f9fc6b37b2a3a42ef88b609566e731c0,a74f39cf6735d061600bc043d4f9326f,delivered,05-02-2017 09:02,07-02-2017 03:42,21-02-2017 06:22,01-03-2017 08:03,15-03-2017 00:00
c2fe2f550416c0b36bad93166e4d2d1a,4f087ceb0e06ae3ea989493e4359204d,delivered,31-10-2017 12:02,02-11-2017 02:31,03-11-2017 22:52,14-11-2017 20:37,22-11-2017 00:00
7764b1137f1449a900532727d4a58763,fcd9a514a1dc122d997d6a3f84339463,delivered,01-03-2017 17:03,01-03-2017 17:10,03-03-2017 11:41,07-03-2017 12:49,20-03-2017 00:00
a4866dfc455353f48014a2b9a86608a2,97ee81fede5757f1ab031e83d1a59f56,delivered,11-01-2018 16:47,11-01-2018 16:55,26-01-2018 13:27,14-02-2018 13:09,01-03-2018 00:00
f5af86a3bea41e5daef5c06e7a02ad2e,e8d19c7ae749d892ea35e91da2f345bf,delivered,01-08-2018 23:24,01-08-2018 23:35,15-08-2018 17:42,20-08-2018 15:55,13-08-2018 00:00
f46c420c45b388a5dc8fe673db89929f,92d816799e81ea5cdb034d077ddbab15,delivered,11-02-2018 19:18,11-02-2018 19:30,15-02-2018 20:29,20-02-2018 22:59,26-02-2018 00:00
f11d1468c04bda8475ef44acac005655,3c7b14b0210d382e4b30d5d7d84bf028,delivered,27-01-2018 10:02,27-01-2018 10:16,29-01-2018 18:09,31-01-2018 22:07,16-02-2018 00:00
79a7213058b523bb31b7c6c53add8159,d9f9a5318f33a6d8d57b288586182c18,delivered,29-03-2017 15:28,29-03-2017 15:50,31-03-2017 10:34,17-04-2017 11:12,20-04-2017 00:00
070b4a621a6d06dcff9122e5c04b353a,9bf7217158566072ba308c3d057bbc44,delivered,10-09-2017 09:30,10-09-2017 09:45,13-09-2017 18:50,18-09-2017 20:38,02-10-2017 00:00
8008c307d21d33e78369fd1ee6cb1284,6aee4197c58218b95b85a3da9d6b7c90,delivered,02-04-2018 11:23,02-04-2018 11:35,03-04-2018 22:38,10-04-2018 16:56,19-04-2018 00:00
3529da555e9238eaa0ac000c0ee4fb05,40fc3220c11d51a392dd736e38075206,delivered,08-11-2017 15:52,10-11-2017 12:56,16-11-2017 21:38,21-11-2017 15:38,29-11-2017 00:00
ab9a2911bde46933de19f0eef001d3d9,accd76590a428aba5e578d4a7505645c,delivered,25-07-2018 23:52,26-07-2018 00:05,27-07-2018 13:53,03-08-2018 18:48,08-08-2018 00:00
cc94aa62777cf27c082eaa521ba00747,ebf28472ced6d1aaf751af1592f56df6,delivered,27-08-2018 07:18,27-08-2018 07:30,27-08-2018 15:07,28-08-2018 21:05,03-09-2018 00:00
f5136e38d1a14a4dbd87dff67da82701,3fd6777bbce08a352fddd04e4a7cc8f6,delivered,24-05-2017 18:14,26-05-2017 02:45,26-05-2017 11:20,05-06-2017 17:09,28-06-2017 00:00
a8aa8c2af7ddd7b246469a7d4a53ed75,4068f389794929a12941cb19d170fcba,delivered,18-03-2018 14:24,18-03-2018 14:35,20-03-2018 17:04,13-04-2018 01:04,11-04-2018 00:00
04d9462386313112744bfe028575d10f,a7fd924b11c1776e4992293e2b2694d3,delivered,12-06-2017 13:55,12-06-2017 14:05,19-06-2017 16:23,26-06-2017 14:58,11-07-2017 00:00
e11dbf8f73df2ef44ac68c5dd90b3892,8bba7817c19c5fa590c8857669ade46a,delivered,14-08-2018 17:59,14-08-2018 18:45,15-08-2018 13:03,17-08-2018 22:16,17-08-2018 00:00
31d6ca721a02109e3f90202f01c62a4a,0d6041c3775793974d2fe45052568155,delivered,10-03-2018 00:33,10-03-2018 00:48,10-03-2018 16:46,24-03-2018 20:06,02-04-2018 00:00
a558d36bc6548afd19f3cf6728bf7077,7414fbad34386bbe9daf9d22b831570b,delivered,21-06-2018 19:03,22-06-2018 02:36,22-06-2018 14:44,23-06-2018 11:03,04-07-2018 00:00
27ccb6f42b7ff7e079004d6192ab12bb,4399c824aab097f4974ab7fabf8064b2,delivered,07-02-2018 23:03,08-02-2018 01:30,09-02-2018 21:42,14-02-2018 20:27,23-02-2018 00:00
1043d83f1c9a2f7d84385aa1611d7652,88da9ca0d179585f4c09cd62d71af872,delivered,20-05-2018 20:09,20-05-2018 20:29,22-05-2018 06:21,23-05-2018 17:48,04-06-2018 00:00
f25bd9ce4a4433355f6011c1a262c49d,e07557a200138bd02c877d6d7ca87db4,delivered,27-07-2018 16:58,27-07-2018 17:10,30-07-2018 07:30,31-07-2018 22:35,06-08-2018 00:00
02bfd16c1a67263989b258fa92e20d3b,8f720778bef871705f690cdd7f2c7407,delivered,16-08-2018 20:02,16-08-2018 20:15,17-08-2018 12:05,29-08-2018 20:49,12-09-2018 00:00
c602154123d0956a6fa53e0267b25bd8,c1e0dde767b358b5b0c044c8d5f408ee,delivered,02-06-2018 14:02,05-06-2018 04:51,06-06-2018 13:10,09-07-2018 09:34,19-07-2018 00:00
2731288f02cee9797af3fcad424f6ee4,115e82729606dd1ad543cc1b410fce37,delivered,20-04-2018 14:42,24-04-2018 18:34,24-04-2018 18:53,27-04-2018 20:28,14-05-2018 00:00
784dc805e40803fed828b9fbf45b4858,776ee30289e41e0494e430426d953af2,delivered,16-05-2017 17:48,16-05-2017 18:02,18-05-2017 10:43,23-05-2017 00:23,01-06-2017 00:00
b543e95769f2da5f435df6a8ccb13eb6,f007d19db1f83a2f77650ab490703640,delivered,16-01-2018 13:25,16-01-2018 13:36,17-01-2018 22:33,29-01-2018 21:37,14-02-2018 00:00
da1d2907817d2c95b1f3e07c76d26bcc,a390b5b8933426a0d79944b89ecf53ca,delivered,14-06-2018 21:15,14-06-2018 21:37,15-06-2018 14:02,18-06-2018 21:27,28-06-2018 00:00
8831eaa951f7563404fa3355d0a89f1e,f03c9c80de7a0a901cd92d8507717007,delivered,30-08-2017 16:59,31-08-2017 04:31,31-08-2017 16:27,01-09-2017 18:19,14-09-2017 00:00
87dbf189fd5e4ff0a6846675d7fe9d0e,758019ade97df0865b7fabd23bf29ae8,delivered,09-07-2017 20:42,09-07-2017 20:55,11-07-2017 19:33,17-07-2017 17:53,28-07-2017 00:00
bf63ec64b243739a224860a034cb5357,5d9af4479e3cddff9ca7cdcaae40329d,delivered,15-09-2017 11:28,16-09-2017 02:50,18-09-2017 14:22,30-09-2017 12:48,04-10-2017 00:00
974c26d25f3764b5acde8a0b556843be,9ab1a2a05e0311aded3d496b4da0df87,delivered,25-12-2017 16:46,27-12-2017 04:12,28-12-2017 23:32,08-01-2018 22:24,19-01-2018 00:00
f230041025cb889113e0999362dc2ad1,3c0a441449190dbe7fbcda9358caae84,delivered,14-03-2018 17:24,14-03-2018 17:35,20-03-2018 16:55,13-04-2018 20:03,11-04-2018 00:00
4c52483789e169329b0dc09e8139b7e2,d4bb4211b01632ddd742d89807c73c82,delivered,31-07-2017 16:57,01-08-2017 14:10,02-08-2017 16:27,07-08-2017 20:53,22-08-2017 00:00
d6a2e1d3b958b6c5cb3af6f1d4d4a203,8d087e1ce16374d733458b3e018ea4e7,delivered,11-11-2017 17:46,11-11-2017 17:55,24-11-2017 16:54,08-12-2017 22:46,07-12-2017 00:00
ae0df271cb3c9838b323a5764478703c,c93a78ab4219db951b3d94b1d710639d,delivered,15-07-2018 18:48,15-07-2018 19:03,16-07-2018 15:34,25-07-2018 23:24,01-08-2018 00:00
c66f263a77d0b978664e122a57598d88,3115ac24b20b9bf9267633753921a408,delivered,26-01-2018 09:28,26-01-2018 09:52,30-01-2018 02:18,05-02-2018 16:16,15-02-2018 00:00
a3157fa833670799cf5d82abf9188905,2aadb729e67afb7067245bc438cdde52,delivered,02-01-2018 22:30,02-01-2018 22:38,10-01-2018 17:35,31-01-2018 18:26,31-01-2018 00:00
f895460919953cca1c737af25d8faf3c,97558121050ad51b5f8467919840fd7b,delivered,08-07-2018 17:01,08-07-2018 17:15,13-07-2018 13:38,30-07-2018 17:54,07-08-2018 00:00
57665b3fb0f04270d6b333c9d1f80a61,958e8ad93117fc0cc509a39861a1e7ff,delivered,30-07-2018 11:22,31-07-2018 07:30,31-07-2018 15:51,06-08-2018 22:41,17-08-2018 00:00
6ee93b768b2ece278852a25fecf3eb03,44566093e87dfa38e9e682fbbb1d72d7,delivered,10-06-2017 18:08,10-06-2017 18:22,14-06-2017 09:51,22-06-2017 13:56,03-07-2017 00:00
7117ea59ab9bdbf381b1a880eb25b07c,9026aa2a4b854ef18f281eee09434801,delivered,14-03-2018 10:15,15-03-2018 03:30,16-03-2018 17:51,20-03-2018 00:06,26-03-2018 00:00
860a775a4c01146f0dac9eebe2ac8461,753f6e40ce5c9753d617ef1405cf67a8,delivered,24-11-2017 11:56,24-11-2017 14:37,28-11-2017 21:54,28-12-2017 12:45,21-12-2017 00:00
6514f4ab77bfe2791416987c6c136b84,47cb699aff55772778a179d9a6b32bcb,delivered,23-06-2018 17:05,23-06-2018 17:16,27-06-2018 07:05,28-06-2018 21:56,13-07-2018 00:00
67174eff886029c2cc97d11c74eea9a7,6f8a90f42a1120e42bf3db98b595040f,delivered,25-11-2017 12:47,27-11-2017 21:51,29-11-2017 16:19,10-12-2017 21:06,26-12-2017 00:00
4f1330720e5aa2d61a474c63620fc42b,428e0381c7a36540d57562f45cf9abd6,delivered,12-01-2018 04:13,13-01-2018 05:04,16-01-2018 21:33,02-03-2018 18:51,15-02-2018 00:00
eede8f1b542f41da8b04e72bdd357dde,a70394b12364e5ae44f4553c76076a6a,delivered,14-03-2018 13:19,14-03-2018 14:00,15-03-2018 23:12,05-04-2018 22:06,09-04-2018 00:00
14130f70a2038f80f97d9fcc6e590ba8,d88efaaddfde753a7d05f6b1cb1b5411,delivered,23-03-2018 17:22,24-03-2018 17:27,09-04-2018 23:08,24-04-2018 20:25,09-05-2018 00:00
46f6ed73fe09537a68e37e5b67fcdd01,92e16dc77c3bc26f219eedd465b6d189,delivered,16-10-2017 14:55,16-10-2017 15:07,17-10-2017 15:07,23-10-2017 22:14,01-11-2017 00:00
8f15948ef0bdb4709a5801084a564c56,95be4ef194f75ea2eaf653d3d28b2d60,delivered,27-09-2017 07:11,29-09-2017 02:58,02-10-2017 14:36,19-10-2017 19:42,31-10-2017 00:00
ad0ae09a07feb323ebb93e791ab88917,d6c81d2347ad5b090166bece40a93388,delivered,10-05-2018 16:40,10-05-2018 16:58,17-05-2018 13:56,18-05-2018 14:33,23-05-2018 00:00
354ca44327bb555017ef42fd921ada11,606ac72d2b2b2a89114d972d2e66a2a4,delivered,30-01-2017 16:33,30-01-2017 17:34,31-01-2017 08:59,31-01-2017 19:13,15-03-2017 00:00
534a0fbe91a806a1dc6bf09b497e3d6f,d17ae8582d302dbd41b87e5028e8c0e2,unavailable,22-01-2018 02:45,23-01-2018 03:36,,,06-02-2018 00:00
7d0a48a75ea94fb27cbb514b6bd406b4,1fa8165134d1bc197e2bc4ebf659f35e,delivered,29-05-2018 12:43,29-05-2018 14:15,05-06-2018 14:01,11-06-2018 14:51,05-07-2018 00:00
cd9d1ea1541ad23858c2890cbacd2406,de6e854dd86ca4f038c5aca3c86150af,delivered,01-03-2018 11:28,02-03-2018 02:29,02-03-2018 15:47,07-03-2018 18:41,19-03-2018 00:00
efc21a26212414ea2383d5392f15f231,b88110cc956e2c4f3ed611c4a64b297f,delivered,11-04-2018 10:45,12-04-2018 10:51,12-04-2018 21:46,16-04-2018 19:58,27-04-2018 00:00
6613fb221c62895c22ca8a2958d32156,dcb729d4247a942fe9911fe4685899a9,delivered,31-05-2018 22:01,31-05-2018 22:15,01-06-2018 13:55,08-06-2018 20:32,11-07-2018 00:00
6f7390ae95a89ea985e0d81b189e96d5,c17611c9d2852a5b128c4f1ed28fa0e2,delivered,30-01-2017 20:52,30-01-2017 21:33,31-01-2017 10:38,10-02-2017 12:09,20-03-2017 00:00
468c2f34312a6d270a20c7aef082041c,c43140cab099145072c92fafa17d0d48,delivered,25-05-2017 00:11,25-05-2017 01:10,25-05-2017 09:31,06-06-2017 14:31,23-06-2017 00:00
aaaf314a8cf0d0da71e52c6cd4184cbd,7302e92da39fdc7fa8b02048113bf5ef,delivered,19-06-2018 16:10,19-06-2018 16:45,20-06-2018 11:55,26-06-2018 21:17,24-07-2018 00:00
d0f9313e0b3e085cdd4116f42d31da06,2443d43e2cb0271b2e63ba9a0fe2903c,delivered,27-03-2018 11:19,29-03-2018 03:28,29-03-2018 22:24,10-04-2018 15:58,16-04-2018 00:00
63feacd35842cf0c330466827955c7fa,bfc79e4f4af23463178a0bbf68ed91df,delivered,23-04-2018 16:53,25-04-2018 04:10,25-04-2018 13:53,03-05-2018 17:19,17-05-2018 00:00
f8e926b4541bd4af7a14350967ba217e,f451e59a9232fe95d8deab7507f5b172,delivered,11-08-2018 23:30,13-08-2018 17:24,14-08-2018 13:36,21-08-2018 20:37,05-09-2018 00:00
a978d6eb16b0dd287c64cf99680c15e9,033c0ab40161f39cabba89a415feffaa,delivered,06-02-2017 22:02,06-02-2017 22:15,07-02-2017 08:44,20-02-2017 16:42,27-03-2017 00:00
9c5b6f458d5e5f8e372c112f8b658af6,e8376bb0980c62f2368025ec10161e4a,delivered,07-03-2018 22:26,07-03-2018 22:35,08-03-2018 18:42,22-03-2018 23:58,23-03-2018 00:00
541e98fb4e0b225dbc4493ae9d53eeb3,568be7bdad827e05c5b0b87614cb8c59,delivered,27-11-2017 22:23,27-11-2017 22:33,28-11-2017 23:33,11-12-2017 16:34,22-12-2017 00:00
3a39e6f440a811e9d4ad1bf47dd6c14d,5e4c7fa1c287657de20c8e19c2f959a0,delivered,09-01-2018 17:03,09-01-2018 17:32,11-01-2018 17:27,25-01-2018 18:26,06-02-2018 00:00
b51eb394d66d1bfb29d0e6367bd57d59,e972fcfb5af10aba3067698ccc05f611,delivered,27-02-2018 09:50,01-03-2018 02:35,01-03-2018 20:12,19-03-2018 15:56,26-03-2018 00:00
4534a8dd8fc9a1eccddc2bc6a7fd2ba2,6b419cdbd0dbc828c9fbd809cd6f983c,delivered,08-06-2018 10:06,08-06-2018 11:05,11-06-2018 11:35,27-06-2018 18:02,19-07-2018 00:00
264ce11c5e766e56fad7ef4046030511,beca47edbdd65b21b705e744c4275638,delivered,25-05-2018 16:23,25-05-2018 16:36,28-05-2018 14:20,10-06-2018 17:02,25-06-2018 00:00
7a70b827ebc6ab85bd4e28739619bb2d,cad3d3fc70d214ca82f4b5d6dfb279f2,delivered,08-08-2018 17:41,09-08-2018 17:50,10-08-2018 12:33,18-08-2018 11:24,29-08-2018 00:00
7f0cd5312c451eb0b746d9e0617e57f9,d6c5e3efecf1ebb34d1b7665db05de3c,delivered,26-04-2018 14:04,27-04-2018 08:15,30-04-2018 13:52,15-05-2018 18:36,24-05-2018 00:00
23799ee0d85541263f0637d4b86d5e5b,98209b8b1b97a90f4b5028daffb1b73e,shipped,01-05-2017 10:23,01-05-2017 10:35,02-05-2017 11:50,,23-05-2017 00:00
efeb57b095ad1d83a933437cb2c4837c,df939eb2e1f58a07066431a50bb9bf55,delivered,16-11-2017 17:42,16-11-2017 17:52,17-11-2017 18:41,30-11-2017 19:35,07-12-2017 00:00
e713631edbb37cc11f989c7d8412b80a,b8106fd2ea14b1cb7d883bdbaafdc82a,delivered,24-11-2017 23:32,25-11-2017 02:32,30-11-2017 20:53,05-12-2017 18:04,08-12-2017 00:00
463dc1b7fe6a8f19d740aba99d88ab73,f8f4be39e47db4b1a363cd95dec7a5f2,delivered,28-02-2018 15:11,28-02-2018 15:30,02-03-2018 00:25,15-03-2018 21:13,28-03-2018 00:00
780dfcd5aaf2662f3f6ce2201164394b,f73d378096054953caa2d69a8abceb73,delivered,22-08-2018 21:26,24-08-2018 04:05,24-08-2018 12:07,29-08-2018 13:35,18-09-2018 00:00
f92ebc52a42344683b930dfb16d2f317,c5c49531a2382c251f866e8c14dfb3ea,delivered,24-11-2017 10:26,25-11-2017 04:18,04-01-2018 21:28,16-01-2018 13:09,18-12-2017 00:00
99f6d132908e686db5ad8db097e76aa3,c557c88c4ec1f4c74389e95230d73f3e,delivered,04-08-2018 17:01,04-08-2018 17:15,06-08-2018 12:29,07-08-2018 15:17,09-08-2018 00:00
8ace197d57084cf99d770809ef26dab7,0a4c9f486aaecf0f40738a4306c1d552,delivered,11-04-2018 08:54,13-04-2018 02:11,17-04-2018 12:46,20-04-2018 22:02,04-05-2018 00:00
ea497a8fb762e77015ca8d85236d6e47,078a6dca7a00e66f3abf78d3ae96825a,delivered,24-09-2017 18:23,26-09-2017 04:04,27-09-2017 17:20,29-09-2017 12:03,17-10-2017 00:00
ad4c9fc51e6080fe19b1e0a62752d55d,23498073f7aa58164d73d99dc9a51e50,delivered,24-11-2017 20:40,25-11-2017 11:15,27-11-2017 23:17,04-12-2017 19:04,14-12-2017 00:00
8ea705b6d457f1b50272b5ae5a7a9099,6e99b4a37b2d5aa40cb85bdfcf9dc0eb,delivered,14-06-2017 12:52,14-06-2017 13:05,19-06-2017 08:12,19-06-2017 19:35,30-06-2017 00:00
e210480a7951a7968ea2a32e38c6dd70,6cc74c60ca9f1e86a7116ade13075729,delivered,13-07-2018 16:49,13-07-2018 17:23,24-07-2018 16:07,13-08-2018 22:16,15-08-2018 00:00
92d956a077a254413755349e0efd0ed7,9dc357207f1b0acf9782276bed80f48d,delivered,02-11-2017 22:46,04-11-2017 06:15,08-11-2017 21:21,13-11-2017 23:03,23-11-2017 00:00
a5d3eeeb605f6e2ce95e590543148234,05e8586e1ca488defddd47b5be9179c3,delivered,13-05-2018 21:46,13-05-2018 22:13,14-05-2018 13:40,15-05-2018 17:31,25-05-2018 00:00
f099e70d7cf0a758ccb7fb362d477166,027ece8189c0d8b1d3b543676aa81a9c,delivered,06-03-2018 13:02,08-03-2018 02:15,04-04-2018 01:08,10-04-2018 01:34,26-03-2018 00:00
3d17947832f443d603d5329d4f42b210,be9c2bbc3f4b220a693327fba72265d0,delivered,19-04-2018 16:12,19-04-2018 16:58,20-04-2018 23:16,24-04-2018 13:33,14-05-2018 00:00
8e10a1d1a57b6a469bc9a7a95c638b5a,78b0449357aac9b99f762f7d033aca6f,shipped,24-11-2017 06:49,24-11-2017 06:57,24-11-2017 21:49,,08-12-2017 00:00
9247f243c8ce8daa5f7011af7f97fecb,d004cba3f9bec60369b26eed8b97d594,delivered,26-08-2017 22:55,26-08-2017 23:05,29-08-2017 20:22,08-09-2017 19:41,19-09-2017 00:00
9ca8a98b31ed734b2db90fca420cda8e,a72bd498fc675be01dcf6c5f5e86e520,delivered,01-05-2017 09:54,01-05-2017 10:05,02-05-2017 16:26,04-05-2017 14:46,23-05-2017 00:00
61409da3655a093963f861bd9a96c600,d448b7d85542debc1b41de6cc14b50d4,delivered,22-10-2017 19:25,22-10-2017 19:35,24-10-2017 17:36,30-10-2017 18:43,09-11-2017 00:00
db37a79f21c59753d1ba93cc44d6cc4a,77650ab2482dc921150e09bea05890b6,delivered,08-05-2018 10:40,08-05-2018 10:56,08-05-2018 14:36,12-05-2018 00:08,23-05-2018 00:00
aa26ab274909dba40108cdcfc216f8b6,7f78a17c4b22bce421b4677bb221ea35,delivered,10-04-2018 21:32,10-04-2018 21:50,11-04-2018 19:47,21-04-2018 17:33,11-05-2018 00:00
45a857702c4695511eff5f2d40cfa75d,5a7500ddd320df5f05497b67090564da,delivered,25-04-2018 22:13,25-04-2018 22:31,26-04-2018 12:58,03-05-2018 18:40,17-05-2018 00:00
958407f3ab4e9f0d5d03a341f3840ce2,f1d8392057447bcc4dedf77c9a80edb1,delivered,03-12-2017 11:51,03-12-2017 12:11,04-12-2017 21:03,08-12-2017 13:51,20-12-2017 00:00
2c4f5d63471424bab535f4ff1051823d,526ca0c61e632c67f44099eaf587b023,delivered,09-08-2017 20:07,10-08-2017 19:43,15-08-2017 21:22,28-08-2017 20:17,31-08-2017 00:00
2b233b3b91f2164ae046d169a3d975ee,de321c0e4deafe175d021b9d9b257c40,delivered,03-03-2017 23:50,04-03-2017 01:32,07-03-2017 08:44,21-03-2017 02:35,05-04-2017 00:00
273ff9150ef1e7b66d89ac10f7cc7899,50d37bde3d02cb5e11d46544e5e8791c,delivered,15-04-2018 09:48,15-04-2018 10:15,18-04-2018 22:13,11-05-2018 16:48,15-05-2018 00:00
228dba745fdc79fe3b74e70f3e8f67db,a8f1b32299cc451c2480231139c9ad39,delivered,27-07-2017 17:18,27-07-2017 17:30,28-07-2017 15:33,02-08-2017 18:03,18-08-2017 00:00
dcc74da4fd99c9e96c775807b658336d,ee905ec97794ec6e95a8a02273cf5f20,delivered,18-06-2017 17:55,21-06-2017 10:25,21-06-2017 14:10,06-07-2017 16:13,11-07-2017 00:00
77054c0ae83a94aa7dda477bf235645b,2e22bee00067f79174a49def8fec481c,delivered,14-04-2018 22:10,17-04-2018 04:11,18-04-2018 18:52,04-05-2018 18:42,11-05-2018 00:00
373050e6af734517549f69f888763324,e51521843de8135ca5c2aebd76299469,delivered,10-05-2018 22:39,10-05-2018 22:57,14-05-2018 14:51,18-05-2018 14:51,29-05-2018 00:00
e6f6345c50327507fe35965aa65c8e94,b0a44e6002f9ff27862759d0d1992f4e,delivered,27-08-2018 18:50,27-08-2018 19:05,29-08-2018 15:02,30-08-2018 23:16,04-09-2018 00:00
b2d6c7b5ebf482317945ef822da56002,0a3ac1140826e07dcd774a7fc6e288b6,delivered,01-03-2018 11:48,01-03-2018 12:10,05-03-2018 15:22,13-03-2018 19:18,15-03-2018 00:00
4dd077c76e72e73742c4af14ebfbd4d1,5184df07acf834cd8a00cda25c376ebd,delivered,07-06-2018 08:57,07-06-2018 09:15,08-06-2018 14:44,15-06-2018 00:22,13-07-2018 00:00
6db5e7f2c9cd83bcf07b97044be2c0df,a743d5c3ba8ad2c90f90436852d418d1,delivered,10-06-2018 18:08,10-06-2018 19:51,11-06-2018 17:17,12-06-2018 19:46,26-06-2018 00:00
926282951ac5113c0a44287b4a30d5bf,145f93b9592c03d9d7dfbbae7e80c6f7,delivered,27-11-2017 15:06,27-11-2017 15:19,01-12-2017 19:12,18-12-2017 17:14,21-12-2017 00:00
aa45e41799067f67755e2e4e41925aa3,ecbe0bf872587f3cb5633f2b5d9b9fcf,delivered,08-12-2017 21:27,09-12-2017 07:11,11-12-2017 17:38,18-12-2017 16:58,08-01-2018 00:00
6c86cd28bc4a6ac0313b8d3e03131e9f,ff08e4d01ec84cf685cbb73cea8c1aa3,delivered,03-01-2018 13:28,03-01-2018 13:40,04-01-2018 12:03,09-01-2018 13:09,20-02-2018 00:00
245d1537baa4ed68d968e3c0f2ca5d16,8281392ae6bb39d84ababcdf4734f5b8,delivered,11-02-2018 23:27,15-02-2018 03:55,27-02-2018 23:38,20-03-2018 14:32,14-03-2018 00:00
a68dcfa331c5289cc9a15c24e3c1e476,72b55045ba227f2f40221ee830993778,delivered,09-11-2017 00:26,09-11-2017 02:30,09-11-2017 20:22,21-11-2017 18:38,08-12-2017 00:00
73756076fcc66ccd661bb81c5ce0c5fc,4366ad2fadfbb1f93c2b10d55d2edf81,delivered,14-07-2017 18:30,14-07-2017 18:43,15-07-2017 13:57,26-07-2017 14:34,07-08-2017 00:00
1d54db601b417ccdfd3b7071955e6cc7,7e7d2271d6f55b03b0bd4615c5f2de6e,delivered,27-04-2018 05:57,28-04-2018 10:29,30-04-2018 15:36,03-05-2018 23:52,15-05-2018 00:00
3909091186fad2ea417f3166d4067808,0ff74aa01898256d6b270ca4fc4b9577,delivered,26-11-2017 20:04,28-11-2017 03:44,30-11-2017 17:26,10-12-2017 11:16,15-12-2017 00:00
9bdc2095c034062781104665d6e3b9b6,6d59eb54b9df0cb6c0d67669819e02c5,delivered,16-01-2018 14:19,18-01-2018 02:11,19-01-2018 22:57,25-01-2018 17:12,08-02-2018 00:00
252a85fbb824c236e3b232f556edfc68,519579a0b1843161c9ac5cac2376caec,delivered,04-12-2017 09:47,05-12-2017 11:30,05-12-2017 21:13,26-12-2017 21:18,27-12-2017 00:00
06f4b63a078dd3d2ca46e379c2ab419e,8eafb1ae4b90494f3c3460771c07612c,delivered,23-06-2017 17:36,23-06-2017 17:50,26-06-2017 13:42,27-06-2017 16:17,06-07-2017 00:00
80c7b4c9343d57c6f4e84201ba70063c,b339abac3ae25f5b2b4f46d64ae42464,delivered,04-03-2018 09:51,05-03-2018 09:48,07-03-2018 01:13,26-03-2018 19:47,05-04-2018 00:00
201e6171af7d4a477721fde96efcd3a6,318c79ecbef169cf1961191ee2e2b547,delivered,11-06-2017 00:04,11-06-2017 01:10,13-06-2017 09:18,19-06-2017 18:11,03-07-2017 00:00
f029d5966aa03c87e17e2482f86202b1,ece9fb6661a1dc0cd93f5f8c9cf13b83,invoiced,23-10-2017 21:44,23-10-2017 21:56,,,14-11-2017 00:00
5ef28a6d6a0cfcef8e5eb4c151c18e82,6c9d5406be0d00b55c698e4f5f59c42b,delivered,05-07-2018 20:43,05-07-2018 20:55,12-07-2018 13:50,26-07-2018 14:21,07-08-2018 00:00
9b573950822247289cc283b3e30f19d8,b025998376e02b75dae7d887315d5da8,delivered,24-11-2017 21:04,24-11-2017 23:54,27-11-2017 15:57,11-12-2017 19:47,27-12-2017 00:00
be929febed86ae91848b45a84c499e44,8b8c47170df5dd2207aca5ce4d9cd608,delivered,06-12-2017 13:12,06-12-2017 13:19,07-12-2017 18:27,11-12-2017 17:33,05-01-2018 00:00
4a4ed9ed7922304a569ed850baba99c6,4ed6dff46316b8f7e80d1972f27ca39f,delivered,08-03-2018 21:36,08-03-2018 23:24,12-03-2018 20:33,23-03-2018 19:22,04-04-2018 00:00
da48dc4b67c6a225cba172618417ac34,7126ec8fd6c81f9f0b3a50f337bcde4e,delivered,15-03-2017 16:34,15-03-2017 16:34,16-03-2017 10:04,28-03-2017 16:15,05-04-2017 00:00
1e6c83f252357f4c9ae0df874887ef7e,7e5f789e079e767b1048f6f69e3fb67c,delivered,07-02-2017 22:03,07-02-2017 22:15,09-02-2017 14:38,14-02-2017 14:19,20-03-2017 00:00
ef2ca7d8cb8ec4ec022a77785b6b48ff,3d467c5762bb6d35042b28517d723219,delivered,12-06-2018 12:51,12-06-2018 13:24,12-06-2018 13:06,22-06-2018 22:26,12-07-2018 00:00
d127d99c100d3b63c29a600aab85fbd2,e1c2d716039d0df723bcd9e375267b9e,delivered,17-05-2018 19:22,19-05-2018 03:15,29-05-2018 07:13,06-06-2018 20:14,11-06-2018 00:00
626d84eb4cf67fe4d53e9c0d945388fc,f8e9242670e2a006945583dd4d13ae43,delivered,13-12-2017 13:24,14-12-2017 02:12,14-12-2017 16:47,19-12-2017 18:31,03-01-2018 00:00
d543b0fedeb939f3fda2a3c2fe167b02,f8cd00a7baf936fd020f7c38247dbd63,delivered,27-08-2018 17:32,27-08-2018 17:45,28-08-2018 14:53,29-08-2018 15:18,30-08-2018 00:00
1963cdf64d49297eb541ceee16ee659e,794e9df7154683f0861c93019aafb6af,delivered,26-11-2017 21:02,26-11-2017 21:14,28-11-2017 00:02,01-12-2017 18:38,15-12-2017 00:00
419158f0fcd3a19edca60d45d531849e,ac13f7c32f187f3ee52677e5270e85e0,delivered,13-04-2018 13:19,14-04-2018 02:15,16-04-2018 19:11,25-04-2018 19:29,14-05-2018 00:00
420d28103f84eb7c76bede8dddea608c,759009dbd177474a0c58c632fe296ce6,delivered,15-08-2018 09:01,15-08-2018 09:15,15-08-2018 12:15,16-08-2018 18:47,24-08-2018 00:00
44558a1547e448b41c48c4087fe32ddd,40e2a5bab2a362999505842bbfb0d590,delivered,10-05-2017 20:47,10-05-2017 20:55,11-05-2017 11:56,12-05-2017 17:00,18-05-2017 00:00
eba5d5c86dc17ef81926ce3e339da945,d839e253e97aea3c0bc5df7a08361fcb,delivered,22-11-2017 11:04,22-11-2017 11:11,23-11-2017 18:52,12-12-2017 13:33,13-12-2017 00:00
8828c448621cb6894c87c5c2be785309,6ad370043aedf67e3620fcdccd95bbf8,delivered,21-08-2017 19:10,21-08-2017 19:25,25-08-2017 19:49,28-08-2017 21:19,06-09-2017 00:00
1eef4e610c84e24e3ea7039a14693e90,5403fdd3b599bf8d6c07b02c3ac39ff6,delivered,01-08-2017 21:27,03-08-2017 03:04,08-08-2017 20:33,16-08-2017 14:03,23-08-2017 00:00
109b43dc12d67a5107cbbfb7fe98d0ae,592e40170cce9817780844caf7c0a2e9,delivered,25-07-2017 15:45,25-07-2017 15:55,28-07-2017 20:03,19-09-2017 14:18,22-08-2017 00:00
8650f273b9279f880588142245c2c398,1a6cb0e076784a5e73557aa5defd660a,delivered,22-06-2017 11:05,22-06-2017 11:15,24-06-2017 06:33,29-06-2017 11:42,12-07-2017 00:00
157b4fe03013e7a9db562091a12c2f8d,969d8a95fd033aa0d536264554d3a31b,delivered,23-09-2017 22:19,23-09-2017 22:30,04-10-2017 16:50,14-10-2017 13:24,26-10-2017 00:00
4bb429b2f70ff5c85e7fdcecb5efa852,52bfa05d8b00de2d68a7039015f6577a,delivered,26-12-2017 23:32,26-12-2017 23:39,02-01-2018 18:14,11-01-2018 20:09,24-01-2018 00:00
58e507b7d867429e6bd5116ea280588d,0f2b84248204870aa5a64e07b578ced7,delivered,07-05-2017 12:47,07-05-2017 13:10,12-05-2017 06:41,05-06-2017 14:08,08-06-2017 00:00
6b67ec6cfd19c0a30f91afb6bd431e8f,c2b0ea6dfda294a608886e885972199a,delivered,20-02-2018 10:45,20-02-2018 10:55,21-02-2018 21:52,05-03-2018 15:22,15-03-2018 00:00
effbc2be1e2eda5f0250adc2f307f346,be82df97dfd71eba6ea5ffd99caed7ea,delivered,18-07-2018 14:09,18-07-2018 14:22,20-07-2018 15:11,25-07-2018 14:42,10-08-2018 00:00
6da61def5ee2d55fc6b9dfbc43efca0b,006fffc5b0accd275de3e3a4b6d0832d,delivered,14-03-2018 13:28,15-03-2018 03:15,16-03-2018 23:04,12-04-2018 12:51,13-04-2018 00:00
0571cdb407bf04b419c94ffd7acbd874,2ec7666d1077597d4e4ff2116a319530,delivered,19-01-2017 21:24,21-01-2017 03:05,23-01-2017 11:41,30-01-2017 13:24,03-03-2017 00:00
a3bf941183211246f0d42ad757cba127,3718e1873d5dc3e8d96c0ab783278b02,delivered,24-07-2017 22:16,25-07-2017 22:25,26-07-2017 14:57,28-07-2017 19:06,04-08-2017 00:00
3b3c727f2f017c3efa05f74a729727d0,5419456ce86985adf34fb7fbb0d22daf,delivered,16-03-2018 09:46,16-03-2018 10:24,16-03-2018 20:21,05-04-2018 17:02,05-04-2018 00:00
7cb76df433b42580f7512fde60984ba5,1d510e457bb6e83400a904c93a6974af,delivered,02-02-2018 10:06,02-02-2018 11:12,05-02-2018 15:53,09-02-2018 01:11,26-02-2018 00:00
63098185d431678eef6d6651e235a1f4,3abc6ea6997457982d7a6f025c4e0786,delivered,15-05-2018 10:46,15-05-2018 11:31,15-05-2018 14:42,04-06-2018 17:03,11-06-2018 00:00
9aec77497620910d9b081312430ebd93,735407923bd7e1c88fd2994ae3a5d83b,delivered,21-04-2018 01:04,24-04-2018 18:08,24-04-2018 00:38,25-04-2018 17:48,04-05-2018 00:00
0cedb7b34000334cf6a9e407fcaa5203,b9a96d45b2fc1fb779cd86dba54a3110,delivered,11-07-2018 13:32,11-07-2018 13:46,12-07-2018 12:44,25-07-2018 00:10,31-07-2018 00:00
b138a736fdb315dc4dc8e277caa8ebcb,44b1b38478ff0cfb5e9e4b6254aac453,delivered,13-06-2018 21:17,13-06-2018 21:38,15-06-2018 13:35,21-06-2018 21:12,12-07-2018 00:00
538917e9e6d39e4e2f6d7480f7c2479e,ed9a9009b3f1634f5aba2e8eaee8e494,delivered,04-02-2017 23:28,04-02-2017 23:42,06-02-2017 15:08,01-03-2017 08:37,15-03-2017 00:00
35c369ca367805c6b6c59ce554768eef,10ce609a34904ea87a4254e96b05dcf8,delivered,24-10-2017 21:38,24-10-2017 21:49,26-10-2017 19:48,28-10-2017 11:50,08-11-2017 00:00
86cab3cb87a61fcf116c34a9231b1828,1a43cf85a4f3490e013bdc880c40ccec,delivered,02-04-2018 11:15,03-04-2018 05:10,04-04-2018 19:06,13-04-2018 21:36,04-05-2018 00:00
f197897366a10204e289606b4838ea3c,b7aeb0ea3110edb266582312f6a00ce0,delivered,14-02-2018 17:51,14-02-2018 18:08,15-02-2018 13:28,20-02-2018 14:51,07-03-2018 00:00
e16efc3cc50ac44b70f993463b609174,058b8118018cd37ff01ae5339a76c980,delivered,16-07-2017 13:16,16-07-2017 13:30,20-07-2017 17:42,27-07-2017 20:27,04-08-2017 00:00
a30016fdd70010d634bdbbe5aa016c18,931b19eb7671ec561f735b242b76da72,delivered,07-05-2018 21:34,07-05-2018 21:54,08-05-2018 12:08,16-05-2018 01:04,24-05-2018 00:00
75306e9e0b8f64c5bd70c0d24f87a759,c9280eef806b9c59397a4b993c1282c4,delivered,26-09-2017 18:04,26-09-2017 18:26,28-09-2017 13:38,06-10-2017 19:18,25-10-2017 00:00
0ac372f92fbec55ca27ef4fa99a6a13a,96d3328d8b8625bc4d656279e1515bee,delivered,11-01-2018 14:01,11-01-2018 14:12,13-01-2018 02:51,24-01-2018 16:39,09-02-2018 00:00
431deec11a68067a1366683c3614d364,6169e1f688411d49915cddaf1f5c677f,delivered,28-09-2017 22:39,30-09-2017 02:14,24-10-2017 19:45,30-10-2017 21:34,24-10-2017 00:00
4516c79ac42f6a567bf4d1209eba2b33,21e012f48ffe88ed1ff3c7584b1f0040,delivered,29-04-2018 18:43,29-04-2018 19:10,30-04-2018 13:42,05-05-2018 13:47,17-05-2018 00:00
f222c56f035b47dfa1e069a88235d730,b74ca180d63f9ae0443e4e13a2f5bdaf,delivered,30-01-2018 09:43,04-02-2018 23:31,31-01-2018 19:48,01-02-2018 20:10,15-02-2018 00:00
23427a6bd9f8fd1b51f1b1e5cc186ab8,a8fabc805e9a10a3c93ae5bff642b86b,delivered,21-05-2018 22:44,22-05-2018 01:53,22-05-2018 14:18,23-05-2018 15:33,29-05-2018 00:00
2033a4586b5bec3229ebc1675a8ae092,0efc1f5e8675901683fae0ea8fdf3feb,delivered,12-06-2018 10:10,12-06-2018 10:39,12-06-2018 10:09,19-06-2018 14:08,19-07-2018 00:00
1ff18ac87c2bd43b4a902ef5736193ae,f1c76162ea81ad7889daffd690950c5b,delivered,14-06-2018 11:49,14-06-2018 12:19,15-06-2018 18:52,16-06-2018 13:38,29-06-2018 00:00
1d1c9ba4b3111c36066400813fd93e65,a3ddcbd81efac5f01565774a84581689,delivered,13-05-2018 12:10,13-05-2018 12:32,16-05-2018 14:05,21-05-2018 19:12,29-05-2018 00:00
4d0d3e6d52ebda96d3ff80f913a49cee,091be8027f7e81f7982d213f813063e5,delivered,12-12-2017 12:25,12-12-2017 12:36,13-12-2017 21:43,15-12-2017 18:52,29-12-2017 00:00
678b28f078641e74d50be86b4ecaec7e,58d1b021c741cc8728280bbe6d0b3da8,delivered,26-01-2017 18:19,26-01-2017 18:30,27-01-2017 10:12,31-01-2017 18:43,24-02-2017 00:00
ce6923830776a5f0d2ffd91a11dd6204,1ad157f908eda2d776e2739a9505495e,delivered,10-09-2017 18:26,10-09-2017 18:43,14-09-2017 19:33,15-09-2017 22:39,21-09-2017 00:00
f8c9df743a18aeeedd550486dbe39689,ff4512b27e3f8d9774f6e01ceb951035,delivered,07-06-2018 17:52,07-06-2018 18:17,08-06-2018 09:58,19-06-2018 15:58,11-07-2018 00:00
7942099e2f484fd9f80b3bf901b706ea,dff35e4b5a960daa3287033b77b1c965,delivered,26-04-2018 15:16,27-04-2018 03:51,27-04-2018 13:40,08-05-2018 20:26,23-05-2018 00:00
2e571b4487c7119502acdb48043efcee,2f1d78af6de0800385a0cc5cf4b7a794,delivered,03-12-2017 15:57,05-12-2017 04:12,06-12-2017 18:58,15-12-2017 22:47,27-12-2017 00:00
c47acf407eb57ab063c79f3f1c8f7018,bea09f07c235c12f4d5fd154651c0f5f,delivered,12-02-2018 20:41,15-02-2018 03:47,16-02-2018 03:33,19-02-2018 11:16,23-02-2018 00:00
a238c4b12e353d643594bb92d9385e1a,a71f65149295549d85fe86597d5bf59c,delivered,22-06-2018 16:07,23-06-2018 02:20,25-06-2018 19:02,28-06-2018 16:32,18-07-2018 00:00
5965bbd72c3ca0d9634419437ca53897,3dd8536c33d454b9a9d05ba357eeaaa9,unavailable,30-01-2017 10:29,30-01-2017 11:31,,,08-03-2017 00:00
79bddd312603ec0241e3d42556c6bba4,dc5cacb3e5b312dbde82dae449a8eb6e,delivered,04-03-2018 15:30,04-03-2018 15:48,06-03-2018 00:19,19-03-2018 22:32,02-04-2018 00:00
1b00a2b976ff528b7ab895ea9ed58ab7,3172fe335c9b335ce749eda3b7c73bd3,delivered,25-06-2017 17:27,25-06-2017 17:35,26-06-2017 17:26,06-07-2017 18:07,18-07-2017 00:00
ffa466d3e55f98477b7e0da764df3c6c,84b9f36a23bcee1236bc7f13afab749d,delivered,11-05-2018 08:05,11-05-2018 08:30,14-05-2018 13:28,18-05-2018 17:44,07-06-2018 00:00
5384eba8f22866695801e33c6dc25745,afb5732a3293a4a7b3083314a9d1ac5b,delivered,03-03-2017 15:38,03-03-2017 15:50,14-03-2017 10:27,28-03-2017 17:24,03-04-2017 00:00
6810999b773bffdb94e8d02004603720,6f2a9c58f3b6c3f558f59cefc2db5eb1,delivered,27-10-2017 21:30,27-10-2017 21:46,01-11-2017 15:34,08-11-2017 10:32,16-11-2017 00:00
8cc012923b38d546150622ee192f83e8,64297b84f640852cf295e3ab6412684d,delivered,13-02-2017 00:18,13-02-2017 00:32,13-02-2017 13:10,22-02-2017 13:57,24-03-2017 00:00
15341b05d64b1a27163a196767a80afe,e90517fa5530cf8a1818e915c53d6659,delivered,24-03-2018 11:41,25-03-2018 11:47,27-03-2018 15:50,11-04-2018 21:48,27-04-2018 00:00
07182ece031138fc6c7f81b60b1eb329,704230ce6edfc1682d86cddb7f8216ae,delivered,16-04-2018 01:48,16-04-2018 02:12,17-04-2018 15:38,23-04-2018 22:46,07-05-2018 00:00
dd1170f24eb54d1e79df08ccbb49a377,2f34631e6bf18b22701d79a367cb23fa,delivered,18-05-2018 12:11,19-05-2018 03:13,29-05-2018 07:13,05-06-2018 20:09,12-06-2018 00:00
2c28c8ed0ab7031e787379318449b44c,a6cbe0fbcebbed679ae926f1a8ddf66a,delivered,20-03-2018 11:29,21-03-2018 02:48,26-03-2018 13:34,11-04-2018 15:58,17-04-2018 00:00
90d56ed46d2ebca29d7bf65e65b906e0,a3a7a7e9325f146eaeea7cafbb1b5345,delivered,25-06-2018 10:04,26-06-2018 04:35,26-06-2018 14:34,03-07-2018 18:03,17-07-2018 00:00
03310aa823a66056268a3bab36e827fb,25dbbf0c477fd4ae0880aaffbb12e8b3,canceled,07-08-2018 16:33,,,,04-09-2018 00:00
ee40c6051d9d3a4c45904eaa1e5fe733,36f021ed4f2ae331ca32785f4fa574fb,delivered,18-07-2017 18:19,20-07-2017 02:25,20-07-2017 17:43,26-07-2017 01:46,11-08-2017 00:00
9c8ee769e2dd71e30f9db37f2c2606de,ee4a9de0355bb9df99b44cdc7d95e47e,delivered,08-04-2018 23:24,08-04-2018 23:35,10-04-2018 00:02,12-04-2018 19:05,03-05-2018 00:00
03054d8a8eefc2981cfad06f58e27979,9bd2f246e81c19f65c539ce426288ef5,delivered,02-10-2017 10:25,03-10-2017 10:35,09-10-2017 17:57,19-10-2017 21:03,25-10-2017 00:00
3edc1d26d1bd92c3c56e12bf85979f87,4865bc634919f9ff8358eb16eadba34c,delivered,31-05-2018 18:28,31-05-2018 18:52,01-06-2018 08:44,12-06-2018 21:51,28-06-2018 00:00
0d91fd5b8475f8f0576a6e8f90c6497d,9f34131462cd5edccdc9d4db9f7d2bbc,delivered,10-05-2018 14:49,11-05-2018 14:58,15-05-2018 07:43,21-05-2018 10:48,29-05-2018 00:00
b8d83281a0c89e3157c9cd7c37ff7273,c5a0c4686d4c21f566230d515702d69f,delivered,25-08-2017 11:28,26-08-2017 11:35,28-08-2017 18:24,06-10-2017 18:14,22-09-2017 00:00
43b2cd469a6cee268b9be121cbaf17ba,37162cac049e2c9a4f0eb40c81c3cff6,delivered,11-08-2018 22:10,11-08-2018 22:25,13-08-2018 16:17,21-08-2018 14:38,27-09-2018 00:00
ce9fc4b5d521bad32b0c3893b9b3788f,47166f88862447ea5f8e078b2aaefb46,delivered,15-11-2017 16:18,17-11-2017 03:35,29-11-2017 00:16,14-12-2017 18:37,06-12-2017 00:00
068027bd6fbd44e949cfb70acad89b55,8e20f087ea52d83311b8a9df03ab67f2,delivered,14-08-2017 13:26,14-08-2017 13:50,14-08-2017 20:25,15-08-2017 18:25,25-08-2017 00:00
9ca192d3fd38d4aff0c137f84cf7e121,10b0bfb19ed6f0aa3d895cc1db350e3a,delivered,13-08-2018 10:46,13-08-2018 10:55,14-08-2018 13:21,18-08-2018 14:24,23-08-2018 00:00
cf3a9fb2f3b7b0d71c3a8e59c01ad281,f1cc6f2b2d1fe79fc891d57a5b05e44a,delivered,08-11-2017 16:46,08-11-2017 17:30,09-11-2017 15:41,23-11-2017 20:11,01-12-2017 00:00
7ec6638456231f1eec19f7de8723f269,c4ac275898e0ba063e3b67f168ed2d80,delivered,30-11-2017 20:37,01-12-2017 10:30,01-12-2017 22:22,11-12-2017 23:22,26-12-2017 00:00
6244be66e1870c2392135aa8e2f61aee,b3c27d38792407989077a9a53d28b2f0,delivered,26-04-2018 13:31,26-04-2018 13:51,26-04-2018 14:16,02-05-2018 23:32,16-05-2018 00:00
150b0776d65cc88c98cb4d10d0bc27b3,95a001f306dfba60026ad846f37ab045,delivered,23-07-2017 19:02,23-07-2017 19:27,26-07-2017 15:22,01-08-2017 18:07,11-08-2017 00:00
99bfe67168d67b56c87d3c3ab8b4f568,b05cde1812838d146a1976e80ede260b,delivered,07-06-2018 18:26,07-06-2018 18:55,08-06-2018 12:21,18-06-2018 16:21,26-06-2018 00:00
ece1fa4a929c6a0e8b6678e10b2ac642,a4c800a16c71d3bb4b77665ba11d8525,delivered,26-11-2017 17:44,26-11-2017 18:30,28-11-2017 21:22,07-12-2017 15:07,20-12-2017 00:00
0452092bf08cf43ddab32ebec9e75d2d,bc2723356fa3f373b455c0a3112dc495,delivered,21-02-2017 10:53,22-02-2017 03:15,22-02-2017 09:34,16-03-2017 10:41,30-03-2017 00:00
dde44f7e3e37e8a34b9cdffc9bc652e5,cbc4da078da70f553783f3f901a8c858,delivered,19-12-2017 17:46,20-12-2017 06:55,20-12-2017 21:48,17-01-2018 00:03,23-01-2018 00:00
4c9de71242c212430ae070b7d2f837e7,c3fdff407ffd0912869ee10b353ce874,delivered,13-08-2018 15:55,13-08-2018 16:10,16-08-2018 13:37,24-08-2018 17:37,03-09-2018 00:00
275a9c9ccc183a48eac733ea33bb8cc5,b983b6c8c77dac754125a7e55555c05a,delivered,03-12-2017 18:58,03-12-2017 19:11,04-12-2017 21:22,05-12-2017 19:52,20-12-2017 00:00
f05aaa145a323239764fc5948997db58,d3c72ba3f7ef0adcb612dab05a515871,delivered,23-04-2018 10:21,24-04-2018 18:16,30-04-2018 12:45,02-05-2018 12:22,08-05-2018 00:00
3324048ac2f2df01f583f71758589776,358be33e0da76b214b9504d0ca78c556,delivered,23-07-2017 21:24,25-07-2017 03:30,09-08-2017 18:18,09-08-2017 18:18,15-08-2017 00:00
22f1399a4c5b23e40453c44942c04100,da27f48eeb029c62720ef773ab95806c,delivered,10-08-2017 19:25,10-08-2017 19:43,16-08-2017 19:32,22-08-2017 17:56,30-08-2017 00:00
09ff646bb8e18894b907e5b76f5fca59,08ba3f633e08284c827e14b9700d8949,delivered,09-09-2017 03:20,09-09-2017 03:36,12-09-2017 12:38,20-09-2017 19:14,27-09-2017 00:00
682e90d16332af76ecbdaee2e0c74bf6,e335e7e1fffa9b705d3453abb49890a7,delivered,05-02-2017 17:07,07-02-2017 03:55,07-02-2017 09:40,03-03-2017 11:09,15-03-2017 00:00
171fac25aa2fde5b05b3109d582d04bb,1c3c07a5e0ae1596ef662a0d60f362fd,delivered,04-08-2017 17:15,04-08-2017 17:30,07-08-2017 17:24,16-08-2017 18:04,01-09-2017 00:00
f84f158d834dafae73fa8da8b11bea6d,de092fae7682337beee732fe96841556,delivered,10-08-2017 11:58,11-08-2017 15:50,06-09-2017 13:58,18-09-2017 18:23,06-09-2017 00:00
fa2327f446a561a540a3fe3069f99046,d7492c2b1d4bcba6c2c8cfd6a25ef8c2,delivered,04-06-2018 10:58,04-06-2018 11:11,06-06-2018 13:53,14-06-2018 12:32,16-07-2018 00:00
0904fb2c91a18099a0b7315f1ac9501b,d3d5a2955341122b1b68164dcbbc948e,delivered,13-02-2018 20:10,15-02-2018 04:27,15-02-2018 22:08,17-03-2018 02:13,12-03-2018 00:00
8facdb9134d16bc7c0e49628ad6c58ac,4607f26eeadd0411d23ce49fa7f6c745,delivered,11-12-2017 20:47,11-12-2017 20:54,13-12-2017 01:33,20-12-2017 21:04,29-01-2018 00:00
581ef4e5af5c7bbdcd26579839290635,60a9c78e3568017be691575628c8c141,delivered,18-11-2017 15:48,18-11-2017 16:06,22-11-2017 21:37,08-12-2017 18:49,13-12-2017 00:00
b012c1697921f54e80780e034a93c871,bd08dfed0cf17e30968943b497ef14ec,delivered,21-01-2018 11:13,22-01-2018 13:47,23-01-2018 21:13,03-02-2018 13:12,14-02-2018 00:00
697a3f72fadd1e5af4740ab0fccd99ed,b379e9e939cff8a03a9ce96cff2a59a6,delivered,06-10-2017 17:19,06-10-2017 17:28,10-10-2017 13:27,16-10-2017 21:47,31-10-2017 00:00
7b50d6c8484155685a9780c8a85a48fc,43e0730019df444079135bad56922da3,delivered,18-05-2017 09:48,18-05-2017 10:22,19-05-2017 09:13,22-05-2017 23:04,31-05-2017 00:00
107478e48c13dc0b39a379510464cd9d,8f28e2e21bc3d726c1bb67a90c49b0de,delivered,26-04-2018 08:42,26-04-2018 08:55,27-04-2018 12:46,02-05-2018 20:16,18-05-2018 00:00
f825ff64b7a15cd4f3483fb00b6ad59c,1e1f25dd8d5d50c2c438163bfd204126,delivered,30-09-2017 23:59,03-10-2017 04:28,04-10-2017 13:17,13-10-2017 16:48,26-10-2017 00:00
60b47c43df5722f9923b79a22c8e671d,f504b57716599db532487c2ec5654b5d,delivered,17-01-2018 06:17,17-01-2018 06:27,25-01-2018 22:42,29-01-2018 23:54,07-02-2018 00:00
562f68d5a8c2d3be1d1b87f06c7b87c0,ac546480af29373387a27e4e6313665e,delivered,31-01-2018 10:24,31-01-2018 13:44,01-02-2018 16:09,09-02-2018 17:51,16-02-2018 00:00
c259fd488a73ebbd67d79df856d4befc,6ab85b3fac14f117ea275b5a35503073,delivered,02-12-2017 13:53,02-12-2017 14:17,07-12-2017 22:28,13-12-2017 23:23,28-12-2017 00:00
c5816c6d12ac8e0bebace202a2774edf,c50b76da2bbd240a8508f5802745476d,delivered,28-10-2017 15:55,30-10-2017 10:15,01-11-2017 13:06,14-11-2017 16:47,17-11-2017 00:00
00ab1aba567dfebdc39caa4e7ca2f1b2,f2a48c51664d5ca2d7401f95994bb8a9,delivered,01-09-2017 14:01,01-09-2017 14:15,05-09-2017 21:11,12-09-2017 14:07,03-10-2017 00:00
3eecd0cb5bdd21bfa681cf52426d0cb7,10c0f0e11059fe82315114cb4f93ade6,delivered,18-03-2018 16:30,18-03-2018 16:40,20-03-2018 17:28,21-03-2018 18:16,29-03-2018 00:00
fc4d2d157d4a89bc10a21af181e2a5a2,fa71143c40df6a419c2656d2a05dd6b5,delivered,06-05-2018 11:54,06-05-2018 12:13,10-05-2018 09:55,14-05-2018 17:26,24-05-2018 00:00
f42afa7297d7d5f4c540fd31c4196821,bf56aa6eb743bb7c169701ad0ee1bbc8,delivered,16-02-2018 13:34,16-02-2018 13:46,17-02-2018 14:56,07-03-2018 18:13,14-03-2018 00:00
ddfb686b5b2ac3fbece69e652701a876,7082b385393bd99f9c75789376a81588,delivered,04-01-2018 10:03,06-01-2018 02:08,10-01-2018 16:31,19-01-2018 18:12,31-01-2018 00:00
973daf958def9b35a204cab8092279bb,d6157dcf371c042e4a4d08bdd75e4c40,delivered,25-03-2018 19:12,25-03-2018 20:35,27-03-2018 14:09,28-03-2018 15:39,06-04-2018 00:00
30f98311688b9a0cc176d88c32b308d3,72241f6ac253dedd45a67f539f113891,delivered,19-03-2018 23:32,19-03-2018 23:47,20-03-2018 19:48,21-03-2018 21:03,11-04-2018 00:00
0b9e3cb461332c63fffd742e522832a1,d214a4a86c30fcb8f92dac5260ece938,delivered,29-10-2017 18:18,29-10-2017 18:30,06-11-2017 21:53,08-11-2017 21:42,21-11-2017 00:00
5875e5804ca85e3b4c8dda7a7dfce4cc,954cfe56edc8052d49bc5b4715efbdf3,delivered,14-06-2018 09:54,14-06-2018 10:20,18-06-2018 15:52,29-06-2018 17:34,18-07-2018 00:00
500e36e71ec5080f1935acac38e0f8c1,326cd7173402f166f337b4abecbadba4,delivered,11-06-2018 17:46,11-06-2018 18:18,15-06-2018 12:49,20-06-2018 14:42,05-07-2018 00:00
931873d5376eea7fc2c35b2d4724abb7,a9358e9cb07d34be0fed1cc93e7205b0,delivered,28-06-2018 20:25,28-06-2018 20:50,29-06-2018 08:36,30-06-2018 14:07,18-07-2018 00:00
2c36e21ba9c9ffb56e431113b7af7073,d10615d1c73d6b427e93a513eb24228b,delivered,28-07-2017 22:53,28-07-2017 23:10,31-07-2017 18:28,08-08-2017 19:44,25-08-2017 00:00
9cf7337281a128f4f29a2f476c733601,c606407eec8f9304dcd264811b9f0523,delivered,13-12-2017 21:00,13-12-2017 21:41,18-12-2017 21:04,15-01-2018 22:33,17-01-2018 00:00
92ea4e83a1cbd42cfc62e113b8a00797,5c9039026e45902bdd7d7491e04071c6,delivered,17-07-2018 13:22,17-07-2018 13:35,18-07-2018 15:21,30-07-2018 12:18,06-08-2018 00:00
b8f95bd45718008c382f10f416a3581d,a7f052daff637569a9a4dbf03164e14c,delivered,15-01-2018 10:33,15-01-2018 10:54,17-01-2018 17:30,26-01-2018 19:53,19-02-2018 00:00
ca9012a0bc23f8c1b5be9b7e4af8fa5e,13a570ece49733c3201ddb6d816bdea1,delivered,01-07-2018 14:19,01-07-2018 14:35,02-07-2018 13:40,04-07-2018 21:32,27-07-2018 00:00
f16d36e918e76d6b9afabb3d8189f313,f066a97261ba582454937cdc723591a4,delivered,12-07-2017 21:08,12-07-2017 21:23,13-07-2017 20:27,14-07-2017 15:57,01-08-2017 00:00
5cccab268a47c0211857cb529104775c,9d1b349b9033719eeecbabb9dedb1b72,delivered,17-01-2018 10:53,17-01-2018 11:10,19-01-2018 18:03,30-01-2018 19:53,07-02-2018 00:00
d2dee958cbda7c87cbc097cf2f5f6c1e,1a949476f028910baab6a43ccb9f332a,delivered,08-11-2017 00:35,09-11-2017 01:31,16-11-2017 18:28,12-12-2017 17:22,01-12-2017 00:00
4aa9da5533740e416c8a3ccb338e5c49,849b3f67eb957249945aea7088399319,delivered,11-12-2017 21:28,11-12-2017 21:36,13-12-2017 13:26,03-01-2018 18:52,08-01-2018 00:00
9f188fd1c4dddf39da5a0db98006c240,74a8a3b6fe196b1c69c14c15bd62eb2d,delivered,01-02-2018 23:20,02-02-2018 23:10,06-02-2018 14:54,23-02-2018 22:49,23-02-2018 00:00
2e21f1cfb4d53ac6710fdd9956f35f54,75c8bc2109f5fb856317aad61dca2dfe,delivered,10-12-2017 19:16,12-12-2017 03:51,12-12-2017 23:41,05-01-2018 22:11,18-01-2018 00:00
e3905e23c30d39e4c239cce9f353a67b,6056f462f8fdadae813417c5067cbf85,delivered,24-04-2017 11:36,26-04-2017 09:36,03-05-2017 12:33,08-05-2017 13:29,17-05-2017 00:00
77d685df1d92550ffac03ccc56a692e0,895a17651506a4fb4102247a6bc6697d,delivered,24-04-2018 00:10,24-04-2018 17:43,28-04-2018 08:07,03-05-2018 21:37,04-06-2018 00:00
893898b048df9dfeafedf2c86eb5037c,477fdceea6e84f0e22f8db6ec404a3f0,delivered,08-02-2018 09:24,08-02-2018 09:35,22-02-2018 20:08,14-03-2018 00:49,13-03-2018 00:00
9d35749dad6abb761c340266c0c206cb,a548ddc7529330027feda4cf87f9db30,delivered,21-02-2018 00:30,22-02-2018 02:30,22-02-2018 17:42,09-03-2018 16:17,16-03-2018 00:00
9e3645ad2be5ec175726706b2c3ac642,22b89dce93d025aaff2c256dc12a391f,delivered,01-01-2018 20:22,01-01-2018 20:32,05-01-2018 19:23,12-01-2018 22:48,29-01-2018 00:00
260a8f34d9837b682c7a6c52cc8d9193,290af43fe651c812c1836a7075d395ae,delivered,13-04-2018 18:01,14-04-2018 02:31,19-04-2018 21:26,10-05-2018 22:12,11-05-2018 00:00
61fcbde43b57103de5c19b26489b46f6,3bbe55ec205026d44f2a0ce1059f6e5a,delivered,14-05-2018 16:18,14-05-2018 16:36,22-05-2018 16:29,23-06-2018 14:28,08-06-2018 00:00
eb8d44030d2f4ebce460ebce652242e2,30e9e911324b756560b265fb5281cdf9,delivered,02-03-2018 19:39,02-03-2018 19:50,05-03-2018 22:28,09-03-2018 20:24,14-03-2018 00:00
597bd074d7874048131c67581f0556d4,02d12adf94e256f7ff0056d447557027,delivered,31-01-2017 11:54,01-02-2017 02:50,01-02-2017 08:19,08-02-2017 22:29,09-03-2017 00:00
c2dccf148a1561c27d90870e67e507ca,3b92ef3cb3cb54cc1e20bf7f23c6027c,delivered,04-09-2017 19:27,04-09-2017 19:35,08-09-2017 16:38,19-09-2017 18:08,25-09-2017 00:00
f8d19a0283152c2a14277f39a74da971,efc66ff7da7b21de91828926c9a58fe1,delivered,05-10-2017 12:27,05-10-2017 12:49,06-10-2017 15:41,13-10-2017 16:38,06-11-2017 00:00
e1860ce96baa10d7f08d86aaf5927459,f774bf697b9b702ff9169e23ffb8b3fe,delivered,01-05-2018 18:10,02-05-2018 18:32,07-05-2018 14:30,11-05-2018 16:52,23-05-2018 00:00
509c69c52df2779cbec8cf7772c5bf00,ac84a80ddbee92d2aa6c2a8856e91084,delivered,14-06-2018 08:37,14-06-2018 08:58,14-06-2018 14:29,03-07-2018 16:28,16-07-2018 00:00
8176c11ca059602f1a7b1615f4cebbd6,706294ee2bf13bab8e5ed8ad240b0406,delivered,17-05-2017 22:58,17-05-2017 23:10,18-05-2017 16:28,19-05-2017 10:38,31-05-2017 00:00
5361ae7742cca11bdce02eba111d345a,822d89ae169a34fc33eddc98e2e90e23,delivered,22-03-2017 08:40,22-03-2017 08:40,24-03-2017 16:03,28-03-2017 12:27,10-04-2017 00:00
c0e11158f60abbb6f96d74228e67d44c,025c2b263a9a9247f855c0c777aabe33,delivered,20-07-2018 18:59,21-07-2018 18:55,23-07-2018 11:49,31-07-2018 23:32,09-08-2018 00:00
8db5dc3121f330642473ed0e76209acb,c2ae100da1116b23a16e73c8decfd378,delivered,18-04-2018 21:54,18-04-2018 22:10,19-04-2018 17:14,30-04-2018 20:08,17-05-2018 00:00
c6fdbf697f2f8af465a58ffaa4c3fa4e,1e3dbf396a2b6fdc1547c9efb69ce495,delivered,28-09-2017 21:07,29-09-2017 02:27,29-09-2017 14:57,04-10-2017 18:28,20-10-2017 00:00
db999a5bcd3e9db87cafe71501d3a653,0de46efc7d10114ac311e5e16d8dbdb7,delivered,23-03-2017 13:25,23-03-2017 13:25,29-03-2017 15:16,10-04-2017 18:24,25-04-2017 00:00
ff9475663788de57817b221392697cce,eddc0f5250ab8ed511268cae2caf9a0c,delivered,19-04-2018 19:26,24-04-2018 18:23,23-04-2018 18:26,30-04-2018 15:54,14-05-2018 00:00
5aadbda0877e0d99ba07f785cd29c362,d703cdda08125e2b263b92746af0f23c,delivered,24-06-2018 18:02,24-06-2018 18:15,04-07-2018 15:19,06-07-2018 15:18,23-07-2018 00:00
fd2501379f4567dee6308aa8484f1a5a,33951da0246c9ded2439c9d239b78c79,delivered,31-03-2017 05:28,04-04-2017 06:02,04-04-2017 12:15,19-04-2017 15:24,08-05-2017 00:00
9948c44a7306b0739e5fdcee5966cc9d,01f841d4c59e8b7634174ef72a75f81a,delivered,23-07-2018 21:26,24-07-2018 10:31,25-07-2018 12:59,26-07-2018 16:12,31-07-2018 00:00
1462290799412b71be32dd880eaf4e1b,220e4b027f0294fd79d2869ef67e7db6,delivered,19-08-2017 14:06,22-08-2017 04:10,23-08-2017 13:54,29-08-2017 19:35,15-09-2017 00:00
31effa440b34ae0432d83ef645db463a,dcad1d81f5929fa310a1a36681535e4d,delivered,07-05-2018 15:15,07-05-2018 17:17,09-05-2018 13:28,18-05-2018 20:12,04-06-2018 00:00
47399920ee7546351440204086acb793,9bba9922e5c4a943364dd5884bfba750,delivered,23-02-2017 23:40,25-02-2017 02:15,02-03-2017 09:34,08-03-2017 06:49,20-03-2017 00:00
104bc860b4c9a9d28566dfd1093997e0,4570a39e7f01b82615be718c2116ecb7,delivered,16-06-2018 13:54,16-06-2018 14:17,18-06-2018 14:09,26-06-2018 15:46,18-07-2018 00:00
8551e4893fc1357dda960b1a7202b53d,44f8065dc27889dca23b34e78c5b6314,delivered,07-06-2018 06:54,07-06-2018 07:12,08-06-2018 14:45,12-06-2018 23:46,04-07-2018 00:00
a9ed648a6ef557d5075c383b251b4997,1e863570fff8e93ee7db14d56d826a6d,delivered,13-08-2017 09:11,13-08-2017 09:25,14-08-2017 21:42,26-08-2017 13:14,18-09-2017 00:00
12c086e6bfc59c3a3ec7e77d5d1a6b17,549b71495b4abb6a6db77aaa5564f593,delivered,06-05-2018 21:06,08-05-2018 19:34,09-05-2018 12:47,10-05-2018 11:35,22-05-2018 00:00
dc8db01e3bbdf8eae34d6509752ddc88,cddd30af33517a3fcc9bddb552c684b6,delivered,24-10-2017 13:52,24-10-2017 14:14,25-10-2017 18:15,03-11-2017 19:18,14-11-2017 00:00
c2b819b02527dbe8dfe424c00d999e0c,148e9dce3968211ba80e8db0b5b5332e,delivered,06-12-2017 22:28,06-12-2017 22:39,14-12-2017 01:07,20-12-2017 15:22,04-01-2018 00:00
9af31d2f7ebb4bcb16fafffa4236f888,e38595a899907bdc76cb2ef18e1f991f,delivered,15-02-2018 06:54,15-02-2018 07:06,15-02-2018 19:36,06-03-2018 19:13,23-03-2018 00:00
1253425c1b76191a5ff742f11d80e1fa,25a742a013fa668dd2da9b49e7361a48,delivered,14-07-2017 21:38,15-07-2017 03:25,17-07-2017 19:22,26-07-2017 01:04,15-08-2017 00:00
f0dd29734578caa3db607e173070e2a9,0361232bf2b929e19323dfc2843ee554,delivered,21-09-2017 15:10,21-09-2017 15:25,22-09-2017 20:43,27-09-2017 20:43,16-10-2017 00:00
3d242cd631044a419d68e504892eacda,0509cd76cbe3a75f898826c212bb3b83,delivered,04-09-2017 14:53,04-09-2017 15:10,05-09-2017 19:22,11-09-2017 14:22,21-09-2017 00:00
a58784d285ddd015fd7bd46c9a067ce8,3fcc626dafbe7670a20531c1fa8eb3ef,delivered,23-04-2018 21:26,24-04-2018 18:23,24-04-2018 21:50,27-04-2018 14:22,10-05-2018 00:00
4a0217620e6f7eeca8f035dbbd03a174,4ce93a796c27842ddee5e831d267d05c,delivered,04-06-2018 20:54,04-06-2018 21:12,05-06-2018 14:51,12-06-2018 21:22,13-07-2018 00:00
c0ecfbe7eb9d8435e0e3ecd0cdb899ce,98adb1ace438c2553c8eda1d1dcf1c20,delivered,12-08-2018 07:40,12-08-2018 07:50,15-08-2018 13:09,17-08-2018 23:11,27-08-2018 00:00
b07abc8b9acaf00e79b4657419f469f3,15308b044c9608fc82e57f2e5d6878f6,unavailable,09-03-2017 17:45,09-03-2017 17:45,,,28-03-2017 00:00
bb3463b1de5e29d8d574a1e422777763,f9083a610cc0600871bc80e53dd586ee,delivered,01-12-2017 01:39,01-12-2017 10:31,04-12-2017 13:37,09-12-2017 19:44,20-12-2017 00:00
984d353f61e2dc775d7dd4b09882b481,84f6eec07282d6ddae9a4211812e596f,delivered,26-03-2018 23:50,27-03-2018 00:07,02-04-2018 20:49,17-04-2018 16:19,17-04-2018 00:00
d2f67144a4e6d027140260ae9ed6b648,3114d3d76bf813b06638b17da57a21cd,delivered,10-03-2017 09:07,10-03-2017 09:07,10-03-2017 11:28,27-03-2017 13:48,12-04-2017 00:00
06bad3a130e91f7b26791dba22abc0f5,914f5d77198dea1b107e105471d3db24,delivered,09-02-2018 17:21,09-02-2018 17:35,15-02-2018 16:19,26-03-2018 17:49,07-03-2018 00:00
c70715c3111d10111116543cfc29f3ca,f9428c2e5615ac4466e687dc636c8d04,delivered,17-07-2017 20:50,17-07-2017 21:03,19-07-2017 11:46,25-07-2017 22:33,14-08-2017 00:00
e88708b0f6c58eaba5b9b3f850f212cc,4931bab39028b872b4ab9a0c38e3d552,delivered,05-02-2017 15:48,07-02-2017 03:45,08-02-2017 05:15,10-02-2017 10:47,01-03-2017 00:00
27a70a8fdf1c9edcfa01d463b45a5b03,a3e8795e27e7e50f56f6c7742551de28,delivered,04-08-2018 18:39,04-08-2018 18:50,09-08-2018 12:39,24-08-2018 17:03,13-08-2018 00:00
356ed2aedda45710304b7995223e54df,ec13c2458d3984f778c0d1e41179a7ce,delivered,08-12-2017 23:54,09-12-2017 00:11,12-12-2017 13:45,26-12-2017 20:50,04-01-2018 00:00
3aafcd1ad1ad58bf5b66b06ed8935de9,a3ae3675493e050fd2e74539e9dbaf80,delivered,17-01-2018 17:50,17-01-2018 18:11,19-01-2018 12:42,23-01-2018 21:49,07-02-2018 00:00
b5c4739ade7c4568c734267c7397d360,88e0d7f5c2f232a49aa5a8c09374e048,delivered,15-04-2018 17:38,15-04-2018 17:51,16-04-2018 18:26,24-04-2018 18:09,08-05-2018 00:00
a1d38c97444889282dcb16502b3a8686,9f60e945011f3dfd9ce6d82a939cf93f,delivered,07-08-2018 21:44,07-08-2018 21:55,08-08-2018 13:17,13-08-2018 18:16,23-08-2018 00:00
bb3728fa34a2d05bb2bd04df7dad8418,4603be100f0719884214e35033227fcf,delivered,24-11-2017 09:25,25-11-2017 06:15,30-11-2017 23:38,28-12-2017 18:48,14-12-2017 00:00
5b6793d19c0a49b1815f5a74f8c5a370,28de5669c2b3bc8cc0d5951ef18b8385,delivered,28-04-2018 14:00,01-05-2018 05:32,02-05-2018 13:47,08-05-2018 20:38,17-05-2018 00:00
eb2bf5506d653259aa38a20ecbb4bf4f,cee9119007f070eb70825712d2259005,delivered,24-11-2017 13:16,28-11-2017 02:55,30-11-2017 20:21,06-12-2017 22:22,14-12-2017 00:00
3b2ca3293a7ce539ea2379d704fa37ce,06a70917afd2dcd59396e1eac836c646,delivered,05-10-2016 12:44,06-10-2016 15:47,17-11-2016 11:54,17-11-2016 19:53,25-11-2016 00:00
03b89e8b0ef3ba18cc903dbaa7aff107,5323a8b4980e72ece631b3f3e77642a5,delivered,08-07-2018 20:33,08-07-2018 20:45,09-07-2018 12:55,12-07-2018 19:08,26-07-2018 00:00
df71ba0f02310921da0a5e4f708916a5,df4058431c8103750dddc04b0b6583f2,delivered,28-07-2018 21:37,28-07-2018 21:50,30-07-2018 12:46,03-08-2018 17:44,07-08-2018 00:00
3fe4dbcdb046a475dbf25463c1ca78bd,e17387227a12c3cac59fc44523d162e5,delivered,30-08-2017 06:22,30-08-2017 07:00,30-08-2017 20:43,06-09-2017 18:42,26-09-2017 00:00
5c468b18e44fe58da9d5584b05fd988f,3491062b95387d22e7378f83a9866e69,delivered,07-11-2017 23:05,09-11-2017 05:31,16-11-2017 20:19,28-11-2017 20:43,27-11-2017 00:00
4cff7f0b5c2c6d7be3f10d0d202cbc2f,1d485563edb59324c37c002a1f96ab32,delivered,14-05-2017 20:34,14-05-2017 20:45,16-05-2017 08:48,26-05-2017 16:08,14-06-2017 00:00
8b12160921c1b96dcba4c2ae7be45674,15320769a120466ae115811801292474,delivered,19-03-2018 23:38,19-03-2018 23:50,24-03-2018 00:24,27-03-2018 20:22,29-03-2018 00:00
2cee7217cf66ac4e8027f60d3b105524,f1ae790334c90d9bbec5fa1861e1f9d5,delivered,02-04-2017 16:09,03-04-2017 20:10,05-04-2017 13:47,20-04-2017 17:34,09-05-2017 00:00
256ccc96b2c931006d95ba7a05181037,2a381888bc87c4fde2eda8bedb291234,delivered,15-01-2018 19:26,15-01-2018 19:35,18-01-2018 01:33,19-01-2018 13:32,08-02-2018 00:00
bd1e1a304d04fa76626646f8efa12f77,74425816e9f175cc2da8f4a69720291e,delivered,05-06-2018 21:12,07-06-2018 02:55,08-06-2018 15:13,18-06-2018 20:42,18-07-2018 00:00
beb6927ba358d62ba446c803a6a4d815,9f6184b685d245da0d6868637685223a,delivered,24-04-2018 22:16,24-04-2018 22:33,30-04-2018 06:22,06-05-2018 19:20,07-06-2018 00:00
2301a0f5629f3d66f880849265f50515,13e330d6fa0e734ffda44f5b5610ed7c,delivered,04-10-2017 10:05,04-10-2017 10:14,04-10-2017 18:17,10-10-2017 18:55,30-10-2017 00:00
987d15d9243956e5c58e1f2bfeeea98c,73d765b0b1b2c7649280b69676c337a8,delivered,15-03-2017 13:31,15-03-2017 13:31,16-03-2017 09:44,24-03-2017 10:23,11-04-2017 00:00
15f67529b3d91fd3da058270c9a68855,41b21c2d2376ad4c2b740df482f4b989,delivered,19-08-2017 21:29,19-08-2017 21:45,22-08-2017 23:00,29-08-2017 18:03,13-09-2017 00:00
ae61611405fa179462dd33ca793d75a3,21b45339b407d6a34ff0f3a8833afaf4,delivered,17-01-2018 23:48,18-01-2018 12:38,23-01-2018 23:18,28-01-2018 15:05,01-02-2018 00:00
57694158da92a85b1fcd72de45542073,d9037ff057cfcc2f16b1abd6933dbba9,delivered,02-02-2018 22:49,02-02-2018 23:10,05-02-2018 21:38,10-02-2018 11:28,01-03-2018 00:00
65e6b525bace662c8db890bd33df5299,41e255383c00b16885a8a46c2039f0dd,delivered,03-10-2017 22:07,03-10-2017 22:23,06-10-2017 21:11,16-10-2017 16:12,14-11-2017 00:00
00345f338696283410b7977d2e3efc89,3f9d223f86d2f243dd5a85fdc286c62a,delivered,20-08-2018 11:06,20-08-2018 15:12,21-08-2018 13:18,30-08-2018 21:13,11-09-2018 00:00
7ca8750c7c9d32f8c383020f380ae5e2,a1e9ade865049680f6f78c178ed60d37,delivered,15-05-2018 17:01,15-05-2018 17:15,16-05-2018 12:12,24-05-2018 16:54,30-05-2018 00:00
d51f97f3f8d01fd8500e1a113a7f13b6,40664536db090f451e6d4c8d5782cae6,delivered,16-11-2017 14:21,16-11-2017 14:35,23-11-2017 20:37,26-11-2017 14:58,29-11-2017 00:00
f9ada76953fa490d8a254d2e28f353ac,eba8cd1e506b37f221a66abbcec58f80,delivered,23-03-2018 13:53,23-03-2018 14:15,27-03-2018 18:16,07-05-2018 20:48,12-04-2018 00:00
1844430a4130a112771839a244829457,94d33f0fa325a5e1a184a1806f98793e,delivered,08-10-2017 21:43,08-10-2017 21:56,09-10-2017 20:56,25-10-2017 14:48,25-10-2017 00:00
4639a7b40270fb97291d74d41ba89a6d,0f6d889ccba941185d1d814aac0bff24,delivered,22-11-2017 14:58,22-11-2017 15:06,24-11-2017 22:21,05-12-2017 19:06,08-12-2017 00:00
66baffa0f3497a9c772b66a607bd8c11,3efb8f2e2198b482a4cb83987c2a0024,delivered,11-02-2018 19:51,12-02-2018 13:48,15-02-2018 00:05,26-02-2018 12:04,14-03-2018 00:00
4dba50963d750e691239a5fb64bed86f,142743852f5f463b124aef40d8131709,delivered,08-05-2018 12:49,08-05-2018 13:09,09-05-2018 06:50,15-05-2018 21:44,24-05-2018 00:00
abcb5732ae98a4a1c26bbab6f10d008a,1693c21263bef845b8651d7036f6bb49,delivered,24-11-2017 04:50,25-11-2017 05:10,01-12-2017 10:42,03-12-2017 20:19,08-12-2017 00:00
58ecdd5dee96d19e30c67a29cae63e4d,d0eca4dcf131a1a0f4665c2a47b4ca02,delivered,08-08-2017 10:23,10-08-2017 03:16,11-08-2017 16:01,24-08-2017 20:19,30-08-2017 00:00
098252064bc68acd5911a587b58b2cc4,e1786bf866d54dbf3f18f24fc7a02ced,delivered,28-04-2017 23:28,28-04-2017 23:42,03-05-2017 10:30,10-05-2017 10:51,25-05-2017 00:00
4246e30f95848b444d4b0a5e6bf3fdfd,bdb2ed7dac06fad9b511c81eff95ce07,delivered,10-06-2018 00:26,10-06-2018 10:58,11-06-2018 13:13,17-06-2018 12:28,11-07-2018 00:00
032c9c5e050a01a77c20be3989064308,1fb67b763df136bf1a29f1da8eeb128d,delivered,15-08-2017 20:40,15-08-2017 22:10,17-08-2017 11:15,24-08-2017 18:55,11-09-2017 00:00
f5fea26ab547eec920e6f8ecdc5c37e4,9d1f4537b5bf271b2acdfb484507104c,delivered,20-11-2017 19:38,21-11-2017 03:49,21-11-2017 19:32,24-11-2017 19:56,07-12-2017 00:00
b0a851b41e096cd9cc552e15698c3d4e,2fdd2638faff09e29137c963d929d801,delivered,05-06-2018 12:36,05-06-2018 14:31,06-06-2018 12:50,12-06-2018 20:08,18-07-2018 00:00
40654581b4282e70a554c9eb51fc8a91,d7486ca3a453d8a2258144e41c9aad91,delivered,26-06-2018 11:40,27-06-2018 11:35,28-06-2018 06:41,02-07-2018 20:22,17-07-2018 00:00
b48b2c58981c8d7d31ec325569338e78,1eab936b5abcae9664590e84026a890a,delivered,12-05-2018 13:46,15-05-2018 05:14,15-05-2018 11:33,13-06-2018 15:28,08-06-2018 00:00
55ac02b6b194b6cebf53799310fb63bb,fbd14093f9374d4f70e80ee9cbccd5ca,delivered,28-06-2018 23:30,28-06-2018 23:50,29-06-2018 14:55,03-07-2018 18:15,12-07-2018 00:00
ebb064563b938e019b2627b762ab42ce,385ad726431f19652a724047cf1bc085,delivered,11-08-2018 16:42,14-08-2018 04:10,14-08-2018 11:41,21-08-2018 18:03,04-09-2018 00:00
589310d3d488112508a26f3e22ba30ca,34b7eab1f76104e9b749d01a9a00710c,delivered,27-02-2018 12:17,27-02-2018 12:48,02-03-2018 15:18,13-03-2018 19:03,19-03-2018 00:00
0d387b5d8e636190398548a221d4185d,3aa067bb9a756282ef198ae577298bd9,delivered,09-06-2018 21:15,09-06-2018 21:38,11-06-2018 13:21,13-06-2018 13:34,12-07-2018 00:00
bb44d0c37f5fcc456bbaefd9aef6adb8,2baf69aa9f7c51867a17a6bb88fb194e,delivered,20-11-2017 18:53,20-11-2017 19:09,21-11-2017 21:04,28-11-2017 20:44,13-12-2017 00:00
97c5a4acc0915c5bd17e5a3256693ef6,f7fa32b05ba9474a22c7420310611fa5,delivered,14-06-2018 16:35,14-06-2018 16:58,21-06-2018 13:52,26-06-2018 15:51,17-07-2018 00:00
3badf985142f06c3bf4da07d49992716,d2ff82abdb216e5dd0ff6730075b1e5c,delivered,16-01-2018 11:27,16-01-2018 11:37,18-01-2018 19:17,22-01-2018 21:42,06-02-2018 00:00
2ce3c61f3add382691fcad6a04f52680,2bb90453c5b070eeacd965903f376375,delivered,10-05-2018 15:24,10-05-2018 16:21,11-05-2018 15:45,04-06-2018 17:32,19-06-2018 00:00
bddc1c3ae5c6717f36386ee472d72217,8a17fed2c873a4cdb70a2110ff34bb77,delivered,09-10-2017 20:23,10-10-2017 20:28,11-10-2017 15:05,18-10-2017 21:08,08-11-2017 00:00
39a484e6a644f8edeb11c2c8ed218069,51727f845a31b568a4a127475d6b5cc3,delivered,19-03-2018 22:58,19-03-2018 23:09,23-03-2018 23:08,29-03-2018 20:14,05-04-2018 00:00
246c8cf4ca9e3c50e4a172a4ba462a11,0541aa34358f8279116d1d183f1e4eec,delivered,04-08-2017 10:31,04-08-2017 10:50,07-08-2017 15:21,28-08-2017 19:22,17-10-2017 00:00
e2df40dd64276b2f2040c798751c188d,a55b35e01354b9dc2974a22c1e4484fb,delivered,18-08-2018 08:46,18-08-2018 09:29,21-08-2018 14:05,28-08-2018 19:32,11-09-2018 00:00
73ef343c9dbf2f6d45362c9bc150f4b7,13c520253ccaf41623e063d5e81c4d82,shipped,12-08-2018 03:44,13-08-2018 03:45,14-08-2018 14:05,,22-08-2018 00:00
d3fd3af08566edbfdd903c8f2a2d8bef,a83775842cfcc6236435e48b77767b1a,delivered,05-11-2017 14:23,05-11-2017 14:35,07-11-2017 19:05,16-11-2017 22:03,29-11-2017 00:00
5b96009a71dc5fabbf4c35fd228e8863,69a0221332271e8163133f15bb3d03a7,delivered,15-08-2017 16:58,16-08-2017 03:26,21-08-2017 22:03,22-08-2017 16:43,31-08-2017 00:00
c1242e3f591a1f8ab11d51f2aedb1bb0,da0a466286c5f331008ff11925b8af24,delivered,28-12-2017 16:47,28-12-2017 16:56,13-01-2018 00:33,20-02-2018 17:58,06-02-2018 00:00
a8d69f3045be9fa0ea3aac3971741980,7a421bb11d92f1a08e384f216250afa8,delivered,13-01-2018 21:01,16-01-2018 03:40,18-01-2018 20:09,22-01-2018 21:46,07-02-2018 00:00
a5102272df11ecf366a4e9d4257b672a,77305d99b811c59273ad7160ce1f74e7,delivered,02-05-2018 09:36,04-05-2018 03:12,04-05-2018 12:58,10-05-2018 11:36,23-05-2018 00:00
d455a8b19923a717a1d1cfb67604e8c6,2e09a0d6a340c17e302b200c2194b39f,delivered,18-04-2017 23:11,18-04-2017 23:25,20-04-2017 16:21,30-04-2017 09:23,08-05-2017 00:00
2e024656807ffab9d81af39abd9f18b8,271f8bae1747c6d8d6e269f4fda27345,delivered,13-07-2018 14:40,13-07-2018 15:04,16-07-2018 10:20,23-07-2018 21:42,01-08-2018 00:00
7974289bffc998c320825e123de8ee7d,ad0c681bc5c048b9c723de73eed444e7,delivered,05-02-2017 01:01,05-02-2017 01:10,06-02-2017 11:51,09-02-2017 09:05,16-03-2017 00:00
f9d5bfb53147f381e81b89a848e26b16,a5f29fa52fe06844c85996c91c3f1d02,delivered,05-06-2017 14:15,05-06-2017 14:25,06-06-2017 11:38,19-06-2017 14:23,04-07-2017 00:00
4f869174cbff0495e39adbe5a6c4c040,4974be94784b655505e37fdb610a8e78,delivered,20-01-2018 11:23,23-01-2018 03:52,24-01-2018 00:04,08-02-2018 10:44,15-02-2018 00:00
1c54750859f8472306a0b63d74e782ef,54b30cf929edf0b2c88698d991241574,processing,25-02-2017 15:37,02-03-2017 03:50,,,23-03-2017 00:00
3e6fcbe51e870332ced599c465eb6df0,6ab4674ae385fe7928caf1b8f5d0aa9d,delivered,05-08-2018 20:47,05-08-2018 22:50,06-08-2018 14:43,09-08-2018 20:06,10-08-2018 00:00
f163011d712f39566f8631259e471129,f69a1253f47a55c85890334adf6e9a21,delivered,04-02-2018 12:03,04-02-2018 12:15,08-02-2018 23:36,23-02-2018 00:49,08-03-2018 00:00
6b3c0956c89312e2c54f8d1366ecea9a,a97ffd7dc1f722793d4ab4db1eb815f5,delivered,13-08-2018 13:31,13-08-2018 13:45,14-08-2018 11:33,20-08-2018 16:08,28-08-2018 00:00
30cbc667959773c36d34c2ce5e02b4ac,ef913faf232d3ef42bee90bc490c2ab6,delivered,24-11-2017 08:28,24-11-2017 09:33,29-11-2017 13:26,05-12-2017 14:46,27-12-2017 00:00
f037c28c7c878c3d1df3485872d3b63b,cdbf70a172e0b24ed5c246c3574f9b16,delivered,28-06-2018 13:42,30-06-2018 02:52,02-07-2018 14:34,06-07-2018 16:34,25-07-2018 00:00
862811aea831afcc63f6155283f1a922,449e553f0fa7504123c432875d9ca8fb,delivered,06-07-2017 15:11,06-07-2017 15:25,11-07-2017 16:22,18-07-2017 19:14,14-08-2017 00:00
6639b799469775ff2a696e1bc96b9f58,5abc46c5112594d06d0350a24ec399a2,delivered,10-07-2018 23:46,12-07-2018 03:26,24-07-2018 16:07,25-07-2018 21:21,26-07-2018 00:00
8c7fdd8775af429f280cd605d4d164fd,528b1ef29a59cf6e1cace49826d69630,delivered,20-02-2017 13:43,20-02-2017 13:50,22-02-2017 12:51,24-02-2017 11:09,17-03-2017 00:00
b463e42856ea712dd83a10f12ffe64aa,0d29b43096b135fb39b1fb2e6bc1c2a0,delivered,30-11-2017 11:23,30-11-2017 11:42,04-12-2017 22:27,20-12-2017 17:10,27-12-2017 00:00
7954e34924fab98d2e26924451086ad6,0125fdf9e257f064725f85d1d63085b4,delivered,05-03-2018 20:18,05-03-2018 20:30,10-03-2018 02:18,26-03-2018 15:16,23-03-2018 00:00
f105bb5b6c1008c5dcf7b3ab47753e5e,fa5ec460fa52a418a5f979d8d2068ef3,delivered,18-12-2017 12:40,18-12-2017 13:52,18-12-2017 22:19,27-12-2017 17:22,12-01-2018 00:00
231f58de0228723d0b6d6b562d352d90,af12e716383820b78ce045de073e7502,delivered,03-05-2018 15:51,05-05-2018 02:53,09-05-2018 12:03,22-05-2018 11:54,01-06-2018 00:00
edf4d697d6281d6f40f101a31462c929,1f7f094865cd0e20a6acb5cdba5c5f19,delivered,23-02-2018 20:36,24-02-2018 02:35,27-02-2018 02:09,23-03-2018 23:48,28-03-2018 00:00
892b6462174cfb942fb8d9c8e0287c11,1c3abaa67b20a69745c59b28f18688c5,delivered,20-04-2018 11:40,20-04-2018 11:55,27-04-2018 15:26,04-05-2018 19:17,30-05-2018 00:00
328b0c9d60ee7e960061a7860b964ffe,72c925898f3e64e0f05014dfc6dd3072,delivered,25-11-2017 17:00,25-11-2017 17:13,28-11-2017 19:28,11-12-2017 18:03,21-12-2017 00:00
a47e9312f596497c7762dbfdf78eda29,abd5dd25cd27f96cd6d28e440e29c8d5,delivered,15-02-2018 17:02,16-02-2018 07:55,23-02-2018 17:49,25-02-2018 15:44,01-03-2018 00:00
226dbf042352f0f381239e29ddcb301e,eecfb44b191df28e7ef7b263537d83fc,delivered,22-03-2018 11:40,23-03-2018 11:35,23-03-2018 23:50,28-03-2018 20:49,17-04-2018 00:00
b520da4895f8ce53c41d6be41bbd17c5,7a6f04bd77baa1ca5f68a99cb29f6f2c,delivered,11-01-2018 16:01,12-01-2018 02:34,16-01-2018 13:19,19-01-2018 03:13,08-02-2018 00:00
c56bdcd0ef1249dcc18901b491b1b976,1358c61e82221ecc4d165d21123eb23d,delivered,26-05-2017 16:09,27-05-2017 16:15,29-05-2017 06:56,05-06-2017 13:33,20-06-2017 00:00
6958c1e09a9e49c2071dbb679d577422,68219d24f99a407e2ee5835e9abc8a1d,delivered,21-09-2017 01:05,21-09-2017 01:15,25-09-2017 19:25,29-09-2017 19:02,16-10-2017 00:00
b6bc19f6d8e96c942441bf9f4d155c1a,c7c5b46bed1f822b95dd5c188664e345,delivered,05-08-2017 16:53,05-08-2017 17:05,07-08-2017 17:35,21-08-2017 18:40,31-08-2017 00:00
5005cef43694f92d85586692652e5216,f4b6b12c622bee8aecbfb2114025cb13,delivered,11-08-2018 15:26,11-08-2018 15:35,13-08-2018 15:25,20-08-2018 11:29,06-09-2018 00:00
e383fed56a3263977ef519e546eeb1e7,872917a4ccc25ab1556c80a05a66e862,delivered,14-08-2018 20:38,14-08-2018 21:23,16-08-2018 12:34,21-08-2018 20:12,05-09-2018 00:00
a56c56edb4506114d21cb22affa258f9,96587d39e8ccfc0936781b2fc06fe9ca,delivered,09-09-2017 16:03,09-09-2017 17:10,19-09-2017 19:57,07-10-2017 14:03,06-10-2017 00:00
9842c98fba6a3e74b785776cc72136f5,d78cd5ed18ca4df3e74897b8352cd346,delivered,17-05-2018 18:33,18-05-2018 00:37,18-05-2018 14:12,22-05-2018 11:48,18-06-2018 00:00
b82b1a7017f4c904921dd5c6c6da8804,5e25cb6b455409373f96b0f1d947fd38,delivered,30-05-2017 22:46,30-05-2017 22:55,05-06-2017 14:18,14-06-2017 15:10,29-06-2017 00:00
0fb89e55ba647de0f63711e93c678237,552eab691446f9aebf3395705b1d94f9,delivered,11-01-2018 15:58,11-01-2018 16:13,13-01-2018 00:37,24-01-2018 22:19,09-02-2018 00:00
fd6ae3b1149c4a3a920086befc628e3d,14a429268b2e70661e87c2be648a422f,delivered,30-06-2018 12:19,05-07-2018 16:26,04-07-2018 12:02,10-07-2018 23:19,27-07-2018 00:00
de2d0036fb45333e82bb658ced9a4fd0,dd366840d2ab4e9287b864bd051196ed,delivered,14-05-2017 22:34,14-05-2017 22:45,16-05-2017 16:02,24-05-2017 10:43,05-06-2017 00:00
a21b149df8e6239ec1b4da7bb48f4deb,c62c8b90d8fd16516b99b08224753001,delivered,10-05-2018 13:08,10-05-2018 13:35,11-05-2018 15:21,21-05-2018 18:38,30-05-2018 00:00
e00c5912daa4e24b9f1820ebb4e930ae,17ab7e50ec3908dbe699511e92f379b6,delivered,17-08-2017 08:11,17-08-2017 08:24,17-08-2017 16:37,29-08-2017 15:49,11-09-2017 00:00
b2634f19a1007fd4a54a9fed9291230c,725482e68df8d999924c84f62c9ee40e,delivered,04-02-2018 20:40,04-02-2018 20:56,08-02-2018 00:44,09-02-2018 22:05,21-02-2018 00:00
18d0a01d343f9a3789e7ae38fc92f907,09c5222856be1228af5bc3c2dd8842fe,delivered,16-07-2018 08:45,17-07-2018 04:31,17-07-2018 13:03,20-07-2018 23:26,30-07-2018 00:00
3ff9af2618b202584a161c19718bf577,044e10a1e867fefd7f02a3da2ca475b4,shipped,07-01-2018 08:04,07-01-2018 08:11,15-01-2018 11:24,,05-02-2018 00:00
975f731e0b62d3884197075bbf60685a,ce40436f91a9e251a42a0f6447f7e9a2,delivered,05-01-2018 23:32,05-01-2018 23:47,08-01-2018 22:50,05-02-2018 14:06,02-02-2018 00:00
f422805096570eb55302abeb0c77137d,6c1328442e757a6422a29dd991f6e73a,delivered,21-08-2017 10:23,23-08-2017 02:51,24-08-2017 17:17,01-09-2017 20:22,15-09-2017 00:00
b813092d64bf6be705b1f343068429fb,75cb57f66aa32d17ab44343e8a3ff7e6,delivered,21-07-2018 23:56,22-07-2018 00:10,23-07-2018 12:42,27-07-2018 21:17,09-08-2018 00:00
35db0e3e9fffd2d0187b56f434931db4,9563ec54d6b000879e4f319591d78003,delivered,09-11-2017 09:41,10-11-2017 09:50,16-11-2017 15:53,28-11-2017 22:48,01-12-2017 00:00
83475dcf3de69a4d4149eae61b9a94cf,5f4cabf6980424d31df7199e53647b28,delivered,01-08-2017 10:06,01-08-2017 10:23,01-08-2017 17:41,05-08-2017 13:07,21-08-2017 00:00
5d9b75f3bc3582bd9e405962eb147b9d,a6468b1856e4a74b6c786117e626749f,delivered,24-02-2018 00:25,24-02-2018 00:47,27-02-2018 23:13,14-03-2018 22:08,27-03-2018 00:00
84be8c486cc6c6bb5dd2a0a19effd9b5,54a968b587ddf6ad0889906812077d87,delivered,30-07-2018 16:45,30-07-2018 19:31,01-08-2018 09:26,02-08-2018 19:28,28-08-2018 00:00
5308fdab519f7478ef64894128fbbee4,3aec6e3846fd122ac430ac1a816107a8,delivered,02-06-2018 11:51,02-06-2018 12:11,05-06-2018 15:02,20-06-2018 23:09,13-07-2018 00:00
7c749191ee3a17f34cbfcf6ddd2009ac,2f58942ce22a94bab8236b05f48b2ab9,delivered,09-05-2017 12:36,10-05-2017 06:35,11-05-2017 11:18,15-05-2017 12:52,29-05-2017 00:00
10fda92f9390e0b13e41ce5ce692a2cc,7cba926b44e53ecc10ea79df991da256,delivered,10-10-2017 09:00,11-10-2017 03:49,23-10-2017 17:10,14-11-2017 00:38,09-11-2017 00:00
16aa7d10b833ccd4307a1159ba08d071,c778263f217df8f1d3fa3aaf86a45a14,delivered,24-03-2018 06:41,24-03-2018 11:48,26-03-2018 21:47,14-05-2018 21:04,25-05-2018 00:00
bd80efb9eb7bbd9c465bd5205d6a43b8,ced3fb170a9a5007a9bc3558d49c35b1,delivered,28-03-2017 23:13,30-03-2017 02:10,04-04-2017 04:15,16-05-2017 15:22,03-05-2017 00:00
b36dde30ca62faf042ac4e3f001b9c04,84b792c2ce37c8e8eddcdbfa16130e10,delivered,28-11-2017 16:47,29-11-2017 02:15,29-11-2017 16:24,05-12-2017 18:09,22-12-2017 00:00
25aefb052a481cf1f4aaede6fb1abecb,d358b0b0d0d456e22212b8643729207a,delivered,06-08-2017 23:13,08-08-2017 03:55,10-08-2017 21:13,16-08-2017 19:47,25-08-2017 00:00
c3b2c9ce918dcc0fdf5053927cd0ff8e,134339079e12e3d40c72a5c3025c021f,delivered,30-04-2018 09:38,01-05-2018 05:13,02-05-2018 12:34,07-05-2018 19:26,22-05-2018 00:00
3df54c9248f6d2eef8f08ad39f422abd,9e192b98545760379893f9f63707cc0f,delivered,05-02-2018 21:04,05-02-2018 21:15,08-02-2018 21:15,09-02-2018 20:09,21-02-2018 00:00
4974bc485d07cad8b6e5000a345bcd50,5a305881af7a75ebbe4e858260370d9c,delivered,29-05-2018 15:45,30-05-2018 15:35,01-06-2018 08:56,11-06-2018 23:54,16-07-2018 00:00
232efaeba12fd576e70a88f09d6583b6,6332ebbe1588da7f65613ad88aa0707c,delivered,18-07-2018 16:58,18-07-2018 17:05,19-07-2018 11:50,30-07-2018 21:08,16-08-2018 00:00
b3840eac3cf88799d05e845cf9b8587b,477f2ebc174ae6d21af93bfce1d432e7,delivered,24-05-2017 15:41,24-05-2017 15:55,30-05-2017 14:44,16-06-2017 06:47,28-06-2017 00:00
06ca213ef85421d96ee0fe529d0f5885,4e1466d23cf154bc57e343db77279d5a,delivered,11-07-2017 16:36,11-07-2017 17:30,12-07-2017 20:13,18-07-2017 19:35,02-08-2017 00:00
136d768d679a4fc7902e10fc81af17fc,66febc71bf0586881bd835ddcbfd34e8,delivered,08-08-2018 22:21,08-08-2018 22:35,10-08-2018 17:04,23-08-2018 14:14,14-09-2018 00:00
c23e9a555c327fa1d60893394aae9e9e,e2742ef931c3e60509e74345605c5370,delivered,26-03-2018 17:29,26-03-2018 17:47,27-03-2018 18:29,03-04-2018 22:48,07-05-2018 00:00
25461ae3c4bf9bf6e41a3a163f763c8f,e377314dfa6e23684f1fae454fe8d8d0,delivered,12-08-2018 20:52,12-08-2018 21:05,13-08-2018 13:30,14-08-2018 19:02,16-08-2018 00:00
ab2e3d4093bad08937a1d844c1a60355,102d3cd02d947bf923f70d0e358a44e2,delivered,04-01-2018 10:23,04-01-2018 10:33,05-01-2018 20:49,13-01-2018 00:14,29-01-2018 00:00
5236307716393b7114b53ee991f36956,03fc97548af8f58fefc768d12b546c9c,delivered,31-01-2018 18:55,31-01-2018 19:11,05-02-2018 22:44,16-02-2018 13:27,22-02-2018 00:00
43a95930524a9c5388fa5e417dc23241,6b74b5483a6f18c2538a9c848e50b4cd,delivered,04-11-2017 12:14,07-11-2017 09:30,07-11-2017 17:16,20-11-2017 21:38,06-12-2017 00:00
796843d5e414b6e4272228bae15d828b,6d2370391a400e5f408a86ef70110bd0,delivered,27-03-2018 00:23,27-03-2018 00:35,27-03-2018 21:33,28-03-2018 22:37,09-04-2018 00:00
cdc62ef71741b912ed0378bd8493f884,d0138d0685264cf47574e68da0763d67,delivered,09-03-2018 15:33,09-03-2018 15:55,13-03-2018 19:34,06-04-2018 20:48,18-04-2018 00:00
21ee832eff624a82225c6e98cd2dcf7f,6bef8002464a89b85c089ff2a64bc5ae,delivered,15-08-2018 21:15,15-08-2018 21:44,17-08-2018 14:23,24-08-2018 22:23,24-08-2018 00:00
56c26c7e1d2d600fc5e6a4a6b0be3aa8,fe4904204ebdf584760213b82bd6307d,delivered,13-03-2017 14:49,13-03-2017 14:49,14-03-2017 11:10,20-03-2017 08:58,30-03-2017 00:00
a660bfa45084c51dc2873306f0c107fb,ef45d2a97a789c1f65204616bb6fa1f1,delivered,27-09-2017 23:06,27-09-2017 23:14,29-09-2017 19:47,06-10-2017 20:11,26-10-2017 00:00
990791b9237f52581d0a924b447c6fdf,0e620b2e35b839f1e372e03afd6bd9ab,delivered,08-08-2018 21:52,09-08-2018 21:45,10-08-2018 12:04,17-08-2018 11:18,27-08-2018 00:00
cebe1a22714a4536f852866377c9bcbd,9b7fd789af1301927ba3380e1efd0225,delivered,10-03-2017 10:05,10-03-2017 10:05,13-03-2017 09:05,22-03-2017 14:47,03-04-2017 00:00
341dc4ea81fabe7de6af564b72fcf3e2,8a8c2e93d6ec33bb908f101211d78227,delivered,04-07-2018 16:17,05-07-2018 16:30,05-07-2018 15:48,12-07-2018 00:28,09-08-2018 00:00
96443e347511f156158689addf8e876e,082afb51514d796870e769e2c46919ba,delivered,17-01-2018 11:07,17-01-2018 11:18,19-01-2018 16:58,25-01-2018 20:38,08-02-2018 00:00
83ca3ab77b87118d0a71a84ddfc9e31e,07e6f1ea396eea8aa95d0c1cf5a8d364,delivered,20-01-2018 18:42,20-01-2018 19:09,23-01-2018 21:10,26-01-2018 13:39,15-02-2018 00:00
67b2034550d68134bdb9bac8c1988c39,8a46fa344fdeaff9de14ab259778bd5f,delivered,15-03-2018 10:00,15-03-2018 10:15,19-03-2018 14:23,20-03-2018 15:52,29-03-2018 00:00
8e8dc18c47816845c5fbd5818bd069f8,5c1c1b04f8283b7a6c7f1ab81626b76f,delivered,06-12-2017 08:29,06-12-2017 08:36,06-12-2017 20:03,12-12-2017 21:18,09-01-2018 00:00
fbee1784fcce86e1c120a0b525750e57,443f70a83cedbee25cb20bffaa9b275a,delivered,04-11-2017 17:01,04-11-2017 17:10,07-11-2017 22:06,10-11-2017 19:32,27-11-2017 00:00
fdf7396bbd1e126f45ba0fc3896360a7,a70cdc7161618ecbfff0bc3de4e09f0b,delivered,13-12-2017 17:35,15-12-2017 02:17,16-12-2017 00:11,03-01-2018 17:37,15-01-2018 00:00
822f778d1cd09285df832ee2cf65b83c,1e82589c6c7a1f0d30ecd3e87cdeaf0f,delivered,26-11-2017 21:56,26-11-2017 22:12,29-11-2017 12:32,29-12-2017 20:38,19-12-2017 00:00
f6daca3297f73de20d84ea604e1d68c0,223aef59b5d349b5ae42f73af48f0c8f,delivered,05-08-2017 14:23,05-08-2017 14:43,08-08-2017 13:35,14-08-2017 18:24,01-09-2017 00:00
cb63fdd83851479a1def20d67c11525f,067dfd197c70456d5dd81c801fae133c,delivered,07-01-2018 17:50,09-01-2018 07:25,09-01-2018 21:52,23-01-2018 21:16,06-02-2018 00:00
c04166574120428f8692aa072697cebc,a3769a6e70dc4fa874b30d62d812942c,delivered,19-02-2018 11:11,19-02-2018 11:25,19-02-2018 22:04,23-02-2018 19:21,09-03-2018 00:00
a36d7e54e381baaef8ecaa526cc3d6a6,1fa31689dce56e0f4aca4c2828a7dc36,delivered,03-05-2018 17:08,03-05-2018 17:34,07-05-2018 12:31,10-05-2018 22:16,28-05-2018 00:00
a5df4819e2227684e86dc2959b9ae9d6,fd6201ea30defd9bcee3bb0e09c6d2c9,delivered,01-08-2018 23:28,01-08-2018 23:43,03-08-2018 10:37,08-08-2018 19:48,20-08-2018 00:00
3e8de743dd3009df8fc34e0555124ed8,2c127bf706b5089fd5dbdbcb02c7fcbc,delivered,22-10-2017 20:17,22-10-2017 20:28,23-10-2017 19:43,24-10-2017 17:27,03-11-2017 00:00
1fde32a510f950891c57d6e69c9071bd,9db0a6065f7c15895b9a2705b6dbc77d,delivered,15-07-2018 12:57,15-07-2018 13:05,17-07-2018 14:11,23-07-2018 18:06,03-08-2018 00:00
648a268c494bbf8c97c03ec64c2ff4d3,1a4afc7f367d41bd2edb6fb7f6e7dc8c,delivered,02-11-2017 11:30,04-11-2017 06:55,08-11-2017 21:15,16-11-2017 16:18,27-11-2017 00:00
df81ce0f4ef34bd3096776fcc5ecd246,58b840c5c97a5749ba962d1e7a857d60,delivered,31-01-2018 12:49,31-01-2018 14:30,06-02-2018 15:42,16-02-2018 15:58,05-03-2018 00:00
94fc0c5ebf3d2669b2653019706ce767,5702c879ce77d1784d24fd834beb8f44,delivered,07-01-2018 12:39,07-01-2018 12:47,08-01-2018 16:30,15-01-2018 20:46,07-02-2018 00:00
9f87f15dfa076198ed479efbb1036dc5,be28c5ef762b3f4d0ec8280a1d6d0eb7,delivered,19-12-2017 19:50,19-12-2017 20:51,20-12-2017 14:15,26-12-2017 18:42,12-01-2018 00:00
2132578dc3560ff41c32c417821faead,b5e43d3efadee053db2aedd1def38e27,delivered,10-04-2018 22:58,10-04-2018 23:07,12-04-2018 19:41,13-04-2018 20:03,03-05-2018 00:00
d55d5f2d92f548bd9928f3edef443395,a955de2289dd1f2a6d80df6b565860f1,delivered,06-08-2018 19:31,06-08-2018 19:45,07-08-2018 17:30,17-08-2018 00:12,29-08-2018 00:00
179e23361d372901e40a92f8c29bd61d,80c3315cd9ff9d91afc63a7028c50712,delivered,11-12-2017 17:32,11-12-2017 17:50,13-12-2017 00:47,27-12-2017 22:19,15-01-2018 00:00
fe47c42447b8cdec3dd299e95dc7fbc9,c2bc0fec1b0b38cb85113e952d7bd112,delivered,22-05-2017 11:43,22-05-2017 11:55,23-05-2017 11:41,29-05-2017 06:51,09-06-2017 00:00
2bc18e49db20b51c4868e3a9ae25ae3f,e91e9b76ee084a809a02f688b81da39b,delivered,24-06-2018 14:58,24-06-2018 15:19,26-06-2018 14:24,05-07-2018 23:07,19-07-2018 00:00
0e3fb5621c179dff735c7494afef624f,022aad8457b9fe76c22eaa3cbaf5b6e5,delivered,26-05-2017 02:28,26-05-2017 02:35,05-06-2017 17:38,12-06-2017 14:53,27-06-2017 00:00
acdfcbe0149e3453b90ae4da5a27dfd3,fec717a689c1907ac43d891a75cca92f,delivered,17-08-2018 08:47,17-08-2018 11:09,20-08-2018 13:39,23-08-2018 16:45,10-09-2018 00:00
039ec885e36627ae6353cfd42a41c5da,f970cf91aebb424d5389764dbc72d2b1,delivered,22-02-2018 12:45,22-02-2018 12:55,23-02-2018 18:18,03-05-2018 22:13,19-03-2018 00:00
2a3762b415e231ea52cc41aa0c4530fd,30b032233e6a389d5a1eba4e2ed9a7eb,delivered,20-04-2018 14:42,24-04-2018 18:58,24-04-2018 23:59,03-05-2018 16:15,15-05-2018 00:00
6bed34f9ca7da44775aa6a7c00ccbc4f,45891ccdcbb2236785720594bf01624b,delivered,12-06-2018 18:01,12-06-2018 18:46,13-06-2018 13:34,15-06-2018 18:35,28-06-2018 00:00
a05cabeed82a5a2e8078c7e6ed14a03a,dfd7aa2424a1aa1abe8f4502712c5c28,delivered,09-12-2017 22:28,09-12-2017 22:36,13-12-2017 22:28,24-12-2017 12:16,04-01-2018 00:00
3f8de2b9993f91abd12ec356200ba02c,0b8d40b3e4564b081cddd81d7227344c,delivered,28-07-2017 19:45,28-07-2017 19:55,02-08-2017 10:12,07-08-2017 16:34,17-08-2017 00:00
949280c70c6d62ec9c06fffc5ecf1fe4,12a371f2183b5d71d81830f3dd3b32c8,delivered,15-03-2017 09:41,15-03-2017 09:41,16-03-2017 08:57,10-04-2017 12:12,10-04-2017 00:00
6d785f644bb980fb780ae00dcac90210,4bb35f99bc715e6cc22932a5a623803e,delivered,10-03-2018 18:40,10-03-2018 19:40,13-03-2018 01:16,28-03-2018 13:17,03-04-2018 00:00
b78a9619a3490ebe6b2dee9388c0ef0a,7f032f61546940d53d5f313527b037bf,delivered,19-09-2017 13:05,21-09-2017 03:05,21-09-2017 19:17,29-09-2017 21:36,09-10-2017 00:00
9641d6be3bc2c61bfeb713777a1a8ae0,b37833a9166ac98f4ad7d6a92e1f97f2,delivered,21-03-2018 21:50,23-03-2018 02:30,23-03-2018 22:48,05-04-2018 15:58,18-04-2018 00:00
9b696fcb8112df3f6719a6a1e5648e2d,84ab0b89b5dbc8b53172eaa88f08681b,delivered,28-03-2018 11:26,28-03-2018 11:35,29-03-2018 22:52,04-04-2018 18:41,20-04-2018 00:00
b30b21d5d13aae0cb5533dd7ab3f90eb,e4036c0b5c6ae37e645d34a8293a79d1,delivered,14-03-2018 11:32,15-03-2018 11:29,21-03-2018 01:37,28-03-2018 18:38,06-04-2018 00:00
a7c8f80297142bb722fe6d1bda6f5fe6,d3a8e1ea909151a954accab74ea6b663,delivered,28-11-2017 21:32,28-11-2017 21:51,30-11-2017 20:18,01-12-2017 17:48,12-12-2017 00:00
64ab2c6839851c83db137182286cd9e2,e722c5955f4f3ac688d82e1aca5fa0e7,delivered,13-03-2018 00:09,13-03-2018 00:28,13-03-2018 18:46,23-03-2018 17:37,02-04-2018 00:00
51ceba3ba51d4b4543e7f78e181e0ba9,e7659c6f9fc78ba546ee2b0615258589,delivered,23-01-2017 13:31,23-01-2017 13:45,24-01-2017 10:57,30-01-2017 15:12,28-02-2017 00:00
77fb4b8cc3c049b130b87530c7071abd,5e6bf6d2a87450515182284aec55dc3a,delivered,01-08-2018 07:19,01-08-2018 07:30,01-08-2018 16:43,03-08-2018 19:06,13-08-2018 00:00
b1bbfabb6b75dc7ff7050093749048e8,fa4e4dc465fef19f4f4216c86ab073b2,delivered,05-12-2017 08:47,05-12-2017 11:03,05-12-2017 23:26,16-12-2017 17:33,02-01-2018 00:00
ac17381858c4d8a612eb5a12659134af,fb2d636172641ecf88b206885b89d7f6,delivered,16-07-2018 21:37,18-07-2018 02:35,18-07-2018 14:55,24-07-2018 09:38,07-08-2018 00:00
65475724044e5b94d968124fa141af0c,ced608b31048a652390efb0cc65d3133,delivered,30-01-2018 20:52,30-01-2018 21:13,02-02-2018 18:06,17-03-2018 14:59,05-03-2018 00:00
7fb085d3a1c04cbdd118129ed37ee4e4,fb1616aeb46e4fcc98b5535cbf520319,delivered,20-03-2018 20:45,20-03-2018 21:08,23-03-2018 21:29,26-03-2018 12:33,02-04-2018 00:00
d569be24f2e104e3cc83b5a3b1b0a585,44f8648aea34370e3e10bbb6e333d6ef,delivered,17-12-2017 19:30,17-12-2017 20:50,18-12-2017 18:48,22-12-2017 16:28,19-01-2018 00:00
d3cc6a0be5a659e6c515010d99e9c335,334aace2ea64ac7763440b12492d4374,delivered,22-03-2017 16:58,22-03-2017 16:58,23-03-2017 08:40,27-03-2017 12:59,12-04-2017 00:00
17e76907e42e85c99dd9e25d02f65314,b8763c70d81dffeb46554db574d286a4,delivered,27-07-2018 08:26,28-07-2018 02:45,30-07-2018 06:57,06-08-2018 14:52,15-08-2018 00:00
0ab8d66a698afcb3665ba9be03cedc6d,2ffc88ec5e8f0015074628574fdee23c,delivered,04-12-2017 21:30,05-12-2017 10:30,12-12-2017 21:54,13-12-2017 20:05,20-12-2017 00:00
3577c461493c5ac55453a02540f6c430,21903bed8121d46e74d60666967c25f3,delivered,16-12-2017 22:28,16-12-2017 22:38,19-12-2017 20:32,27-12-2017 18:03,18-01-2018 00:00
ef37efcd7c68d5d876772184772a1ea5,6723644d9ba48cca8d848b1f18c70841,delivered,12-08-2018 17:16,12-08-2018 17:30,13-08-2018 12:44,20-08-2018 23:34,22-08-2018 00:00
2caedb75be9b0acd4a4aa3562e5f898f,5673c1a8ea753d43497e49fb1be74b2d,delivered,21-07-2017 13:26,21-07-2017 13:35,26-07-2017 11:12,31-07-2017 19:37,14-08-2017 00:00
c5fe9b024836c62ac0742eed03f72669,8a9a29c82eaf2a506eee8e4ea99a5cb5,delivered,20-08-2018 09:23,20-08-2018 14:51,21-08-2018 12:36,28-08-2018 23:29,31-08-2018 00:00
f607a3db639728bdfeb918da3f84566d,c07090e9a9e0504dd15cdec628d99f49,delivered,16-04-2018 13:53,16-04-2018 14:33,20-04-2018 00:07,24-04-2018 13:19,15-05-2018 00:00
3d0ad2666f5de49d63ad8ed0af80d3bc,edad39f31de2438ce949eedfda6e5ad4,delivered,19-07-2018 23:13,20-07-2018 10:45,23-07-2018 06:39,09-08-2018 19:41,16-08-2018 00:00
cb50f73cef605fc87294854be93d6636,0ea03f60c89ca5678a23e6b3badcbb43,delivered,12-09-2017 09:18,13-09-2017 09:45,13-09-2017 20:03,25-10-2017 15:52,17-10-2017 00:00
d37ad8b44dd4ae4bdbfb3e43e4ae2c02,9725715e986c290e8d8f79e85be70c5d,delivered,12-03-2018 15:10,12-03-2018 16:15,13-03-2018 18:28,20-03-2018 20:12,28-03-2018 00:00
6a828279d73f18174dd3b9c653d5213d,c994647aae9a45b8ae6eb75b77354ed3,invoiced,25-06-2017 17:54,25-06-2017 18:05,,,14-07-2017 00:00
c93d1daac7ac7b818a7ae6a826ebff8a,5fdb65c578c4277cd0dacc6ee33984eb,delivered,03-04-2018 18:13,04-04-2018 03:30,04-04-2018 20:37,23-04-2018 20:44,24-04-2018 00:00
67730eb2f9468b8c6eb20a45dd477bbd,1d2a30627555e9f9e4948031b23ae4c7,delivered,07-05-2017 19:13,07-05-2017 19:25,10-05-2017 04:37,17-05-2017 15:06,31-05-2017 00:00
959d645c348f4b237daaec697cef73c4,bf57ac29566f5216f081607e3173e634,delivered,29-07-2018 19:16,29-07-2018 19:25,30-07-2018 15:47,01-08-2018 23:38,06-08-2018 00:00
79398f97f77a8ba43fdb4e00b1d44cc0,45b4e602cae9db1a6d047d8dfcf8fe46,delivered,13-11-2017 17:04,13-11-2017 17:27,21-11-2017 20:07,30-11-2017 20:03,08-12-2017 00:00
fa48ce5f6c4499293eecc423fde54476,44f7c335ef13543f17246fb1010edecd,delivered,08-12-2017 14:17,08-12-2017 14:34,11-12-2017 15:42,12-12-2017 20:42,27-12-2017 00:00
43deb523bd34a18110a37cdbfbd79096,8c98ce45c69c2a2fb988cd55a00fc20b,delivered,24-10-2017 22:43,24-10-2017 22:56,25-10-2017 16:12,26-10-2017 18:03,06-11-2017 00:00
6225dae3fcc1416785f294cc07f2e4db,06c09be49b69107bf8c75d10af6b2233,delivered,31-01-2017 23:37,01-02-2017 23:45,03-02-2017 17:51,13-02-2017 13:23,13-03-2017 00:00
95c6db0572aa00cdfc22e3419805ffc0,a2a8ce4e0a7373fb55c203010a0d21b7,delivered,16-06-2018 20:31,16-06-2018 20:58,19-06-2018 14:54,25-06-2018 19:14,16-07-2018 00:00
7577e6378383be8d29e8e0cc18a880cb,36905ee3c5e0e8caa7fa04e36474251d,delivered,08-11-2017 21:11,08-11-2017 21:26,09-11-2017 21:54,13-11-2017 20:16,28-11-2017 00:00
038297c93a230b204ceeca7e2720b464,a51b2e9f1088010982a0bcf451a4de6d,delivered,10-02-2018 22:17,15-02-2018 04:07,16-02-2018 16:56,02-03-2018 14:59,09-03-2018 00:00
2e98befb6d10b5b83de9d9b4a6f836f9,aa49e266efa5eb9965b01ecd940833c3,delivered,16-10-2017 11:39,16-10-2017 11:56,19-10-2017 17:57,08-11-2017 13:37,16-11-2017 00:00
71c3a24007f8f52f2f440e4aa2651096,63cd1122ae489072bf42ea93422985b4,delivered,12-02-2018 01:18,12-02-2018 02:00,14-02-2018 23:23,21-02-2018 00:41,21-03-2018 00:00
aa0b425987bdeae4a29c616a2bc3a08a,c9dc6fff8500f3735822d5356bcb0e1b,delivered,22-07-2018 22:00,23-07-2018 12:31,31-07-2018 15:13,01-08-2018 22:16,20-08-2018 00:00
95c61e46c5be0715a4302d2aa335f6c8,6288dc3376baf4aaf53a42ad5a27dfa7,delivered,16-08-2018 18:15,18-08-2018 03:09,20-08-2018 13:48,27-08-2018 18:51,04-09-2018 00:00
c505a1999c5ad6aacc8339242d824073,11c48762b75875d8949294883c00d14c,delivered,25-03-2017 21:22,25-03-2017 21:35,31-03-2017 13:57,21-04-2017 10:08,18-04-2017 00:00
a0e03cdf46a28b86f2d93ccecaeca421,068789693897e19b35ea3b9e71613c75,delivered,06-01-2018 17:55,06-01-2018 18:06,08-01-2018 21:54,17-01-2018 18:28,31-01-2018 00:00
44e91d629da568d5df404a8dc5895336,15b682da279b92ef76cded31d345176f,delivered,27-10-2017 15:12,27-10-2017 15:32,31-10-2017 20:49,07-11-2017 16:42,30-11-2017 00:00
a082f140d70dd20b4e2d7538557b5946,5d8f7d35350a0802b7e4bea9671b132a,delivered,31-03-2017 22:28,01-04-2017 22:35,07-04-2017 18:42,20-04-2017 12:31,02-05-2017 00:00
82919647c77d6bdf1f3edba9eab8e1fe,5e3e1f4586f475c893bb9b464e0f198d,delivered,01-09-2017 17:06,05-09-2017 04:30,06-09-2017 19:54,13-09-2017 20:53,20-09-2017 00:00
7484cb86db28da2d4d7c3f41dc265201,bb90f8e1cc3d574742b5ece8076459dd,delivered,18-08-2018 23:06,20-08-2018 19:10,22-08-2018 10:06,29-08-2018 19:42,04-09-2018 00:00
487c1451b8fd7347d0e80e5aca887e91,ca454a420355c83f95fe93083dc31c81,delivered,21-03-2017 08:50,21-03-2017 08:50,22-03-2017 09:12,28-03-2017 12:40,11-04-2017 00:00
26a4525518bf2e891e2cdffef0742346,9ba9c35fa0972a58c9397672fd9e0111,delivered,20-09-2017 17:12,20-09-2017 17:24,21-09-2017 13:52,30-09-2017 01:05,17-10-2017 00:00
7c7e31f3d5eff7a33f2a59bc88d45442,6ecbb48768871dac5066a3aed501e699,delivered,09-02-2018 07:51,10-02-2018 02:36,16-02-2018 16:28,27-02-2018 12:13,08-03-2018 00:00
e0145369394f83a5210ad16511c6cf33,5c7ad9cbcfbe41d1dd622c64bb0812bd,delivered,01-07-2018 14:28,02-07-2018 12:15,03-07-2018 08:05,07-07-2018 18:26,02-08-2018 00:00
3933b209d011421f37238c408302ab6a,e0169b7595b7b5413914f12d084ce4a4,delivered,16-09-2017 21:14,16-09-2017 21:24,18-09-2017 21:05,21-09-2017 17:48,04-10-2017 00:00
c1ef9804b695d6060c0964f2c6324433,ba668ea30c47e2012890846c77978d03,delivered,06-02-2018 11:04,06-02-2018 11:15,08-02-2018 19:12,09-02-2018 17:58,22-02-2018 00:00
a1ef4c97bec306560bd7bee5982310cc,809f3ba735c909c42837c26580289641,delivered,21-03-2018 12:26,22-03-2018 02:50,22-03-2018 20:03,27-03-2018 00:51,11-04-2018 00:00
e7a5701bb4e7ef276c46b8bc82100d14,a189fdcd17c49459d41f406cffb5264d,delivered,14-03-2018 15:56,14-03-2018 17:00,20-03-2018 19:17,04-04-2018 00:06,03-04-2018 00:00
deea84bd5e80bec98688cce040163d4e,505dde6cb43587c90ca012959662763f,delivered,05-05-2018 23:10,05-05-2018 23:33,07-05-2018 15:00,09-05-2018 17:17,21-05-2018 00:00
91894a6bee2407fdec8f29441d75541e,5d453be4ccf49d74d81b4e1f381dac15,delivered,27-05-2017 23:34,27-05-2017 23:45,02-06-2017 11:18,19-06-2017 20:57,21-06-2017 00:00
2e7b020eeca2d5b86d5263a996d540bb,f407009fa29e2acc16b36bca7cb2097b,delivered,16-03-2018 08:46,16-03-2018 09:07,16-03-2018 22:41,21-03-2018 23:12,09-04-2018 00:00
cef147376bb33bb005a1402f6d1df975,d312fe4060a6df0bcfbad3980c6dcbbe,delivered,29-09-2017 20:10,29-09-2017 20:24,04-10-2017 17:13,09-10-2017 18:12,24-10-2017 00:00
68e26c32708fa02057ea7c255d288929,7e1e6a9276e75274a3d81cebaa6f0c55,delivered,19-08-2017 20:30,19-08-2017 20:45,21-08-2017 21:15,26-08-2017 12:12,01-09-2017 00:00
f5fcef5d7789fe60b872effa519c61f7,3a8fd5df8c4f435f83cd213175ec3633,delivered,20-06-2018 21:03,20-06-2018 21:18,21-06-2018 13:42,22-06-2018 16:06,03-07-2018 00:00
270d816a580cef9525ac73d6c4b87255,66f6f1200cf04a1950b327fecf045fa5,delivered,23-01-2017 20:35,24-01-2017 03:42,24-01-2017 12:41,26-01-2017 13:46,02-03-2017 00:00
f2d26951c2a2ed673083eb992ae8aa8a,c2e1d65c47178eac5bd515e6653959e8,delivered,16-01-2018 09:46,16-01-2018 09:54,17-01-2018 19:59,19-01-2018 22:22,01-02-2018 00:00
c95fb74948e8db073f6114d3fa726fe1,5427db81b6127984b9d282e9e6ef2603,delivered,05-11-2017 22:06,05-11-2017 22:26,06-11-2017 19:32,22-11-2017 20:23,28-11-2017 00:00
b53182a21556b268f4379515546be86e,fcf28aeffa802b47732e096c083cbf83,delivered,03-03-2018 19:39,06-03-2018 03:51,08-03-2018 16:02,21-03-2018 17:34,21-03-2018 00:00
21733cca729d55bc70908258a2e90984,71d8b370aaeded50c1c23aee760f79c0,delivered,10-04-2018 21:18,11-04-2018 14:49,18-04-2018 16:28,20-04-2018 17:02,07-05-2018 00:00
3b6690156750c4917ecf101375aad921,d6d96f27f24d818b943983695aa74ce8,delivered,29-01-2018 19:49,29-01-2018 20:12,02-02-2018 02:38,22-02-2018 21:55,26-02-2018 00:00
1527028c6f0d2ca7a42e5337dc2762e5,da40474632f5b5c599e949b0800e7d64,delivered,08-05-2018 20:34,08-05-2018 21:11,15-05-2018 14:30,16-05-2018 19:54,21-05-2018 00:00
9b802ee9dfe931bb3bf0c9a23a0a2780,c3b46a2c4b10a6d46275d9902d91ff2d,delivered,06-12-2017 13:39,06-12-2017 13:50,07-12-2017 21:16,13-12-2017 21:09,02-01-2018 00:00
ba227a95d8ae1abc30bda3c6c5c08c1a,9db6f6b4c1314281d7ae168de7b502d4,delivered,21-06-2018 18:54,21-06-2018 19:21,22-06-2018 13:17,26-06-2018 22:34,25-07-2018 00:00
ffaed28dc2c916f896616e904036ffd0,40cdd667844b9779a041e2aebe0f57d3,delivered,30-05-2017 17:31,31-05-2017 06:35,31-05-2017 11:09,01-06-2017 13:41,26-06-2017 00:00
7b539e31732dcb7e50afa35e6042717b,c032adfcb7e93ccdb27c8b4f12bf9122,delivered,17-01-2018 14:42,17-01-2018 14:52,25-01-2018 20:37,31-01-2018 17:42,08-02-2018 00:00
0306b467a7c7d400d265b71cf6608e15,4ff38991e49354d05057650b0033234f,delivered,01-02-2018 11:32,03-02-2018 02:53,05-02-2018 15:56,09-02-2018 16:36,23-02-2018 00:00
d1ca60cfa5b276544043d344ad224285,894202b8ef01f4719a4691e79dd24c17,delivered,31-05-2018 10:45,31-05-2018 10:55,02-06-2018 09:07,08-06-2018 17:14,11-07-2018 00:00
0d23d5f95886d46d2deaee6f7282316a,d4ade0e56c661ccfa575bc4270970209,delivered,08-02-2018 10:42,09-02-2018 02:50,09-02-2018 17:08,14-02-2018 15:39,26-02-2018 00:00
25db8af390f9984ee0af317b5239af35,9687241c8ed4018450273e3fe23803b6,delivered,03-06-2017 10:33,06-06-2017 13:05,07-06-2017 15:21,13-06-2017 17:47,10-07-2017 00:00
f6d0018789810848d254ef989ed2108c,55df240e47344fa8542ff684aec523c9,delivered,22-08-2017 12:57,23-08-2017 02:46,24-08-2017 18:48,29-08-2017 19:29,12-09-2017 00:00
8b6698a86e777937d240b9c7b6476ce9,2a924be148faf2fb7ad71c13b6109926,delivered,21-12-2017 14:25,21-12-2017 14:34,27-12-2017 19:19,10-01-2018 22:42,18-01-2018 00:00
89289862108c78037897ba5b75f5253f,ad64e3a8a8bc6123498fb7752c53017e,delivered,12-02-2018 11:08,12-02-2018 11:15,14-02-2018 19:08,26-02-2018 12:52,07-03-2018 00:00
a11f0312591acf976fd9bf40d6b539db,007b18ac9b8a627f259ea78aed981315,delivered,16-03-2018 23:03,17-03-2018 17:08,09-04-2018 15:13,09-04-2018 15:13,12-04-2018 00:00
e130d3f737127ae52681b9338aea9b64,b9da524b08224eaff1bf76ef4d4299ac,delivered,25-05-2018 14:41,26-05-2018 10:19,28-05-2018 13:48,05-06-2018 09:02,19-06-2018 00:00
2f56e94e1ffe8f9d0af6c89ec43a13e3,2483d2afb58562785d0fec781d607267,delivered,28-07-2017 10:35,28-07-2017 10:50,31-07-2017 21:04,11-08-2017 19:22,23-08-2017 00:00
d381b82dfce3b3c57938ed35c09ce096,acf3b1b4ec4e2a6aa97acf15cfab1d5b,delivered,30-11-2017 11:04,30-11-2017 11:14,01-12-2017 17:10,14-12-2017 18:18,27-12-2017 00:00
3614e1d9603e0068d80dcf12c407795f,873b040975fe95e97e2bf8e674b2739c,delivered,12-02-2018 00:06,15-02-2018 03:51,16-02-2018 01:28,16-03-2018 13:07,06-03-2018 00:00
3c84ef58a24b36acb52aef0fe4200d4f,a189e91674fa4a8cc4dbff954d0a4246,delivered,20-06-2018 18:47,20-06-2018 19:18,21-06-2018 10:26,27-06-2018 14:48,26-07-2018 00:00
1ec53891c581322d7f3a17fb5835b857,bc746f1c6fcd8b31f1feaf2111a780bd,delivered,25-08-2017 11:59,29-08-2017 04:26,29-08-2017 19:10,31-08-2017 21:04,08-09-2017 00:00
a75677de97d29dd137bd7779428d9aa2,51620c2de1a1f0ef6e6ccda2b0c1ef11,delivered,01-07-2018 14:44,01-07-2018 15:09,02-07-2018 14:07,12-07-2018 17:19,01-08-2018 00:00
e2efd05161881ff66ece867b9221e6df,369b079c89901eec7a23b1deb9a7aee7,delivered,12-02-2018 22:48,12-02-2018 23:08,20-02-2018 11:29,25-03-2018 16:48,15-03-2018 00:00
764e3bafd3f803a716418cb92d40e548,c7f88539d232d197ec095844868afca2,delivered,29-06-2017 12:31,29-06-2017 12:43,30-06-2017 17:25,07-07-2017 17:41,19-07-2017 00:00
dc349abe3608895a65a1881fa4b27649,29ace186c67ab06034ae84880cee3fb2,delivered,15-05-2017 13:52,16-05-2017 14:02,18-05-2017 15:33,22-05-2017 11:32,08-06-2017 00:00
9ac05114800f02bfaa783bd76842dbe2,9a4a662f2adad6ed0a31fd0d4221e1cc,delivered,20-06-2018 15:28,21-06-2018 15:39,22-06-2018 14:11,02-07-2018 14:38,24-07-2018 00:00
4096943338f6798c95bce03684e2a354,2475746f4e558c18ec6865adb7dab746,delivered,31-07-2018 21:17,31-07-2018 21:44,15-08-2018 12:07,21-08-2018 21:49,06-09-2018 00:00
178660fc6914ba83609b807efe89f984,a80ad6e325412a61b61145b3f81bee3c,delivered,09-06-2017 15:12,09-06-2017 15:25,12-06-2017 13:15,16-06-2017 13:19,23-06-2017 00:00
aba440032be16b32505c6e14bb755b0c,0a7e708542b39e5dd6dfccc8a8e3b7c1,delivered,23-01-2018 12:32,23-01-2018 13:01,24-01-2018 04:22,05-02-2018 21:51,21-02-2018 00:00
b40923df3f882c691f7906a3cff8ae23,f8c6dcd56ea35d173392a2ba5bfd6e95,delivered,20-01-2018 15:35,23-01-2018 03:37,26-01-2018 16:12,07-02-2018 10:14,21-02-2018 00:00
797fe018b83e5b8aaef674bad19874e9,12f720722d56d2cdcafc93c9b5809ea5,delivered,08-05-2017 15:15,09-05-2017 15:22,12-05-2017 11:49,24-05-2017 16:23,06-06-2017 00:00
a2c2158d6a2596315ca45703207e97c4,b4e237973ec5c3b1c17a3411e0633f30,delivered,31-05-2017 13:55,01-06-2017 14:02,21-06-2017 11:41,26-06-2017 12:41,23-06-2017 00:00
6d6dab0b5b471af95c0b7a114b5242f4,9f7be3ecb950aed145871dd613cbb06a,delivered,03-01-2018 00:43,03-01-2018 17:11,05-01-2018 13:12,09-01-2018 18:25,26-01-2018 00:00
fb4c654f040642300a388f17ee02be7f,d9e3358d714896d16cbc712a46559861,delivered,25-11-2017 16:49,25-11-2017 16:57,27-11-2017 20:35,04-12-2017 22:52,18-12-2017 00:00
da60e4caa4c6e303002f33c304011591,73038e9f26a27fc56631416306bd7829,delivered,13-11-2017 08:04,13-11-2017 08:15,14-11-2017 21:48,22-11-2017 18:12,08-12-2017 00:00
a679a3450fae65339681e567b378ebc5,45e4dab8ec0beda6573700b2272cb164,delivered,14-08-2017 12:45,15-08-2017 12:55,16-08-2017 20:54,29-08-2017 17:53,14-09-2017 00:00
3a1a92434eae60a4f44ad7ebef65c3e7,dc11c734af06298550995bb5ff673dce,delivered,18-07-2018 15:03,18-07-2018 15:22,19-07-2018 10:15,20-07-2018 22:32,31-07-2018 00:00
3343de372beb853bffdaa61da97a22aa,7b6af10470b26c401d18e3083e271339,delivered,13-06-2018 17:05,13-06-2018 17:39,14-06-2018 13:10,26-06-2018 08:46,16-07-2018 00:00
d2ce2764e877473355ddb49af8eb3bc5,def6003502bb7701e2cdc0cb5af42cfe,delivered,28-08-2018 14:32,28-08-2018 14:45,29-08-2018 11:01,30-08-2018 15:02,31-08-2018 00:00
26449e55a87a5c565d60238999c380ff,3ebd7c64f990c7558321fb5af7a547b9,delivered,22-04-2018 18:05,24-04-2018 18:55,23-04-2018 10:42,24-04-2018 19:11,04-05-2018 00:00
d486475824974ef6fb73375f5a50e465,2dbc6c19eaeb265c5bed88607eb98f21,delivered,23-06-2017 22:04,23-06-2017 22:15,28-06-2017 12:15,04-07-2017 07:34,19-07-2017 00:00
74945023a969c39c770a3d73e669c5c5,8db2bd257e77d70fd9ed115f4e68e3a2,delivered,08-07-2018 19:12,08-07-2018 19:25,10-07-2018 10:24,24-07-2018 18:46,03-08-2018 00:00
105a70f8a707fdd43b003271860132bd,713c6678ace69cc88a91c9e56ee2a20a,delivered,04-06-2018 08:08,04-06-2018 08:30,04-06-2018 16:04,05-06-2018 23:59,04-07-2018 00:00
1ba17bb34e802d7e243558ee086ff754,991dfbe50e6444dc9f25c9f8d3562ceb,delivered,21-03-2017 15:22,21-03-2017 15:22,22-03-2017 15:28,03-04-2017 17:04,20-04-2017 00:00
ba05596e1b0875fac4abdf6a6d036743,da7acf84f4943e92fe8d8c767824a994,delivered,15-07-2017 16:14,15-07-2017 16:25,20-07-2017 17:42,01-08-2017 19:46,10-08-2017 00:00
4e78c8e6f00a4ca7409db04227837738,66d8f30fb4390d0b8d3e0b639bd367a9,delivered,03-10-2017 00:20,03-10-2017 00:35,11-10-2017 19:11,23-10-2017 18:18,03-11-2017 00:00
420279d8b0ac26f42d2e3a4e8dd959b5,eba7ed7b49f33dcdb5757243bb1151a2,delivered,06-01-2018 21:39,06-01-2018 21:51,08-01-2018 17:57,15-01-2018 15:53,05-02-2018 00:00
a594e1f484d5b84270ff28ad578632d2,944da8dc6dbfd378263bb8bd8b4acb76,delivered,12-03-2018 15:12,12-03-2018 15:38,14-03-2018 20:03,11-04-2018 10:52,06-04-2018 00:00
23c0fb66f3afa483b302cc740b14f17b,3f6ede29d4c69cd3316d2035b6cec1fb,delivered,16-05-2018 23:45,18-05-2018 04:36,18-05-2018 09:35,21-05-2018 13:48,13-06-2018 00:00
8f677798a3e80c02adf52911bf8d145d,17b723f5c85b44a1dcf96dca43d3eb89,delivered,20-03-2017 17:01,20-03-2017 17:01,21-03-2017 14:24,27-03-2017 18:05,11-04-2017 00:00
413648037e02e5c759e67071c61b2fcf,ac6f5d2cdbd505344d970017a51bfc43,delivered,04-08-2018 16:49,04-08-2018 17:04,07-08-2018 15:42,13-08-2018 22:36,15-08-2018 00:00
6b1524b569b3782bcdd845635117ef81,d7167d6d21d5201411121195fbe953af,delivered,27-03-2018 10:35,27-03-2018 10:47,02-04-2018 15:29,13-04-2018 11:51,17-04-2018 00:00
082d1a4833001c9e4d9a97109ea180d6,3bc5243906b84d5c2d343147f0eafbe4,delivered,18-10-2017 08:45,18-10-2017 08:56,18-10-2017 19:32,20-10-2017 20:11,06-11-2017 00:00
58fbd882a7ce0cf6eca11251a96931d1,85eb24e5005373089e1361c0af90ea3d,delivered,19-09-2017 12:50,21-09-2017 03:04,21-09-2017 18:50,03-10-2017 17:57,05-10-2017 00:00
6ed3f553337457d7804e8c39b580ce89,db34aec8913fe9f462bf2167afd258ca,delivered,22-11-2017 15:32,22-11-2017 15:47,23-11-2017 16:12,01-12-2017 23:13,13-12-2017 00:00
b2bc298fa029f415e70abae220ebf282,dc77ed4e8d992ff8e738b64198870eca,delivered,15-05-2018 19:30,15-05-2018 19:53,16-05-2018 06:34,22-05-2018 00:08,04-06-2018 00:00
196a79cd1b9ff7ad77dfaa9d4c46d04c,7fef0997cc98db48b91fdcb9841e909c,delivered,05-02-2018 10:36,05-02-2018 10:50,08-02-2018 23:17,06-03-2018 21:38,13-03-2018 00:00
7be4cf9e577bd6353f88c21ffdf87931,2731fd84e6a05d548640607a131f185b,delivered,21-08-2018 09:28,21-08-2018 09:50,22-08-2018 13:26,29-08-2018 19:38,05-09-2018 00:00
28261c529e96c64f072a17b839812d63,2dbd4a021efca34f591c4bee3a821161,delivered,18-09-2017 15:41,18-09-2017 15:50,20-09-2017 13:29,25-09-2017 21:33,28-09-2017 00:00
f1411a1d5c32efefafd71fce9773de51,633d1bcc302d769ba3f9da7d010d74b2,delivered,29-06-2017 20:08,29-06-2017 20:23,30-06-2017 14:23,14-07-2017 12:07,25-07-2017 00:00
f71c29e41d9d12d65f0e05f17fc6cecd,4139b916aeaacb9ac5133afdffe2fdc4,delivered,05-12-2017 09:18,06-12-2017 02:50,06-12-2017 19:51,15-12-2017 17:11,04-01-2018 00:00
ddd71c8539788a710549849a7dcaebde,568ad2e25b8b84904ae2fb3863363a75,delivered,21-02-2018 08:27,22-02-2018 02:15,23-02-2018 17:52,16-03-2018 16:02,20-03-2018 00:00
cab618a13f81a7ad42573993ddae2ff2,4205cff8e8c084e073c7c3d8380b98c6,shipped,27-02-2018 12:19,27-02-2018 13:00,28-02-2018 17:11,,20-03-2018 00:00
e9a85f45594b8912672374e10d99f1a7,a0c7aec11a5f3ec702888d67aeedeed1,delivered,27-12-2017 22:37,27-12-2017 22:48,28-12-2017 18:36,03-01-2018 10:59,22-01-2018 00:00
6ff900f88e265e076a3625007c01cdbc,a00774e666bc2f0af970ff157ecf6f7e,delivered,27-04-2018 19:03,27-04-2018 19:15,30-04-2018 15:27,09-05-2018 21:08,22-05-2018 00:00
fb782978193f7e29ff62d9b64c93ff54,17cf99bbc536657ddba8b1428192e103,delivered,07-06-2018 20:42,07-06-2018 21:36,08-06-2018 14:14,13-06-2018 19:12,03-07-2018 00:00
c6aaa7cbfc09b6f769d45d149a852643,109752cc7796656c8d504f634e66aead,delivered,24-11-2017 00:16,25-11-2017 06:29,07-12-2017 22:37,11-12-2017 20:37,22-12-2017 00:00
1ff6183537eb3a189de77b309ed28ad1,52ac1d5c2063338b5a45f69a14528c9b,unavailable,02-01-2018 17:31,04-01-2018 11:57,,,31-01-2018 00:00
67c2939389900ee5ef95296df8691336,ac9333a0622593a2af3c26cbec36576c,delivered,26-10-2017 22:54,26-10-2017 23:06,27-10-2017 18:49,31-10-2017 21:28,14-11-2017 00:00
96c0941a87f12624bbaa976c3cb81ca2,36a55a60f18b9cf47ec2b374f2c097ea,delivered,23-05-2018 08:35,23-05-2018 10:36,23-05-2018 14:31,15-06-2018 21:14,08-06-2018 00:00
4550006a45ae092d4214e3dc09b89194,9f14d5cb2c7d39f6c4556ff35f4ba78e,delivered,26-06-2018 11:31,26-06-2018 11:56,27-06-2018 07:56,03-07-2018 07:41,23-07-2018 00:00
c41c7711e8d92901517c702f0836ea59,7197a7e7977ed02ce5e53c8a46818808,delivered,27-06-2018 17:52,27-06-2018 18:12,28-06-2018 09:32,11-07-2018 00:13,08-08-2018 00:00
1fc6f36a09a4afd9024b0cf47d52924e,7257af5a464fdcac46d918d3e0d547ed,delivered,25-07-2018 04:46,25-07-2018 05:24,25-07-2018 09:23,31-07-2018 23:06,17-08-2018 00:00
bced00a55bb6ecdb3c4a181b43ddf3e7,4ae69b0abbf8efc595adad1c978c765b,delivered,26-03-2018 10:03,26-03-2018 10:15,27-03-2018 01:12,16-04-2018 22:28,12-04-2018 00:00
45ce374cd293f6539ec1711a93f94aa7,05f337ebaa4407b43c68d15f5cf1949a,delivered,15-08-2018 19:52,16-08-2018 03:10,16-08-2018 14:06,22-08-2018 21:58,12-09-2018 00:00
3c843728a555b7e433f4a128b82d6740,4bd294209a20481f0b350a90a502902f,delivered,24-06-2018 20:26,24-06-2018 20:54,25-06-2018 11:23,30-06-2018 16:36,17-07-2018 00:00
efd3e6079ebd4d192d41aa488cbc1757,32057ee964e8c08387a897d367b0777d,delivered,14-02-2018 22:40,16-02-2018 14:31,20-02-2018 12:08,26-02-2018 23:59,13-03-2018 00:00
90729c9368dfbc80cac0f98648c70379,39a0a78fa906f6ce2b95e348f186016b,delivered,07-04-2018 19:54,07-04-2018 20:08,10-04-2018 20:32,13-04-2018 22:06,24-04-2018 00:00
ea6a496329b06f8ef26ff21eb61998f9,42a5fcbbdad65719b297e30533cdfcfa,delivered,07-02-2017 14:26,07-02-2017 14:42,08-02-2017 17:37,13-02-2017 13:03,06-03-2017 00:00
120e494a0a23aee36f4d7a635e469172,08cfbfce32d6e30b94c84bbd630aafae,delivered,17-08-2018 00:29,17-08-2018 00:49,17-08-2018 15:35,27-08-2018 12:21,06-09-2018 00:00
f6fbf7907913892ffc12ada3bff286ba,1d7d832199ca5ea415e212d226ae106c,delivered,31-07-2017 18:47,31-07-2017 19:03,02-08-2017 17:49,10-08-2017 20:04,30-08-2017 00:00
c0567ba9f6736e00d05c404aac7c9430,418e8d9a30cdd26678265116e8f06ca6,delivered,03-07-2018 20:16,05-07-2018 16:21,04-07-2018 14:07,10-07-2018 20:22,16-07-2018 00:00
4b02687f07f856cac25049dd4406cd52,2a121b0b3ad1786974498558a5b85b4c,delivered,28-05-2017 13:55,28-05-2017 14:05,31-05-2017 15:57,08-06-2017 14:36,29-06-2017 00:00
2b8c8846f8e82bd4956159a513ca01ad,2cd34b583d992938389048b0af8bea8a,delivered,17-03-2017 18:21,17-03-2017 18:21,22-03-2017 13:12,29-03-2017 15:42,07-04-2017 00:00
50782cd44ddec8134f7d93043ebfd333,454597de2c9100d65a4ce3a74ad8acfe,delivered,17-08-2018 16:02,17-08-2018 16:15,20-08-2018 14:19,23-08-2018 15:40,06-09-2018 00:00
f6ad54b5be9c3a496973acd1b1c8b714,6f67142db4b6ec414dd624724b738f3f,delivered,13-08-2018 14:18,14-08-2018 04:25,15-08-2018 14:25,21-08-2018 15:16,30-08-2018 00:00
b90eb14cd43f40f7b2ad0102469e43bb,c3ca68094375f8b51c8ca056b5a92a7b,delivered,30-11-2017 23:20,02-12-2017 16:17,05-12-2017 01:04,06-12-2017 21:48,18-12-2017 00:00
d37d275bf870e1d9a50b888717929495,9f9a83d15d7255a3747dd9175b875ea0,shipped,16-07-2017 13:08,16-07-2017 13:22,20-07-2017 18:03,,08-08-2017 00:00
1c58c266f70494954b0e545444355f3b,78f6f95ad4bd71dfc7185b4825afea8a,delivered,26-02-2018 08:38,26-02-2018 08:50,26-02-2018 20:17,15-03-2018 21:28,23-03-2018 00:00
18ed15b7c2fadc5faa4db7a9f24d7d61,8a6f41f613047807293074456ba0229a,delivered,18-03-2018 14:49,18-03-2018 15:08,20-03-2018 02:28,21-03-2018 19:57,29-03-2018 00:00
70ad0c0c83d69921cc0675f3e56d4e02,4fab1dfedcedd8d1a0ac3fb3475de007,delivered,01-12-2017 13:08,01-12-2017 13:18,05-12-2017 19:23,12-12-2017 18:58,26-12-2017 00:00
30a1f7a69f9dc03ac7bfd48df243ccef,ef3ad6cd82126989fb3e389f6b9c54ef,delivered,30-01-2018 21:28,01-02-2018 02:52,01-02-2018 20:29,20-02-2018 15:13,09-03-2018 00:00
08adcddad19d3acf37d1fa01cb9ded1e,94c2f45091985c47b4c4fb301113f0a4,delivered,27-06-2018 11:16,27-06-2018 11:30,27-06-2018 10:57,29-06-2018 17:39,18-07-2018 00:00
74851b1eea867c905d24b4a96306af8b,54a3a6f6333268fbb453f6b9834e90b1,delivered,26-08-2017 08:51,26-08-2017 09:05,28-08-2017 19:40,05-09-2017 19:22,22-09-2017 00:00
1ed4e96d371387280707c53f4555031b,a7aace19091346dc0e229e1c2b43e896,delivered,09-11-2017 12:49,11-11-2017 10:06,17-11-2017 20:16,22-11-2017 14:35,06-12-2017 00:00
629e289bf8013a1e9dcb5fc8cb9b377b,bfe6959e788d3b3bc146aa98f45ddb6c,delivered,15-06-2018 15:13,15-06-2018 15:37,18-06-2018 14:41,19-06-2018 19:42,28-06-2018 00:00
230429e6f253f9cd6561aad72ce7ee2f,a7924be36d69088596f4ceb0178adf28,delivered,18-07-2018 13:30,19-07-2018 15:30,30-07-2018 13:42,31-07-2018 18:58,03-08-2018 00:00
b3111cd50c7a34635433d6a557a6bf64,25700734456e911ea55a83b37c50de2e,delivered,17-06-2018 10:07,17-06-2018 10:19,18-06-2018 12:42,22-06-2018 15:06,05-07-2018 00:00
6b63e99cee8db08f10bb8f41c56f42c6,fa98c49b78e4bf3bd57baee31a771ef1,delivered,30-11-2017 17:04,02-12-2017 02:38,04-12-2017 20:53,08-12-2017 20:07,28-12-2017 00:00
a740ec24c1003da3578da8a0627f50a2,2fcaf832642f3c050776fe4f9a5cfc6e,delivered,02-05-2018 13:54,02-05-2018 15:40,04-05-2018 14:40,08-05-2018 23:38,18-05-2018 00:00
bb3b9252816ff94fc9f21944cfa0b6d1,84353738a84112675537c08797692415,delivered,04-05-2018 16:17,05-05-2018 16:13,09-05-2018 13:28,22-05-2018 22:48,05-06-2018 00:00
18917193c2d4f159daff7df3b208d22e,ce94567df6da5d7d85640b02953f44bc,delivered,18-02-2018 19:05,20-02-2018 07:07,21-02-2018 17:19,01-03-2018 19:08,12-03-2018 00:00
408c159bf7f5bb5ee0ee64ca6be81ab3,c72a2535917c69cffe7135677632702a,delivered,12-08-2018 19:29,12-08-2018 19:44,14-08-2018 09:40,20-08-2018 13:16,29-08-2018 00:00
dee5aaea45b39a487724b13ee9523e88,ae426228e04d6189518ffd4338572740,delivered,26-01-2018 18:16,26-01-2018 18:39,29-01-2018 22:29,05-02-2018 12:28,15-02-2018 00:00
70e4a7d6c5ca0ca7bd543955b1d9c056,4d1d60431e94c06016147b85bd0b446e,delivered,08-02-2018 18:26,08-02-2018 19:02,09-02-2018 20:33,19-02-2018 20:27,05-03-2018 00:00
973f596fdd2295f00754dd37ab7eb684,01cc68904d33964bd2e7bd52d10efe18,delivered,06-02-2017 22:47,06-02-2017 22:55,10-02-2017 15:27,15-02-2017 04:35,01-03-2017 00:00
3e7a5341d84707eefa28c4d2273e60ae,823f621f5037d971a15b0cb861f8c554,delivered,24-11-2017 10:31,24-11-2017 13:57,24-11-2017 21:47,27-11-2017 19:12,08-12-2017 00:00
9ba68602fafba92a21fc48911251ce31,727ddec07f701bf58a5ea4692c4cbbff,delivered,07-01-2018 10:16,07-01-2018 10:27,10-01-2018 12:34,25-01-2018 17:02,16-02-2018 00:00
dfc2207ff43ff152e5a94f9c580ffe7f,86875ab8aa20041cce596d58f3a37e1c,delivered,05-06-2017 23:05,05-06-2017 23:22,07-06-2017 11:41,13-06-2017 14:34,28-06-2017 00:00
c8fbeee3ca85a32da48fa57b351b18c2,bac36f680d5c0c0bb085b8a86a5e68cd,delivered,21-03-2018 13:20,21-03-2018 13:35,22-03-2018 20:02,06-04-2018 00:28,18-04-2018 00:00
8861169e1fdf588ae812507b0cd3e2fb,5eedfe8770c08d904f4c4f1c89da224c,delivered,20-03-2017 21:02,20-03-2017 21:02,21-03-2017 16:15,31-03-2017 10:12,24-04-2017 00:00
962938a0eb303d087976fbcbe632723a,1579098c5d9e5744b0f81f652b2f3f3b,delivered,18-12-2017 08:26,18-12-2017 09:31,20-12-2017 21:51,09-01-2018 18:45,18-01-2018 00:00
83b5512cab9d85f6f644b4d28e423f06,5dc340dc5299977f8ac7a1a5abfcdf54,shipped,14-06-2017 19:52,14-06-2017 20:05,16-06-2017 15:37,,28-07-2017 00:00
1bc7434bd3185b311a6d4016a03ea06a,0a0c2a4fcc642872a37b8454f7c4df86,delivered,12-12-2017 08:20,13-12-2017 02:50,21-12-2017 22:09,10-01-2018 21:42,15-01-2018 00:00
2fe9c43306d90b933dc4efadb0f852ff,e7a055b4b4b6a31ca43d235c54d87897,delivered,23-05-2017 17:02,23-05-2017 17:15,24-05-2017 10:45,30-05-2017 14:52,14-06-2017 00:00
fbff49f23160970478cfc548cf7acde6,bf595ac1199b8f88990ff5389e648b00,delivered,30-04-2018 23:40,01-05-2018 03:53,03-05-2018 13:19,12-05-2018 13:48,24-05-2018 00:00
9b434ff82e1cc10e25641256b7ec7b15,ee74cd7692f3590b03d7b8fbcdb18c44,delivered,03-10-2017 21:10,03-10-2017 21:24,04-10-2017 13:41,11-10-2017 22:12,31-10-2017 00:00
05d61bb749461f4805dbda51f767fa47,80f16375ce928674fe11f2e5130208e1,delivered,29-08-2017 19:04,29-08-2017 19:15,31-08-2017 19:37,15-09-2017 18:42,10-10-2017 00:00
b7dd6e83a855d2ed0804d8ff84535092,c3a8f50426b563c73370f773f8aaf9da,delivered,19-06-2018 11:44,19-06-2018 11:58,20-06-2018 10:31,29-06-2018 16:52,25-07-2018 00:00
fecc4ea5a3e06ce3192ae2f05b7a8439,ec43686dd7b2f48ea65475606fdfc85d,processing,14-01-2018 21:52,14-01-2018 22:09,,,06-02-2018 00:00
e28247f13af9b927289e7730877eb923,04e6b770102df2c677ca4505f9c0c786,delivered,16-12-2017 11:45,19-12-2017 09:54,21-12-2017 15:42,09-01-2018 21:48,18-01-2018 00:00
e16f4887f57e05d5e8379d954bae6785,c4d3d5473a9cc20d7acdf866c7cbc1a3,delivered,17-07-2017 08:44,17-07-2017 08:55,19-07-2017 22:13,24-07-2017 12:07,08-08-2017 00:00
d9fee6ee13066c1eaaa95f24bcc8a4d8,6e2c7ae79ed263e82a5d4cacdff17326,delivered,04-03-2017 12:39,04-03-2017 13:05,18-03-2017 07:24,22-03-2017 13:38,27-03-2017 00:00
3da53042e56776670fcf05a64d884ce9,3af46ebb3600804c782615cd897db0db,delivered,04-02-2018 21:25,04-02-2018 21:35,06-02-2018 17:04,07-03-2018 12:54,15-03-2018 00:00
8055e039e3e86f6328082ea948230520,dac66821be170e68ee80d01a5b166760,delivered,06-04-2018 22:32,07-04-2018 02:48,09-04-2018 23:56,08-05-2018 17:04,27-04-2018 00:00
c6472cb27f5aea27c6f874ae8928939a,32e186b1bde73732f1cca0247967cbcb,delivered,23-11-2017 13:18,23-11-2017 13:26,23-11-2017 22:21,04-12-2017 21:26,20-12-2017 00:00
1f790c9e3bb6e08d226245a5d1d781fa,3231b84e6605fdf9e9d0a9fd4bc290e9,delivered,14-01-2018 11:38,14-01-2018 11:49,15-01-2018 17:13,01-02-2018 00:33,14-02-2018 00:00
3f71c7ea78bd7df6729746c1f93ca424,69a5de2d98d4729f8dad3add11022053,delivered,01-02-2018 16:22,01-02-2018 16:35,02-02-2018 19:21,20-02-2018 20:25,26-02-2018 00:00
c873d67cdcc79e51c21b47d8c69ada68,36ad966afca63b90b96b3d01f09d956a,delivered,02-07-2018 15:38,05-07-2018 16:09,04-07-2018 15:15,11-07-2018 19:20,30-07-2018 00:00
cc162c1cd7cfadccc729922aa7fa2d2b,6049d21011689c1e6dc8978c25a3d4b4,delivered,25-01-2018 15:48,26-01-2018 22:38,30-01-2018 12:38,15-02-2018 19:49,05-03-2018 00:00
0c5cdf9ab91788bffa3d0f7e8ce4b213,f4b699445bfa4eb7d6247e4f47eae9e0,delivered,26-01-2018 16:45,26-01-2018 17:04,27-01-2018 12:29,29-01-2018 19:27,09-02-2018 00:00
96d3f09ebc42f05ab83a2ca85483e0b6,a0abb996d53cdd579f6af5bc5de8c28b,shipped,13-12-2017 23:04,13-12-2017 23:12,18-12-2017 10:43,,10-01-2018 00:00
0d77e9b5b271b221b5d181c38276769e,ded07964b8b743d9fd2688790b7052cc,delivered,20-11-2017 18:11,20-11-2017 18:26,21-11-2017 16:02,25-11-2017 15:29,07-12-2017 00:00
1612d79764f7941116acc8be4239906b,91f9de3e080ef6be6aa8b5ae3cae1d4f,delivered,24-02-2018 14:59,27-02-2018 03:10,14-03-2018 01:11,22-03-2018 22:14,22-03-2018 00:00
b210147ed6159ab19baaff71f7e43491,b486a070f6394081a2fabaf37e15d264,delivered,24-05-2017 18:03,24-05-2017 18:15,25-05-2017 21:13,27-05-2017 04:36,06-06-2017 00:00
85fa27c13d9874c3c90074e4989854c9,802aab55da2088fc080fe78233f047b2,delivered,11-11-2017 14:35,13-11-2017 19:31,16-11-2017 17:25,05-12-2017 19:13,12-12-2017 00:00
41edd30acb1a7bf7b3ba3efe83da6ce3,1dfc42d29e4c210de654113ab49e6f4f,delivered,16-08-2017 23:37,17-08-2017 01:35,19-08-2017 11:34,24-08-2017 20:48,08-09-2017 00:00
dee6298ce7d1fb2645141ef9972157aa,c35fd04a09c83d6f53b2d4557eab7445,shipped,30-04-2018 14:06,30-04-2018 14:15,30-04-2018 12:59,,28-05-2018 00:00
6503586e6d752bdb3ebbd1607e6a714f,bec0ecd38c187bbacdf9a805540fbb68,delivered,27-08-2017 20:42,29-08-2017 04:26,30-08-2017 12:17,04-09-2017 20:18,25-09-2017 00:00
3987a36b34a784095059a22c400b4f8d,ede638a975b20f1414a9ed146f055a27,delivered,28-04-2017 12:15,28-04-2017 13:05,02-05-2017 17:19,11-05-2017 15:40,24-05-2017 00:00
a5d7b5b625f48f4af406a8b11bb59751,92dcd0241fba4e4253f99460cb9270d7,delivered,18-12-2017 16:00,18-12-2017 17:18,21-12-2017 18:57,08-01-2018 21:40,11-01-2018 00:00
d72653b199232133a82a28e6e340133c,774a93f58af283167817a7a186680553,delivered,07-06-2018 10:02,08-06-2018 09:56,08-06-2018 13:59,15-06-2018 19:16,27-07-2018 00:00
88fb1f364095174f013123c8a3781c31,657257c1377038d391004bf7aca86b79,delivered,08-08-2018 21:18,08-08-2018 21:30,10-08-2018 15:07,21-08-2018 18:19,17-08-2018 00:00
d0aed2ea0f3d1f9911ee36b795ccace5,fca1ec7a5d4f094bf6403fa09a6af5c1,delivered,18-11-2017 12:28,18-11-2017 12:50,20-11-2017 20:12,27-11-2017 15:39,12-12-2017 00:00
b69b9260e79a0da00e15f48de1bd2524,0b34456a261dcc179512d6652e8cb276,delivered,31-05-2017 16:27,02-06-2017 04:23,05-06-2017 14:19,22-06-2017 16:05,30-06-2017 00:00
246b14cc444e8a7df0afd80495dfa052,f327c66b64d68e69e89d4b90680787aa,delivered,04-07-2018 01:20,05-07-2018 16:33,05-07-2018 14:58,06-07-2018 19:22,19-07-2018 00:00
366fb8cd92296c6541132ab4cbb28bac,841841043bf76dbb83f79c7a36dcf24b,delivered,25-08-2017 10:04,25-08-2017 10:15,28-08-2017 16:13,30-08-2017 16:03,18-09-2017 00:00
1f039c377ad805f38658f64f2102c992,2a0bf30f53d53c759be496caad1e1ae2,delivered,09-08-2018 08:16,10-08-2018 08:10,10-08-2018 09:39,15-08-2018 19:42,10-09-2018 00:00
8257dca57385bc7279dc06f140b55625,ab9e57e85e79e8bea7817de472684bf8,delivered,18-09-2017 13:46,19-09-2017 04:04,19-09-2017 18:48,24-09-2017 15:12,04-10-2017 00:00
508d02fd7a1d114cdfd32ecb91721855,5d8cc99a36e20a6dcde6fbf5135fa45f,delivered,25-01-2018 08:26,27-01-2018 02:50,31-01-2018 20:08,14-02-2018 21:17,20-02-2018 00:00
ae19a9db6bd3ac0b94a591ee4a228a83,3a39eae0994776de1b44b1666124aa7b,delivered,29-03-2018 22:32,03-04-2018 05:08,03-04-2018 23:28,11-04-2018 17:21,08-05-2018 00:00
a7fafbfc43a11e5ba3d934121a63bb43,90343859e0ae243dc57b3e95b2a517fd,delivered,22-07-2018 14:30,24-07-2018 11:33,24-07-2018 14:59,25-07-2018 12:48,01-08-2018 00:00
eb1159e15cad602c36e16646e5662b85,d37306b60a0a5c64443841a857f15928,delivered,19-04-2018 09:35,19-04-2018 09:52,19-04-2018 18:55,23-04-2018 16:38,08-05-2018 00:00
8abc120199358d4e0a7d5902c0d62fd4,1546152e72a96d6b2c261f3537a091da,delivered,27-10-2017 05:32,28-10-2017 02:50,30-10-2017 21:36,07-11-2017 20:14,21-11-2017 00:00
882af1e2ad3e4b132d4b23c429843dc8,fb827db7d93060684875e22f58033041,delivered,14-06-2018 11:35,14-06-2018 11:59,15-06-2018 14:08,18-06-2018 15:46,29-06-2018 00:00
5042f28675b7eedd6c772f3c0df075f1,5c8013fd8f99bc42840b27436e059b84,delivered,26-11-2017 23:38,26-11-2017 23:53,29-11-2017 12:36,19-12-2017 18:41,15-12-2017 00:00
e088d467c07c9879ddbdaaa9b1c51e85,eb0e488592359ee385d18b209e4911b6,delivered,15-10-2017 19:47,15-10-2017 20:20,17-10-2017 21:51,27-10-2017 19:56,06-11-2017 00:00
502aea10bd5711477ee1f532f1115031,ad3e2c79a82b673dbf76cddc3e33a711,delivered,30-08-2017 20:17,30-08-2017 20:30,04-09-2017 16:12,12-09-2017 17:31,21-09-2017 00:00
a19a5d98ef17292dcfde648851d16aa5,34d6fbdfebe31cea403f3282f5253ed2,delivered,09-06-2018 14:59,09-06-2018 15:10,14-06-2018 12:25,18-06-2018 12:28,29-06-2018 00:00
19b8a677a41f55d06c3beda4849717b5,9a5c1346346cc351e392795b337097ff,delivered,06-04-2018 16:46,06-04-2018 16:55,09-04-2018 19:20,25-04-2018 20:42,03-05-2018 00:00
d08c879188638eda44ea5da9dca68d09,59b9364516c0954308e0bcac97d088c7,delivered,02-07-2018 23:19,02-07-2018 23:30,04-07-2018 13:44,11-07-2018 00:06,30-07-2018 00:00
c3a3bb473dbe33079acc4b7f5a965196,261268a1aa478ebccc55d96f0ea430c2,delivered,15-05-2018 12:48,16-05-2018 12:54,16-05-2018 14:12,21-05-2018 14:36,01-06-2018 00:00
26bfc6c6251ef7eda55f7bc7f11e9647,1b87dde95bf20a1e1a2f023369c7f7db,delivered,05-07-2017 11:56,05-07-2017 17:43,11-07-2017 16:34,19-07-2017 20:34,04-08-2017 00:00
90de07e389ed6cd973ae93d5b36f159c,4212cb0b515edd1723eb5dade9852916,delivered,20-11-2017 18:02,20-11-2017 18:14,22-11-2017 00:24,29-11-2017 19:58,08-12-2017 00:00
3ff122d5ce35754dba91bc1c99ad6a65,52f0992e20b8f1c4b113d00df8fd9d93,delivered,05-08-2018 20:01,05-08-2018 20:10,15-08-2018 13:06,20-08-2018 17:31,31-08-2018 00:00
72d6aff61cb58a6c8872baf6864e046d,16471405a724a048a940dbbc66cdeeed,delivered,19-03-2018 15:23,19-03-2018 15:50,22-03-2018 19:29,04-04-2018 23:58,13-04-2018 00:00
3925b740d70eb26c3aefd1cabe5c8143,b828fa53202efa901b22f532577fe859,delivered,05-04-2018 07:23,06-04-2018 07:48,10-04-2018 00:40,26-04-2018 16:28,14-05-2018 00:00
0fb3b7bbfc3693b115aa62a83fad2714,9f546895f9d0841df86f8681992083b9,processing,13-03-2018 20:37,13-03-2018 21:40,,,03-04-2018 00:00
dbffa5e34cf40fb7dc1292bd10d22971,e7823ca26db4ecf5dc0e4cb58435b0e6,delivered,04-03-2018 14:18,04-03-2018 14:30,05-03-2018 17:13,13-03-2018 13:48,26-03-2018 00:00
0fe78862cdfd562448985ee7fbc8a08e,4d7e089ef0ae3a98da638debd25c4a25,delivered,17-02-2017 16:23,17-02-2017 16:35,20-02-2017 08:47,09-03-2017 14:44,24-03-2017 00:00
f3de0893c636179ae92136f971523452,c622c9f760ecd07e8910f01da1a8efa8,delivered,31-07-2018 19:44,01-08-2018 20:10,07-08-2018 10:38,10-08-2018 00:21,09-08-2018 00:00
4c37682d353334478fbafa4808110fd0,4c97445f829b977ab55cd095af2876c7,delivered,21-12-2017 00:01,21-12-2017 00:10,21-12-2017 18:37,28-12-2017 16:22,16-01-2018 00:00
e78d0e875295cd716415732e63b6291b,966bb79d17e4a6de9f4fe448754d0972,delivered,27-04-2018 14:49,01-05-2018 06:13,03-05-2018 06:31,11-05-2018 17:18,14-06-2018 00:00
dc078338903735916fab84f036188dcc,59227a9b6b75b6c0612c26336eec0a47,delivered,18-04-2018 04:57,18-04-2018 08:34,23-04-2018 20:48,27-04-2018 13:53,16-05-2018 00:00
bee402360958bd68274013f8b3ecb4f0,8bdae6b4ff9bc7f4c5ad5394081186d7,delivered,24-11-2017 23:30,25-11-2017 02:32,29-11-2017 17:29,01-12-2017 19:34,15-12-2017 00:00
de6849867dd230818cd854b69f5b21f7,4016bcd0cf90a7a3344a571cd6a4dccf,delivered,07-04-2017 20:27,07-04-2017 20:42,08-04-2017 08:44,09-05-2017 14:56,15-05-2017 00:00
4ae724c523545a7806fc987df2964b05,981d4e25f7275e5dc35df59e20f22acc,delivered,19-05-2018 17:59,19-05-2018 18:18,22-05-2018 12:25,24-05-2018 18:03,29-05-2018 00:00
bb5a46301dcca0ca265b0bd999f9dd52,dfb8efcf14ab981879b8a2cdc810a496,delivered,22-07-2017 17:43,22-07-2017 17:55,26-07-2017 11:07,01-08-2017 20:44,22-08-2017 00:00
a686a1abab230b267d666e2b728f659c,11c087cacf76b2ad39f4a5dc2883ac40,delivered,29-07-2018 18:42,31-07-2018 03:50,31-07-2018 12:45,04-08-2018 12:56,15-08-2018 00:00
44c4ba0247b4e50ab9c03466cc15ea5c,a746555ee455b68e9b6b6eb0a52355c8,delivered,29-03-2018 21:24,29-03-2018 21:35,03-04-2018 18:14,17-04-2018 19:44,17-04-2018 00:00
036b791897847cdb8e39df7943367474,04719f10ea55e8d39bff210bea43c1a3,delivered,10-05-2017 15:34,12-05-2017 02:50,12-05-2017 10:05,17-05-2017 11:14,18-05-2017 00:00
d97c11eb9b8f2f16f9b40432c070c8d3,54b97520d6ce1e386a49dc449cd7959a,delivered,25-06-2018 22:45,26-06-2018 00:33,27-06-2018 06:22,03-07-2018 16:58,17-07-2018 00:00
917d8fa5446854ac034de2f57c82bbee,d3806fa21465451e5523e90253e2457d,delivered,29-03-2018 19:11,29-03-2018 19:27,12-04-2018 14:47,20-04-2018 13:32,26-04-2018 00:00
429538330ae6d874fd05455f574f5852,e8aad07575654e0595acf49b64b9b46b,delivered,12-01-2018 15:10,12-01-2018 15:18,15-01-2018 23:26,25-01-2018 20:21,07-02-2018 00:00
7c89d1b99dac4362bf2513afd0b14edd,a48acf545fc196fe1a22e67ba443504e,delivered,23-08-2018 21:20,24-08-2018 03:24,24-08-2018 13:56,28-08-2018 21:07,06-09-2018 00:00
cf8ba6c5f0ac149f8e8f55217c47e967,6bae2a5db6ca78c2225e213a63d4af9b,delivered,16-05-2018 13:40,17-05-2018 08:36,17-05-2018 14:25,21-05-2018 15:10,30-05-2018 00:00
313e46c49954ab094294fc88b099b570,8a615f61a0a0ad7c79ec40a6cba45fb6,delivered,16-06-2017 10:33,16-06-2017 10:50,21-06-2017 15:54,27-06-2017 08:27,06-07-2017 00:00
2a834f698c8b713627f7729b9c164746,39e2660b6789a449d35bd48bc54999dd,delivered,01-08-2017 14:44,01-08-2017 15:03,08-08-2017 20:41,09-08-2017 18:58,14-08-2017 00:00
879f83e9f2c3777d90bed2b448e144f8,b07884373a48a80842802d6bf097d411,delivered,14-05-2018 11:56,15-05-2018 04:55,15-05-2018 14:32,16-05-2018 16:11,22-05-2018 00:00
090df55d4945ec96f88731875465407d,51305a24f02a05869e1fa706fd5d5bd3,delivered,17-07-2017 20:15,18-07-2017 21:43,20-07-2017 14:12,26-07-2017 03:13,11-08-2017 00:00
f9180f3f33082b5e522c46f22c4cf4da,7f4a30f8ff8f5bf42df32a7f52a710d9,delivered,22-10-2017 20:26,22-10-2017 20:49,23-10-2017 18:48,31-10-2017 17:42,14-11-2017 00:00
f20ea43e9a47fc54e94b12d3de6bfefe,ced32367d38a165b853d1ba2b40c5f94,delivered,18-06-2017 19:15,20-06-2017 10:50,22-06-2017 15:28,23-06-2017 10:59,30-06-2017 00:00
679b69f80ba6fa25ec46803b1d838bb5,4315737fd2aa35c3b79d16f24a01fec8,delivered,28-06-2018 13:21,29-06-2018 02:55,03-07-2018 11:51,05-07-2018 22:46,23-07-2018 00:00
1a9b986cfe31ed59c5a6c00287db7e74,377e81546d7d92c97c710a231e747c45,delivered,06-08-2017 16:04,06-08-2017 16:23,07-08-2017 20:17,15-08-2017 17:14,25-08-2017 00:00
d01dff4d42c2ef5bdcb2085ccf391ed4,302bd5105bfe26a95e7942e9e85d5b2b,delivered,04-04-2018 15:08,04-04-2018 15:30,06-04-2018 17:21,11-04-2018 02:39,07-05-2018 00:00
2ae6e5a2da4078c84661d1289e22742b,dbd74dc83297f0301be2f721a409b758,delivered,30-03-2017 21:59,04-04-2017 05:45,07-04-2017 14:42,13-04-2017 16:57,25-04-2017 00:00
58fb05058cf15a3f9eaeb29497841a33,92ac3fb7d7452e72343e49885a19368c,delivered,20-02-2017 00:34,20-02-2017 01:05,21-02-2017 08:35,24-02-2017 10:08,21-03-2017 00:00
4fc94c8676998593a574d390d50dea42,29c830f587505d49e0c948cb934d8c26,delivered,01-05-2018 15:13,01-05-2018 15:35,07-05-2018 14:15,17-05-2018 19:51,08-06-2018 00:00
aa225b52da83ae9c797a46da556fa068,85c44b9f025694874bff02234f0fe533,delivered,03-04-2018 07:33,03-04-2018 08:15,03-04-2018 23:38,07-04-2018 00:54,13-04-2018 00:00
9b53b66ca7d27b4c0ccf5ba89af00bd0,1557a1c24daba73fb59e9291482064a4,delivered,19-06-2017 02:15,19-06-2017 02:30,19-06-2017 15:14,29-06-2017 14:19,14-07-2017 00:00
47d5c4cb8aba6b76371169d9c9f8089b,7ffbb6c8195cbfe1a25395dc9513f03d,delivered,06-01-2018 18:27,06-01-2018 18:37,08-01-2018 23:33,09-01-2018 18:27,24-01-2018 00:00
6c636e8cee90bf0aac0ec71c90f873e3,7a72e1fbb23c6558efb32d2fd9327f79,delivered,13-09-2017 16:27,13-09-2017 16:44,15-09-2017 19:29,09-10-2017 12:33,06-10-2017 00:00
09575d6ffa589cae127ff0e6c1b974ed,c3563d85f2d3642472263a25a98d9fc5,delivered,24-04-2018 14:23,24-04-2018 18:03,30-04-2018 12:45,08-05-2018 22:05,17-05-2018 00:00
7f6f89d90e1cd5ffeede04c86b1d095c,a925497be66b54047496bd05c43e46c6,delivered,11-08-2018 16:38,11-08-2018 16:50,15-08-2018 17:42,24-08-2018 12:32,29-08-2018 00:00
93dc7c78fb2b4efe25f1ed813f84992a,9cca406efea111557fa977471c4985a0,delivered,05-04-2017 00:11,06-04-2017 18:02,10-04-2017 11:58,02-05-2017 17:26,12-05-2017 00:00
465bf9fa1326d9215c7f699901a7b30a,0ebd6e76d10794d15132085db227253e,delivered,13-07-2017 19:47,13-07-2017 20:04,14-07-2017 16:55,19-07-2017 13:57,09-08-2017 00:00
75213e459cfe44a61c496c864e0a8c63,9c11910f46b5a9a3d8366b09a0514c97,shipped,23-11-2017 22:44,23-11-2017 22:54,30-11-2017 16:37,,15-12-2017 00:00
3be9765eafd8ecf60d00e05f4cb35ad1,08fc5058d39f827b41d726cac116dfbc,delivered,24-01-2018 11:55,25-01-2018 02:57,29-01-2018 17:38,05-02-2018 21:42,19-02-2018 00:00
88879beae0f0296595d49325ad667489,0d6f688455ee919c000970e75b257731,delivered,08-06-2017 11:06,08-06-2017 12:32,12-06-2017 07:45,06-07-2017 12:41,03-07-2017 00:00
b4785764380c08de311002f4a12e034b,cbb7dd66849d5e1d4a3cbb8ee460633c,delivered,24-07-2018 09:09,24-07-2018 11:24,27-07-2018 14:36,02-08-2018 23:33,17-08-2018 00:00
6c3135486d8821b2877a0f8d92095a6d,51911593422dd5311dae45ef358b50ed,delivered,13-02-2017 21:18,15-02-2017 03:03,15-02-2017 13:17,23-02-2017 10:44,20-03-2017 00:00
e15ea1f7534d809bdc05d3c5ecedf24c,d354903c583c97da65dd4c601f681f0e,delivered,17-05-2018 16:47,18-05-2018 08:55,18-05-2018 12:44,05-06-2018 22:34,01-06-2018 00:00
d7eec17ae2e61fc4dc36f1e1ac4d0ed1,22a0bf2e340a205038ce5d5681bf3883,delivered,06-08-2017 17:41,06-08-2017 17:55,25-08-2017 20:00,30-08-2017 22:19,05-09-2017 00:00
fcbb279d7ea6e7179b092b1f15d6d5e0,5d688a4260b1c11195859ac656fa9dcc,delivered,28-04-2018 16:04,01-05-2018 05:32,02-05-2018 14:39,07-05-2018 21:22,18-05-2018 00:00
071cf21dda000c6ce3b50a56374b1b89,67fcfd9052233afa10b632e4683f6f2f,delivered,12-06-2018 09:46,12-06-2018 09:58,13-06-2018 12:28,23-06-2018 16:16,17-07-2018 00:00
06499dd792313ae78e92e4819ffceff9,35e6428c10b500bb6f921daee26e88d8,delivered,26-04-2017 11:30,26-04-2017 11:42,28-04-2017 12:24,10-05-2017 09:08,24-05-2017 00:00
062b1b23a7928be5abeb406e5889e08e,7d6a0d2bc3cd8656c1be4de50b4d73d3,delivered,21-03-2018 22:46,23-03-2018 02:07,23-03-2018 18:44,08-05-2018 20:19,23-04-2018 00:00
97b75ddaf041b0f141f0dc8617f58661,1359d5ea4696eac72d35f45e9fc0eb9e,delivered,02-11-2017 16:17,02-11-2017 16:30,10-11-2017 16:21,15-11-2017 16:58,01-12-2017 00:00
aac01d5ce6fab5aa0e191d71aedbaa3c,7f10859af8483458fbe59d40da3d04f5,delivered,28-01-2017 13:24,28-01-2017 14:31,31-01-2017 08:45,09-02-2017 11:03,15-03-2017 00:00
e391c35b78728b170cead56c6a53980a,b3e4e7be7d2042271ac4022ab2b88db0,delivered,12-08-2018 15:27,12-08-2018 15:35,13-08-2018 13:13,17-08-2018 23:12,05-09-2018 00:00
46dd6a6cd45a2a99868c3daccd9cb301,fac97242b677d1afdc9a454cdc2b5fe3,delivered,14-01-2018 09:02,14-01-2018 09:11,16-01-2018 00:22,22-01-2018 13:56,05-02-2018 00:00
92062aeb70a6b30e71bfecc239c24a4c,4ac864354fcda4d761ad2c0bd1c3c58a,delivered,28-02-2018 23:04,28-02-2018 23:15,03-03-2018 02:27,09-03-2018 23:27,27-03-2018 00:00
c906b3161de4c9e7c323e68c831f35b1,cf63353e83a977b59f69e36894e21074,delivered,26-04-2018 06:16,28-04-2018 03:32,03-05-2018 18:59,04-05-2018 21:51,15-05-2018 00:00
078e048ccc8dc8b449dedc064b860b0f,a599bcb4e597bbc3a7b1a1f6e39988ee,delivered,22-06-2017 19:29,22-06-2017 19:42,26-06-2017 17:21,10-07-2017 10:57,05-07-2017 00:00
c78a9ca51dc25c50d163f52920071378,457d1b72b0a407267ee749fb9dd36e6f,delivered,06-08-2017 11:45,06-08-2017 12:03,07-08-2017 20:49,14-08-2017 17:18,29-08-2017 00:00
cc1942bfd9c7e5fdf278196ff5d8e9ff,cb5a265c07cf2780acbf53c22488e4f1,delivered,14-12-2017 12:29,14-12-2017 12:51,15-12-2017 15:07,05-01-2018 19:39,12-01-2018 00:00
2411e5019928e883d049f7242362c23b,92ac70cce9e5ac1bb34996610d9564a4,unavailable,17-09-2017 12:15,17-09-2017 12:25,,,05-10-2017 00:00
5f12df808d35ea25be28ad052f4aa3ea,a9b867fb8cf559a909c421576f75f197,delivered,03-06-2018 16:44,05-06-2018 04:12,06-06-2018 12:47,07-06-2018 15:44,28-06-2018 00:00
e69f0bdbe0e15d97ec6390b2714b5086,d8b951d220b48acc62145865f7f443a3,delivered,10-03-2018 20:42,10-03-2018 21:20,12-03-2018 20:38,26-03-2018 10:32,28-03-2018 00:00
23b9e7764953e9889b44983acf062485,dbeb793fe7c0960adfaa61f113b738ae,delivered,16-11-2017 18:15,17-11-2017 03:35,18-11-2017 15:38,30-11-2017 19:14,08-12-2017 00:00
c1c8d1d83b4a995b98278cf1d99d6cfc,87d73ddc7b2bafe58c0c02739d295e5a,delivered,13-05-2017 15:45,13-05-2017 15:55,15-05-2017 11:36,26-05-2017 12:51,12-06-2017 00:00
14e58712c72f8606b985860c5711fdf7,bdc73fef8fa89e24e2eee9834d05415e,delivered,26-07-2018 10:09,26-07-2018 10:25,26-07-2018 15:26,01-08-2018 20:51,10-08-2018 00:00
9cd76a738c425b55aa860a6c5e469857,379e05bf7d5ea104170f08b3ba7b0e95,delivered,15-03-2017 12:02,15-03-2017 12:02,17-03-2017 13:31,23-03-2017 23:06,05-04-2017 00:00
a84b9774653ed92f91314ea56770fe1d,78474f6f0891d18a3a9e0fa4f1fcf34c,delivered,24-11-2017 20:50,24-11-2017 23:56,28-11-2017 18:24,13-12-2017 20:17,14-12-2017 00:00
4e157a36ea9cf89bde6fff57a780b525,24970f1325070d89a1c42dd450b09a8a,delivered,24-08-2018 14:37,24-08-2018 14:50,24-08-2018 12:43,30-08-2018 20:47,10-09-2018 00:00
5261639befee46871e5005e71a7694a7,bd777ffb4e6dfb7822990749f6296866,delivered,28-07-2018 14:31,29-07-2018 14:31,30-07-2018 13:44,02-08-2018 18:03,13-08-2018 00:00
af951c92f2dc412031be59f9717df70e,74b45de02962e748eb6da766e9c84ddf,delivered,10-12-2017 16:20,10-12-2017 16:30,11-12-2017 19:14,22-12-2017 00:52,09-01-2018 00:00
4fec76db2097ee09cc1dd9717d6ead9c,e89563d7f4863102a1310cee927fa111,delivered,18-04-2018 18:24,20-04-2018 07:32,23-04-2018 15:22,25-04-2018 16:52,08-05-2018 00:00
30a461491fa262d5d6321e3194bbb452,d793c36ce968769248cb9ea17deb90a9,shipped,26-04-2018 11:30,26-04-2018 11:53,27-04-2018 14:55,,17-05-2018 00:00
6b82f79b806b4374a7b1315d1881d1ba,59c2c3b2ba7a92a68478e9eb59e9e88a,delivered,30-03-2018 14:50,02-04-2018 20:09,04-04-2018 20:24,13-04-2018 13:39,23-04-2018 00:00
ab1969d313f329f430baa04696d322f3,a191dfc729f180264941a4368d69bf44,delivered,24-03-2017 12:59,24-03-2017 12:59,28-03-2017 13:21,05-04-2017 15:39,19-04-2017 00:00
79e49d0b633619b3e94c74b0d640e63d,54ffc23dec5b15b8867ebb0b119e9ebe,delivered,16-11-2017 18:46,16-11-2017 18:55,17-11-2017 18:17,20-11-2017 13:48,29-11-2017 00:00
e84a134160970bbbd747fa73e42c7e7a,750641ff9dddbd9f73ecd53f5edadae7,delivered,30-07-2018 13:47,03-08-2018 20:04,06-08-2018 10:50,14-08-2018 16:26,20-08-2018 00:00
8b21fb2df5ea38807dc254552c40cf84,54a579d5072fb7ae3f433519428f6cdc,delivered,08-01-2018 19:38,10-01-2018 10:32,15-01-2018 15:38,24-01-2018 21:12,05-02-2018 00:00
945974d480bc501f2da3b39ec23fa369,b0c07f3d291615bfc80f799eb7b8d9d5,delivered,14-07-2017 22:46,14-07-2017 22:55,18-07-2017 17:47,25-07-2017 00:32,09-08-2017 00:00
4e0e3013defc109eaef2c4cf86b66a10,ca555d3669582cd6c8c13e8973c9fefe,delivered,26-06-2018 14:00,28-06-2018 02:15,28-06-2018 18:51,29-06-2018 16:50,17-07-2018 00:00
8f0937285bd1bba4cfc8332ee467b490,7df3b87f2d42e48d389aee0e1922111b,delivered,05-03-2018 08:49,06-03-2018 03:55,06-03-2018 20:27,06-04-2018 22:05,02-04-2018 00:00
ec1ca92aa0c364b34658f56d01e48691,916c443f0834b02f061752c40f4b1666,delivered,13-12-2017 15:36,13-12-2017 15:50,15-12-2017 03:23,22-12-2017 20:49,08-01-2018 00:00
fb2dccfadca8cd6ebddc5d10ae48d1f7,5358667640552c9500b4735e5f3a04a2,delivered,02-08-2018 20:52,03-08-2018 20:45,06-08-2018 15:09,17-08-2018 18:22,21-08-2018 00:00
882106360eb7749193bf51b626d4d835,f840dfcebe8ead89c4809a63d64b0dbb,delivered,15-05-2018 12:45,15-05-2018 13:14,15-05-2018 15:58,24-05-2018 20:28,08-06-2018 00:00
e22a3e8048469ea68906f666d446c25c,aa0533eb31ed3be79086f11bb2bec430,delivered,28-08-2017 09:48,28-08-2017 10:05,29-08-2017 11:05,05-09-2017 21:42,19-09-2017 00:00
90084fb270986d4c0fc78715cc46840e,fcfa6b64765235e944c28d83f99ee9dd,delivered,01-05-2018 12:45,01-05-2018 13:36,07-05-2018 08:12,09-05-2018 18:19,30-05-2018 00:00
fa145f6e474f19a183553a249dc5a73b,302025f399c7405c509a297b6b9a1e73,delivered,19-10-2017 15:13,19-10-2017 15:36,24-10-2017 22:23,27-10-2017 21:28,09-11-2017 00:00
3dcca0000c916de0c956a7cf2337dfc5,2b43f4b26a92cdc2e1b8caa8f70091a5,delivered,03-05-2017 09:01,04-05-2017 10:05,10-05-2017 10:13,16-05-2017 11:52,05-06-2017 00:00
2c453858db792dfba1340601d2814b28,fc583cfdde5d391a98d0f17d30209677,delivered,16-03-2018 11:13,16-03-2018 11:29,22-03-2018 19:48,28-03-2018 20:04,12-04-2018 00:00
871eacc5e01425943ac0b26298b0b899,25e2c3b9b260e4075b6cf64ff700999c,delivered,24-06-2018 22:10,24-06-2018 22:38,25-06-2018 19:33,26-06-2018 23:11,05-07-2018 00:00
84705956de681a2d1420bd90d7667472,bafd51862cb88bd42d499170c2ac35fd,delivered,31-01-2017 14:38,31-01-2017 15:20,01-02-2017 10:04,07-02-2017 16:31,07-03-2017 00:00
7a4caa019e7bb13e8a2c00696be65ec5,58359e541013053d51a9831dc013005e,delivered,06-06-2018 22:58,08-06-2018 03:14,08-06-2018 12:06,20-06-2018 22:12,03-07-2018 00:00
0ea08b72c67b53b70201a88bf14a417c,8334312af31ce890e1662813e392cb9a,delivered,14-05-2018 14:56,15-05-2018 03:55,17-05-2018 11:19,18-05-2018 20:22,25-05-2018 00:00
70f3d00cfbc9cc2a465887a6edeb1149,291077961cb657f8fcee35954f5ee92d,delivered,14-07-2018 09:19,14-07-2018 09:30,16-07-2018 12:50,23-07-2018 13:03,09-08-2018 00:00
181b10d008567cbac5bed22ff54e0299,359488502e8d0f1c203c9add92e75efe,delivered,09-06-2017 09:29,09-06-2017 10:30,09-06-2017 13:25,16-06-2017 15:03,04-07-2017 00:00
e644846cdecdccd138e86d1f488e1abb,15b08956d5af30c644913e452cf6bb01,delivered,24-11-2017 22:46,25-11-2017 01:52,27-11-2017 23:09,19-12-2017 23:56,22-12-2017 00:00
ec4aa6e072a8895dc5f672c6b36052f2,2ed2836220d9ae4f2c27af67953c572d,delivered,30-07-2018 14:49,30-07-2018 15:24,31-07-2018 13:51,04-08-2018 12:31,09-08-2018 00:00
c4cc1f9e57162d961e267cf2f07d2fe1,8e3cc780250f03dc790d7f185c6c60c9,delivered,22-08-2018 10:59,22-08-2018 11:15,22-08-2018 14:09,25-08-2018 12:13,05-09-2018 00:00
ebb616297d99bc328a845d4eee057027,53d636a45b41f7d8b691a98bdecd6978,delivered,28-08-2017 21:10,28-08-2017 21:24,29-08-2017 22:05,05-09-2017 15:53,20-09-2017 00:00
d207a9accbfb1677062f22f106463c33,10804d267da5dd8c39b604a3a21bae90,delivered,14-07-2018 17:42,14-07-2018 18:04,16-07-2018 14:58,25-07-2018 20:48,01-08-2018 00:00
ac0bd3bcb4062dc7bfd025109df9e6e4,a42f35ccbfe49b036589334ed0d904fb,delivered,09-05-2017 14:58,09-05-2017 15:10,10-05-2017 15:50,25-05-2017 10:43,08-06-2017 00:00
0b4aab4ef70208498663141571f68116,e46010c28f8c49202bcf2a0b0347189d,shipped,08-03-2018 11:17,08-03-2018 11:25,13-03-2018 15:04,,16-04-2018 00:00
1acb85231edcc2f8c1904837bb11a3be,13535c35f58cebeb37b5733f30225dcb,delivered,16-06-2018 19:54,19-06-2018 04:17,19-06-2018 10:49,05-07-2018 17:26,25-07-2018 00:00
03ab852861cd75d0a9225c92a3354a3a,4236ba0e8837211a7c2d22719c96bf86,delivered,10-12-2017 10:03,10-12-2017 10:10,12-12-2017 00:41,16-12-2017 17:08,28-12-2017 00:00
dd3f3e7d9dd0bc094ef6741a6255fd6e,d4673d428a33789705f5a5435273f6de,delivered,03-12-2017 22:09,03-12-2017 23:31,05-12-2017 20:09,07-12-2017 16:32,27-12-2017 00:00
995694d9386dba87a71f0229d6b13661,ae8cb050c5b607276fe06effb7476c13,delivered,06-05-2018 12:20,06-05-2018 12:30,07-05-2018 15:59,21-05-2018 22:15,25-05-2018 00:00
c8e19a0edcf6fd34024a2f7fe5f85ef8,19b56789ea957b09b16337c78511dc82,delivered,19-02-2018 18:15,21-02-2018 06:10,27-02-2018 18:17,14-03-2018 06:48,28-03-2018 00:00
b0dd70806e7372c35f599726cb3170cb,58dcb42af4f9db51ba00c28ddf479b3f,delivered,26-11-2017 16:45,28-11-2017 03:32,29-11-2017 23:47,15-12-2017 20:49,15-12-2017 00:00
231f5faa326e8643dc979ef4dcc9cd31,9599f5e43a9b54a82ab4392a0c8e94f5,delivered,05-08-2018 13:33,05-08-2018 13:45,06-08-2018 11:05,15-08-2018 14:18,21-08-2018 00:00
443c3a064cdbe69048772620883f6b8d,3444fddaf81960754e7aaf593cb506d4,delivered,19-04-2018 21:44,19-04-2018 22:11,20-04-2018 16:19,26-04-2018 23:05,08-05-2018 00:00
e44a2113e6f06206c4ae9134ab3f6074,58535189e65825b18fee8a045f64e716,delivered,13-07-2018 15:32,14-07-2018 03:10,20-07-2018 15:07,25-07-2018 16:43,01-08-2018 00:00
c97de78b8ee3343c72b234c57b872408,7dd98d09c536a360c394b8d8e908d9ae,delivered,02-03-2018 23:52,03-03-2018 00:09,12-03-2018 14:58,29-03-2018 21:04,06-04-2018 00:00
83f24bbc4f76a2730ba9c9cfa32e6d07,d49bac4ac7d77b956f2b185ab700fbf1,delivered,27-04-2017 09:09,27-04-2017 09:25,27-04-2017 13:47,04-05-2017 13:20,06-06-2017 00:00
93c83ea3b4b085801b081e301cb244e3,91be5b56d0defe5cd4e15046781768d9,delivered,11-04-2018 17:21,11-04-2018 17:35,12-04-2018 18:54,17-04-2018 00:11,30-04-2018 00:00
ca5824dc67bc4de20753f881aede6b1f,243705e236a65396ce7d8f081bfc53be,delivered,20-05-2017 02:38,23-05-2017 03:23,23-05-2017 15:43,29-05-2017 19:16,13-06-2017 00:00
5e4bfcd38684c04354cdf837b2cf071a,d6bd6bae1fde27686996e46b43f34fc4,delivered,26-02-2018 16:50,26-02-2018 17:11,02-03-2018 01:15,06-03-2018 18:04,16-03-2018 00:00
a7dc01ae91acf2567d1367a25ce303e5,c95a0627341232e6147a84f69c5ebc5f,delivered,29-07-2018 20:00,30-07-2018 18:31,31-07-2018 15:12,05-08-2018 13:08,10-08-2018 00:00
c5b5456c785367bef488a2e46479242a,d8511462421830ed1cee388be55e76b4,delivered,22-04-2018 15:42,24-04-2018 19:23,25-04-2018 15:19,08-05-2018 17:17,22-05-2018 00:00
e1b2a1e9b1061373325666846305ff84,be0a33e2135be2feafcc7c258e413475,delivered,17-08-2017 18:21,17-08-2017 19:15,18-08-2017 12:03,29-08-2017 19:42,12-09-2017 00:00
371d3a892917017b32ada644ba1f301d,4b75108e04b3276463ab15e3633d73e0,delivered,05-08-2018 18:53,05-08-2018 19:05,06-08-2018 14:29,15-08-2018 14:01,14-09-2018 00:00
37e7875cdce5a9e5b3a692971f370151,3fecd6727aed19735e06945b7c3e49c9,delivered,18-05-2018 12:15,18-05-2018 13:05,21-05-2018 16:13,06-06-2018 18:22,14-06-2018 00:00
64669840d01cf19228dbb0bcecfc638e,1224d76e953c07d3b52cdec6a0ae0d21,delivered,03-08-2018 15:34,03-08-2018 16:04,06-08-2018 13:27,10-08-2018 22:38,09-08-2018 00:00
80967070f5cc6d8bbe062cda5b15d84d,955118c4a064ac49d1d86cb81745eca3,delivered,06-08-2018 20:35,06-08-2018 20:45,07-08-2018 10:12,08-08-2018 21:28,14-08-2018 00:00
1d5bea59fdbfbb09905a07530d5a8c10,c8e10b3d0cf55d6c7a181d80b7e7e064,delivered,21-04-2017 10:10,21-04-2017 10:21,24-04-2017 13:28,08-05-2017 10:48,15-05-2017 00:00
96ae30a2357a999e6010b2f1401af374,44ea012b92b665f5f4c775f3f0a63d7b,canceled,31-07-2017 16:37,31-07-2017 16:50,,,18-08-2017 00:00
8d39667dd1c683e4a8b9dc1f16d08cb9,d3d640e9dd196770cd7e5c848e8a8152,delivered,19-07-2017 11:18,19-07-2017 11:25,19-07-2017 19:51,28-07-2017 18:52,16-08-2017 00:00
c14c3f7884d25f88ef34bc018d3accc6,be908210af8ee3355cf14d91d1656986,delivered,30-01-2018 18:33,30-01-2018 18:51,01-02-2018 14:41,16-02-2018 23:53,22-02-2018 00:00
77831afddf2a5ebdda899a6adc91f88f,7d550b5426c420f2974720bcb5889ef5,delivered,15-06-2018 12:26,15-06-2018 13:06,15-06-2018 13:44,19-06-2018 01:53,03-07-2018 00:00
cbfef07a94222ac807384ccf69f988b4,a322a6a643ad00260fbf07da3f0f2bb7,delivered,15-05-2018 13:42,15-05-2018 13:55,16-05-2018 12:40,22-05-2018 15:16,23-05-2018 00:00
4c1bccb42ff068a53ac02ad1109be5fe,e26866fcad952f322729ccd8b71e2758,delivered,11-01-2018 03:57,12-01-2018 16:36,15-01-2018 19:48,16-01-2018 22:36,29-01-2018 00:00
63521dde368b991f973cd4ae332dbe1d,9ba4c0b1c86b786749eb88bb23609566,delivered,08-05-2018 11:22,08-05-2018 11:35,08-05-2018 14:53,15-05-2018 19:48,23-05-2018 00:00
06ed17679c8b0ff15675069ab6217783,15a1e1d176ac754126d54e0c861e5883,delivered,28-05-2017 09:37,28-05-2017 09:45,29-05-2017 10:26,03-06-2017 08:51,12-06-2017 00:00
039ff75de38e514eaa8ffb2618d5227e,de95d380cf871cae8dc79670a84a1bbe,delivered,03-01-2018 08:46,03-01-2018 08:57,05-01-2018 19:45,09-01-2018 19:16,02-02-2018 00:00
76a144984e527482dad02200366231c1,fc291b11a48cdc95783fa95cdc4d6286,delivered,09-08-2017 23:09,09-08-2017 23:25,10-08-2017 17:42,17-08-2017 18:10,31-08-2017 00:00
b54b301e4b2333df9c1e34a99ae270ee,b401fff20fc244a3ddbc89ffd51474de,delivered,26-04-2017 14:43,01-05-2017 22:33,03-05-2017 15:51,09-05-2017 09:46,17-05-2017 00:00
a50baa42994364594f0a002918035aeb,8f80eddc73b9b5abd87ce7a45d829b8f,delivered,09-05-2017 20:57,10-05-2017 02:45,12-05-2017 13:57,20-05-2017 08:29,31-05-2017 00:00
78c82a5b34fde0f0dc8d9d0670b231d6,cf14c812356b6ff9803c25aea2502855,delivered,20-03-2017 11:23,20-03-2017 11:23,21-03-2017 13:41,27-03-2017 15:22,10-04-2017 00:00
5a896322e3b42b9993f240317102cb0a,b58e6202acd5455dd3d4f38d2088f62e,delivered,26-10-2017 17:00,26-10-2017 17:31,27-10-2017 17:33,31-10-2017 19:23,21-11-2017 00:00
4c3c0b124df3a9bbd44a538ec578147b,0306f447354ba6e1012ce4350cb1d8da,delivered,19-08-2018 11:45,20-08-2018 11:31,27-08-2018 11:43,29-08-2018 01:02,10-09-2018 00:00
d47e5fbb24cade152dd968c93b0f0c66,e55ce7b0d217face26f0b2126413a84d,delivered,14-05-2018 19:23,14-05-2018 19:35,15-05-2018 14:45,17-05-2018 01:40,22-05-2018 00:00
74392b22a4cf55ce851b04ca127f6ca6,87d7093b18e14d148582079e7993445b,delivered,06-08-2017 11:51,06-08-2017 12:05,09-08-2017 14:43,22-08-2017 11:15,29-08-2017 00:00
a2189edb3c692c5c1ff9dfcb7a4c2208,da0481fffc899341bd69b4aa17ceb64c,delivered,09-12-2017 23:17,09-12-2017 23:30,12-12-2017 01:18,22-12-2017 19:48,11-01-2018 00:00
4c0516313f88337aef0820e61740d726,4ed1342e230ebe5cb1924ec8e5b68d0f,delivered,01-03-2017 16:41,01-03-2017 16:55,03-03-2017 12:21,04-03-2017 10:52,27-03-2017 00:00
b239d7a386db8ffed15c72578e9d3cac,c88fcf5993f74c364d6b198a06b29be8,delivered,18-08-2017 19:49,18-08-2017 20:05,22-08-2017 20:53,19-09-2017 15:07,14-09-2017 00:00
503b1d55537c749ca776d67d0d765cf9,d0c07be82fd929e1f01e1cac905e437d,delivered,28-06-2018 09:35,28-06-2018 09:51,28-06-2018 15:50,04-07-2018 09:58,18-07-2018 00:00
f8303e6eff198d1749d04649a1eb2bb6,4569e86ad4faba51cadc49ea1657ac3a,unavailable,21-01-2018 20:44,22-01-2018 13:58,,,21-02-2018 00:00
1cecebfadf42798e6036d0d1a708354f,27665657a923f3fb5234cef27540af0a,delivered,07-12-2017 18:38,07-12-2017 19:22,12-12-2017 20:24,30-12-2017 14:49,04-01-2018 00:00
ff54b9c09ea01ff4a6998163e9822b79,61eb73b3aa56811b865abef59f7ef640,delivered,29-05-2018 21:46,30-05-2018 16:16,01-06-2018 13:23,11-06-2018 20:28,04-07-2018 00:00
569749247450c1251fdd11128a1bb2bc,d8a3b8bc08f3b315105a58bd347871af,delivered,12-01-2018 11:22,12-01-2018 11:31,15-01-2018 23:56,25-01-2018 00:29,16-02-2018 00:00
03e707d64a286c3fbad59b8c89cafd95,52857131a4ec3f7a9ffcfdfa5d417ae4,delivered,24-03-2018 09:52,26-03-2018 12:30,27-03-2018 21:32,17-04-2018 19:48,18-04-2018 00:00
b4623f97ac826702ad476db053f76c84,423a14e6fa2adec3fefe8c46c9026edf,delivered,07-08-2018 17:27,07-08-2018 17:45,10-08-2018 19:07,13-08-2018 14:36,16-08-2018 00:00
26887eda6470e8f186f3155b2b3116c8,13c08a7658ca3f40cfc338bb956e2cc4,delivered,17-08-2018 14:04,17-08-2018 14:47,17-08-2018 14:51,22-08-2018 21:22,29-08-2018 00:00
9c7950262e87089fd79aef7d4e4cd6e0,26188f96d7835fa7760ad5fc85f1fb5e,delivered,17-03-2018 17:31,17-03-2018 17:49,19-03-2018 23:03,23-03-2018 21:16,05-04-2018 00:00
9b7dc894401e705fca11db5f78a1c54b,b07413755f95c395799dc2da2f9ad06e,delivered,28-02-2018 20:54,28-02-2018 21:09,01-03-2018 20:35,06-03-2018 12:49,23-03-2018 00:00
9bee2a0789ef47ce6515c171c803a285,fb28fb8b06eeedf8e25812ba5380872f,delivered,04-09-2017 13:35,04-09-2017 13:50,06-09-2017 20:04,25-09-2017 21:33,28-09-2017 00:00
17b3a989f0a87769c633d0ed07ad1319,bd3bd5c7496111bd76518b9c9868e462,delivered,06-05-2018 17:48,07-05-2018 09:13,07-05-2018 15:24,09-05-2018 20:11,17-05-2018 00:00
80c7a16d8b2eed5720ce819c547229b9,c76a730bf9caf9a71c30b476fd809494,delivered,31-08-2017 15:16,31-08-2017 15:30,01-09-2017 18:17,11-09-2017 20:37,22-09-2017 00:00
73c182f8914a0064d6c64ad65e4c6942,f51c6d9e24e077d5755ac7abdb209b1e,canceled,08-02-2017 00:53,08-02-2017 01:05,,,15-03-2017 00:00
b43a98a6615a9a0319f5ec81a6e5d666,7842cf4e1725f54e49052c3d2bf2b2fa,delivered,22-01-2018 17:51,22-01-2018 18:16,25-01-2018 15:52,06-02-2018 19:35,19-02-2018 00:00
1621d8e6b777a7b525ed73c73ee564b9,8d2feb200cbe341f3e381de33cfe02a8,delivered,17-06-2018 18:26,17-06-2018 18:35,26-06-2018 14:31,27-06-2018 19:28,05-07-2018 00:00
1e0fdb7395b6eab4335b7a41b88813e4,0f87c14e91f558b71fcf73e6918f311f,delivered,25-02-2018 12:13,25-02-2018 12:29,26-02-2018 20:35,27-02-2018 20:22,12-03-2018 00:00
b32fad437a7904a2ddcafb3f0d23fed3,8182b66eeb4f305a94c432210a6b3566,delivered,26-10-2017 10:13,26-10-2017 10:29,27-10-2017 22:49,04-11-2017 00:45,17-11-2017 00:00
97258b92dad9851d26d0a0eed03c22da,32b8620bbb7f33dfc8e41ee075842fdf,delivered,09-11-2017 12:15,10-11-2017 03:10,10-11-2017 22:23,13-11-2017 17:26,23-11-2017 00:00
745937e30e1ee0f0fbe8a4225fd2dbe4,1ac9334d7764d4cd6c0bf3d0deb21929,delivered,23-04-2018 13:22,24-04-2018 18:05,24-04-2018 23:58,04-05-2018 16:33,08-06-2018 00:00
34c3abee8d77fe0a974fdfa816078235,f98b0694c7517f313358ea9f05f47612,delivered,15-08-2017 11:40,15-08-2017 12:05,24-08-2017 12:08,28-08-2017 16:57,04-09-2017 00:00
ce4efb4625d3d33a367d95cbc27cdef2,1b7f8d3f31d13251841892ac1cd759b6,delivered,12-08-2018 18:31,12-08-2018 18:45,17-08-2018 06:55,25-08-2018 17:47,10-09-2018 00:00
5d2d00e8bfcca1d76a0335b147b1d020,0d10a0cda45ad0f4447a6dba4390b09d,delivered,09-12-2017 20:39,12-12-2017 03:49,12-12-2017 23:41,28-12-2017 15:42,11-01-2018 00:00
10b7f107ec36cc780f9ef313a337a7bf,9f0ad38f4f1a9d5677c296cfaee107ed,delivered,10-11-2017 10:55,10-11-2017 11:08,14-11-2017 20:14,21-11-2017 21:19,01-12-2017 00:00
0919371859b3150228068cde3b07c122,8be17a073e7cd65a10e13bd307a20592,delivered,04-06-2018 20:59,04-06-2018 21:12,05-06-2018 14:46,07-06-2018 15:51,28-06-2018 00:00
f1b5a776430ea0b0ac4ada8349125900,995c452b5846644306763c4476249918,delivered,18-08-2018 12:25,21-08-2018 04:50,22-08-2018 15:19,23-08-2018 14:28,27-08-2018 00:00
9149cd995e116bfe5be90e2659e468a0,345c50dfee7c90b40557f26ff33b2145,delivered,23-03-2018 11:21,23-03-2018 11:30,28-03-2018 21:56,02-04-2018 22:37,11-04-2018 00:00
d6e4899000744aee28d41363a581e3c2,3f4fc8799a67c8500c491d9822e365fb,delivered,06-08-2018 19:11,06-08-2018 19:24,07-08-2018 07:52,08-08-2018 16:55,20-08-2018 00:00
6e6c4dabb25cc7d0d5792e6c6a0712ce,9877437582f263da7d7e30a90c57b8bb,delivered,11-04-2018 22:08,13-04-2018 12:35,16-04-2018 20:07,23-04-2018 18:38,03-05-2018 00:00
567320164aa96555310f5c8ed6e8c5d7,1ba3670c68bda95d41ac806d86976ab0,delivered,04-03-2017 14:03,04-03-2017 14:15,08-03-2017 07:16,14-03-2017 13:00,29-03-2017 00:00
c68482199495e3a57ca04d15b0159808,ad0dbbc49ba11e1ee93a974f6be5c81f,delivered,10-03-2018 19:54,10-03-2018 20:47,14-03-2018 01:10,26-03-2018 17:28,28-03-2018 00:00
fe9eb7fc7765ab4b09f817fda0b63089,80db8c7a7ea6b11ca4c65cc2b93a6dc0,delivered,04-12-2017 14:37,04-12-2017 17:07,05-12-2017 17:58,13-01-2018 00:45,02-01-2018 00:00
e3cbbe0fedd9fcbe7450e0c2943beb3d,44854eab6adfdaa63e9f4d6d59040585,delivered,06-05-2018 10:07,08-05-2018 04:15,10-05-2018 09:36,14-05-2018 14:28,29-05-2018 00:00
503ff9670f30b2971bcb5df703a3f405,4ba2b0197b5e437ae42e625a89ebaf41,delivered,16-03-2018 14:33,16-03-2018 14:49,19-03-2018 21:08,23-03-2018 19:32,09-04-2018 00:00
aaabf43feb9498d9de4588eb73231c25,85204a33560ea671ee5df3dc91c8361b,delivered,20-06-2018 22:07,20-06-2018 22:59,21-06-2018 12:10,05-07-2018 22:08,18-07-2018 00:00
131bcb82ecd96d251fa7eb8bb1f1baca,24dd6be58b4717018fa8062703561b76,delivered,14-09-2017 10:29,14-09-2017 10:45,18-09-2017 23:54,07-10-2017 11:37,02-10-2017 00:00
a9fd47117c3f6b4e72456d5331e2bfb1,779609a1ecaee6f5ea1b6e50359c0aa1,delivered,01-02-2018 15:10,01-02-2018 15:34,05-02-2018 21:43,14-02-2018 22:36,23-02-2018 00:00
b62fb8675350e9d26562d21d74f310bc,196589770e3a1f3bec937543f965046b,delivered,27-04-2018 15:42,01-05-2018 05:32,02-05-2018 15:20,08-05-2018 19:44,22-05-2018 00:00
3de92648437ce8d6e9d3b60f36cfa537,92ff4a1cd03e989698328acb4c3fc46c,delivered,02-05-2018 20:47,02-05-2018 21:18,08-05-2018 12:25,14-05-2018 16:19,30-05-2018 00:00
2907ff34cf73f01cce80c9b882cb5e8e,26b6ab78a5d35d8e01b2c42bd69f21c9,delivered,18-12-2017 14:29,18-12-2017 17:01,20-12-2017 21:03,26-12-2017 18:08,11-01-2018 00:00
3c6c4d8395cd1b0c68ffa02fa1446367,f43e2faac72ec3438198e51325ab362c,delivered,17-07-2018 09:01,17-07-2018 12:01,27-07-2018 12:46,15-08-2018 17:58,10-08-2018 00:00
4c8b9947280829d0a8b7e81cc249b875,403c35c4d8813bf67b3d396b91ca1619,canceled,09-08-2018 14:54,,,,21-08-2018 00:00
dd9934c610c4363619b6b0f850365725,844a7e5d2737f2f6667a5242486cbcb1,delivered,30-05-2017 09:39,30-05-2017 09:50,30-05-2017 11:22,09-06-2017 15:03,22-06-2017 00:00
d248ddd0378083cb6c2bc7b9881d37d4,7195a1af3384ded47cea23f53d91405f,delivered,27-02-2018 15:06,27-02-2018 15:15,28-02-2018 20:38,22-03-2018 12:03,29-03-2018 00:00
b2bc998b56f86f7a3ef8b749c17506e1,c6747b392110a7fba076c62c67425a35,shipped,19-06-2018 20:01,19-06-2018 20:16,20-06-2018 16:23,,20-07-2018 00:00
ee6af09338de47dd746f2cbbc8f18aed,26c06d7ad51b1878a7a322c755140b01,delivered,28-03-2018 08:33,28-03-2018 08:50,29-03-2018 18:27,02-04-2018 18:33,16-04-2018 00:00
6e8bc07b95e2bb07cf9c1fcd3684e34c,5960c2fa7ac05beabd503c2b556f4852,delivered,19-03-2017 16:19,19-03-2017 16:19,20-03-2017 12:45,20-04-2017 18:47,25-04-2017 00:00
d951a2eceb245c4227c3d633d4a440f2,d89d01207332ba4362dad5ba73b8c00c,delivered,14-06-2017 02:03,15-06-2017 02:02,20-06-2017 17:42,27-06-2017 14:59,07-07-2017 00:00
c989e24c9410a2b62a87193404fe2142,c910acb1f0a1e59de924a7a8e643b9fe,delivered,12-04-2018 14:03,13-04-2018 12:50,13-04-2018 23:13,14-04-2018 14:11,02-05-2018 00:00
b3294cf5c413e45a9f56014be323601c,c18c0f8c117dc0553bb35bf11bb127dc,delivered,09-12-2017 00:38,11-12-2017 01:31,12-12-2017 22:58,17-12-2017 11:16,28-12-2017 00:00
be33d865802b05e364fc5f46166e5acf,1a002323bd40f93378ee1824e2343798,invoiced,03-04-2018 13:55,04-04-2018 03:29,,,27-04-2018 00:00
b0fdd351585763ef1abb582c19964a5b,43f325439491c5fe8bf36e5c6977665d,delivered,22-02-2018 13:46,22-02-2018 14:29,23-02-2018 23:52,24-02-2018 14:42,08-03-2018 00:00
6607f6d4afbc0216ccbcddc0d9e7e0ba,22539012aa9331d6f191199d19685fa6,delivered,17-12-2017 23:56,18-12-2017 00:58,18-12-2017 23:59,09-01-2018 03:43,15-01-2018 00:00
c16256c7228171d97729420953ec9536,1023dd567f41a452ce0c70f981369c63,delivered,08-12-2017 00:54,08-12-2017 01:32,08-12-2017 23:57,18-12-2017 21:35,08-01-2018 00:00
0ad3fdda3076a1be91b13c89f2049266,8475bc1245abac7e49488d01f3b8f98e,shipped,04-08-2017 13:36,04-08-2017 13:45,07-08-2017 20:42,,08-09-2017 00:00
83df1c60b1394882b9a376fa1ddd152c,7c877977fd808529b66886f0ff111575,delivered,03-06-2017 15:30,03-06-2017 15:42,06-06-2017 15:05,05-07-2017 15:39,28-06-2017 00:00
d6d8407991795dae4a5aeed8e2173285,0eb240afc0258746140d3a40a3da3e49,delivered,20-08-2018 23:58,21-08-2018 00:11,22-08-2018 11:40,27-08-2018 17:49,11-09-2018 00:00
aefdcf39aab5b3cadf59cdf0eafcbcb2,f90299c58cb4d96d99fcaee763520ac7,delivered,19-07-2018 11:51,19-07-2018 12:03,19-07-2018 14:43,24-07-2018 19:31,02-08-2018 00:00
e18cc7fc5eb938dd26feb68acbf88642,78c752c3702250b9e50dada2aeb037cb,delivered,04-01-2018 23:09,04-01-2018 23:28,05-01-2018 14:39,17-01-2018 20:31,05-02-2018 00:00
c724a4299403a06db6a91f12801f845a,1545bded706d3f0871eaf9d677090e7d,delivered,05-12-2017 17:10,05-12-2017 17:31,07-12-2017 00:38,19-12-2017 01:38,04-01-2018 00:00
7877dbdb45b5fe2dcaa08551f96048a3,dcd6f19e0172cad2d541e453485ec5c5,delivered,25-07-2018 11:11,26-07-2018 11:05,26-07-2018 14:01,27-07-2018 18:03,03-08-2018 00:00
d860fd3dc065e22ac79622d39d28e1bc,99fd37744ebeb8563299b54c2d985c38,delivered,08-01-2018 10:22,08-01-2018 10:35,15-01-2018 14:57,31-01-2018 17:23,06-02-2018 00:00
3b28722276b5d42721d0122d688f518a,df069d90f54fd028ab312f6f8978cc17,delivered,02-03-2018 09:47,03-03-2018 02:51,05-03-2018 13:33,15-03-2018 02:07,20-03-2018 00:00
8a32a50c6b4576d818f3e7b9e077aac2,a3e6a84c624d9e25cb5ef7eb8bca4e17,delivered,11-04-2018 12:44,11-04-2018 13:09,11-04-2018 23:37,17-04-2018 21:46,02-05-2018 00:00
e5fa5a7210941f7d56d0208e4e071d35,683c54fc24d40ee9f8a6fc179fd9856c,canceled,05-09-2016 00:15,07-10-2016 13:17,,,28-10-2016 00:00
dbb786efd821d7f903d79cb502ba3083,0e4fd4d8d6afeecc119bb53e5b119169,delivered,02-08-2018 19:14,02-08-2018 19:25,09-08-2018 15:09,13-08-2018 16:54,08-08-2018 00:00
dba3740d39b81258d8230a4889bd0fe2,5a0192b98aa54244a703ca5464b21cc6,delivered,05-08-2017 12:55,08-08-2017 04:05,08-08-2017 22:17,17-08-2017 18:43,13-09-2017 00:00
e235f2f2440fa2abd4c0777a2fda1026,a521b24543a0798c2e47274b14267f40,delivered,09-10-2017 18:47,09-10-2017 19:49,10-10-2017 18:53,16-10-2017 21:03,01-11-2017 00:00
d9f134a34fb4b3cfd95550b4785e8d05,d1627fd392eb9366792d5e988253b095,delivered,20-07-2018 21:09,20-07-2018 21:23,23-07-2018 14:32,28-07-2018 20:08,13-08-2018 00:00
76153bb37ce5c7c61ce83908366dc5f4,ad2f508b776948752cf4d526001bc90c,delivered,04-05-2018 16:43,08-05-2018 04:14,10-05-2018 14:25,21-05-2018 15:24,04-06-2018 00:00
225ab782cbf978534e852f511cc46fd0,957239777a7f01c21a58b82a032644b9,delivered,17-03-2017 16:04,17-03-2017 16:04,20-03-2017 12:47,27-03-2017 11:13,12-04-2017 00:00
2f62dbff060e1fc79791d3f079b62769,aa9c4bc7cf8c8f30bb449b7511860ba8,delivered,03-10-2017 23:44,04-10-2017 00:04,04-10-2017 20:52,10-10-2017 21:47,30-10-2017 00:00
57597099a6ac29d8c13878e3945ce6ad,542aa5f01059b90eed54478235ef5a13,delivered,09-11-2017 09:40,09-11-2017 09:50,10-11-2017 17:56,17-11-2017 19:14,04-12-2017 00:00
b095c03b6a10243a06c58f3f8d2b668f,c822022a84fecb35f7f4a6b9d77baa40,delivered,14-01-2018 14:20,14-01-2018 14:29,15-01-2018 23:13,21-02-2018 22:03,19-02-2018 00:00
49be32fc8ebc94c8e0de530d87883bb4,48785398e9e99d0d61c7e1e48ebca342,delivered,06-03-2018 19:25,08-03-2018 02:29,08-03-2018 23:17,28-03-2018 17:47,27-03-2018 00:00
7e994fde493b3bd44fa065bcf39fe904,71ce2ac1bd1b5610e994eb279793f1b0,delivered,08-05-2018 18:54,08-05-2018 19:12,09-05-2018 11:45,14-05-2018 10:52,24-05-2018 00:00
fe5ec7a1127620c4aea8f40033e7cfbc,df10e45a7a9add64e5e65bbc0b37aac8,delivered,19-02-2018 21:23,19-02-2018 22:27,21-02-2018 00:13,15-03-2018 00:39,14-03-2018 00:00
c3cf2a2c2e8b5cfbe960f65bf800b91a,9ca3c3cb222efba635805f6fefc8961e,delivered,24-02-2017 18:02,25-02-2017 06:45,01-03-2017 11:13,06-03-2017 13:12,17-03-2017 00:00
9b2d3a2e24dbac479d430298eb8905a6,e3ba5dc186f78dc33ea7d927d8005119,delivered,08-04-2018 17:34,08-04-2018 17:49,09-04-2018 19:09,12-04-2018 16:33,03-05-2018 00:00
0fe61eaf67314ed2f6b045d2365bba42,b0d7145ee05b66d363b3969d882dfce0,delivered,11-01-2018 22:51,11-01-2018 22:58,12-01-2018 21:38,16-01-2018 22:10,26-01-2018 00:00
8c8a24bf308761df290a5503106a8ae3,660d00e856b634e54e0dad583b10483c,delivered,02-05-2018 22:55,03-05-2018 00:04,03-05-2018 16:38,07-05-2018 14:20,15-05-2018 00:00
a0be4f22d143bef8121980995eaf15c9,d123e124664159a19da41685ea47a13a,delivered,09-03-2018 22:32,10-03-2018 22:30,12-03-2018 22:09,29-03-2018 20:18,24-04-2018 00:00
ee9e4a1d1929cc2d8d2f8c2a1cb3cea6,282c9df81d9e83eb605bc3804a262266,delivered,24-08-2018 14:28,24-08-2018 19:50,27-08-2018 15:12,29-08-2018 18:02,11-09-2018 00:00
6002f27b7795af4f2bd4da90aca5a958,f1101e2dfd2d23dc07f79cfe14e2535e,delivered,31-05-2018 10:13,31-05-2018 10:30,15-06-2018 14:25,20-06-2018 15:46,11-07-2018 00:00
aa1849549928a6c6d3f8b27f1bcf3a22,92c4389a799f9f07a254d8c7519106eb,delivered,10-08-2018 10:22,11-08-2018 02:44,13-08-2018 14:43,22-08-2018 17:32,24-08-2018 00:00
eeb395f21c0508f1593722cd5058462b,3afcd4f9f9411b8cb8f1d250b0a6f6c2,delivered,30-07-2017 21:20,30-07-2017 21:36,31-07-2017 16:30,08-08-2017 20:23,22-08-2017 00:00
06c8b01414c769ebb36a9cd0fdb97baf,9bfb255b9b882baed6b515d644f93f45,delivered,25-01-2018 22:30,25-01-2018 22:56,29-01-2018 17:04,31-01-2018 22:06,09-02-2018 00:00
ecc72b676b14179b5bd30e446043c1d2,649ad21522182e99c6923493d5d181ca,delivered,11-11-2017 21:04,11-11-2017 21:15,14-11-2017 20:09,17-11-2017 21:32,01-12-2017 00:00
6ee453b121f65674cd0525457f985513,e291edf34157e0773966d8df69674414,delivered,14-08-2018 23:26,16-08-2018 04:35,17-08-2018 12:32,27-08-2018 14:28,17-09-2018 00:00
c1dd50c37114a20341bbf901157d726d,e506618caa63a29ae2cc528536f0d11e,delivered,16-06-2017 16:29,16-06-2017 16:45,21-06-2017 11:39,26-06-2017 16:06,10-07-2017 00:00
4897e89eeabd9f378a6c3fb314f441f2,1181666aa724f10233a91c2d04a13ece,delivered,07-03-2017 15:13,07-03-2017 15:25,07-03-2017 17:01,10-03-2017 04:57,24-03-2017 00:00
ebca4856d6b3b849437fe99d11633d25,4e38e9f25b539d9529b38fef4e62b3d4,delivered,01-04-2018 21:29,01-04-2018 22:10,05-04-2018 18:42,30-04-2018 20:39,24-04-2018 00:00
d99c420247e75649dd121c367f391348,1622d70ef3cb92db3316803ecfc7671e,delivered,06-09-2017 15:36,06-09-2017 15:50,12-09-2017 19:41,15-09-2017 12:57,19-09-2017 00:00
1f04bac535b51d50ba5a22cddc3a52ff,353090141e210cf202e8666fe8835a63,delivered,15-07-2018 17:19,15-07-2018 17:30,17-07-2018 14:52,26-07-2018 17:32,07-08-2018 00:00
71dc9d3a6d378bbde8b7629eaae7c3a0,98fef27881bd8e167eae933b2893c6e9,delivered,23-04-2018 00:14,24-04-2018 17:22,10-05-2018 13:20,15-05-2018 18:12,17-05-2018 00:00
7ff63764a6de6e9a5fde1c76cf5650a7,f0db968ca669b9bd241c27a383092d9b,delivered,12-06-2017 09:07,13-06-2017 03:55,30-06-2017 14:43,19-07-2017 20:57,13-07-2017 00:00
0d92f9c47e96d946ca421dd3ea531b2a,21340bc68e361154e5329c3c655dca4f,delivered,30-07-2018 14:17,30-07-2018 14:30,31-07-2018 14:12,07-08-2018 18:55,13-08-2018 00:00
fca7b989b55ec495fc04ef8344bdb7d9,a3d11dbcd9f16d462fc5835c36880940,delivered,09-04-2017 11:23,11-04-2017 03:55,11-04-2017 13:13,20-04-2017 12:08,17-05-2017 00:00
0a53864d69001a165085a6488ab75469,218748ee4a5388be76c4b35fe97f92e1,delivered,16-01-2018 12:38,16-01-2018 12:52,19-01-2018 16:29,30-01-2018 19:58,01-03-2018 00:00
a93517c2ce1c5cf1b4d0f513f712e6dd,a0d38bf433ba23da2f77930d36f9c4b4,delivered,20-01-2018 17:34,20-01-2018 17:44,23-01-2018 00:12,05-02-2018 23:17,19-02-2018 00:00
3fb69957411be975a0316256df7f797b,d35d8c2ec3ab248822ef4b2303014292,delivered,30-01-2018 09:31,30-01-2018 09:55,01-02-2018 17:52,19-02-2018 17:16,23-02-2018 00:00
ffbe8a51afd59fa93224d1c6bc987aee,a6195f49275f8f8b2e54557531722145,delivered,02-11-2017 16:31,02-11-2017 16:45,06-11-2017 21:21,09-11-2017 23:07,24-11-2017 00:00
f47b9b38f1a8dca00dd9517273fe0f68,d18eeac6c6fc1b0175d6b7193e1f0467,delivered,29-07-2018 19:20,30-07-2018 16:25,31-07-2018 13:07,01-08-2018 22:04,02-08-2018 00:00
a1f115db2222fcb78c129bf36d76d4dd,1bfe620be823518320575a61861437ea,delivered,11-11-2017 09:43,14-11-2017 04:10,14-11-2017 16:54,23-11-2017 19:35,05-12-2017 00:00
9951937ab72b12a841cb4f931ac8bfbc,13506b60f881b8e29029ce92283dd398,delivered,05-08-2018 20:02,05-08-2018 20:15,07-08-2018 11:50,15-08-2018 02:31,24-08-2018 00:00
19838cf50dea89006e54a386a31287b2,0c97980a30d97a6bfda61a4f10264bc7,delivered,18-04-2018 12:53,18-04-2018 13:10,26-04-2018 15:50,28-04-2018 14:28,09-05-2018 00:00
8df939e36ea427df61f31f39e08d2715,85999e21f35afba0a59df01c97727433,delivered,22-03-2018 21:10,22-03-2018 21:27,27-03-2018 00:36,02-04-2018 20:08,27-04-2018 00:00
0ca4b3b797fddd6288abcd726e5669e3,b2b204350c535ec8e130d1e42dba1bed,delivered,21-08-2018 18:02,21-08-2018 18:10,22-08-2018 14:43,29-08-2018 15:12,03-09-2018 00:00
7bb63f3e1c995473fbe6450a65fd8cfe,b23e3f110598a3783b8bf7cf6e342d31,delivered,14-02-2018 17:16,14-02-2018 17:30,15-02-2018 20:09,16-02-2018 19:59,26-02-2018 00:00
9dec1346eeebe57e1353b6c2dbc06f94,7513c4bb10a41cf4fae9d29535e31fa7,delivered,06-07-2017 14:25,06-07-2017 14:35,07-07-2017 16:59,19-07-2017 16:57,26-07-2017 00:00
79f92b33bbe0c43264104fc5ee0b10b2,affc3fb17d0d6e55db542c0b1713bc6a,delivered,13-05-2018 11:48,15-05-2018 04:34,15-05-2018 15:39,18-05-2018 15:32,29-05-2018 00:00
ecfa045372b27e442363234001d022bc,59a83d4def5f8b7b0e745f66b429b5b4,delivered,11-03-2018 14:23,11-03-2018 14:35,12-03-2018 14:56,22-03-2018 10:38,11-04-2018 00:00
085bc46be56c7b3c4d5d805843d02e5e,bd80c756ce1d4487087d59f88ebb9ea7,delivered,04-07-2017 18:48,05-07-2017 17:43,06-07-2017 16:27,10-07-2017 19:12,26-07-2017 00:00
28cbc68ed62d4454655aa41bb0941aaa,723aafdd1030cac40ade9dfdce60cdc8,delivered,29-12-2017 22:51,29-12-2017 22:59,02-01-2018 19:06,09-01-2018 17:35,30-01-2018 00:00
b704eaf4ae9e9716ead0088db45a9b40,01d22419c452ad55702fa5a9a81a4423,shipped,21-04-2018 23:22,24-04-2018 18:57,25-04-2018 12:38,,14-05-2018 00:00
d4181bfdc2de0b7a83418bb197ca5334,c2858ae4e6680baa31f5a6cabe4b8055,delivered,25-07-2017 16:56,26-07-2017 16:50,27-07-2017 15:16,05-08-2017 14:12,16-08-2017 00:00
78b271a8afaace85021c40cf6adb61a2,1b66ca957166eb1f0c86e95c20d339c7,delivered,23-06-2018 15:15,23-06-2018 15:38,26-06-2018 14:34,29-06-2018 22:06,20-07-2018 00:00
b4d6bee8b34f0daf1309fc764051cce5,b87ab7515bb1025b80d8f9bc5c860f83,delivered,08-04-2018 21:25,08-04-2018 21:35,09-04-2018 15:55,20-04-2018 17:29,07-05-2018 00:00
14066026f08d98c3316b5b8637282529,746ed0a7c874bd450e922647085e4d9f,delivered,25-03-2017 18:02,25-03-2017 18:15,28-03-2017 14:13,04-04-2017 16:06,18-04-2017 00:00
12d8f84b2205c7654fdf6768718d243d,0cb1ec7f7b0d209fdfbb7c3592b32634,delivered,28-06-2018 21:51,28-06-2018 22:10,29-06-2018 12:29,10-07-2018 20:21,26-07-2018 00:00
2132d7599832dd6bc845a7efd6f6d446,8a01af238f4fc14ba37f1a26a1f2950f,delivered,16-11-2017 13:23,16-11-2017 13:55,22-11-2017 01:11,25-11-2017 12:26,08-12-2017 00:00
d9a34b9554a76f98e59becbf5b49a871,f607992590df1ce8b149279c589e2421,delivered,02-11-2017 13:09,02-11-2017 13:25,07-11-2017 10:32,15-11-2017 14:09,29-11-2017 00:00
ca7adf1201471598788f746ed74c825b,cfbef476e3977219a4db308d8decc763,delivered,24-01-2018 12:34,24-01-2018 15:18,30-01-2018 12:26,31-01-2018 19:22,08-02-2018 00:00
7d8f5bfd5aff648220374a2df62e84d5,a67a246af6ba598a14cc86df3c0354ee,delivered,12-05-2018 22:27,12-05-2018 22:50,17-05-2018 12:28,01-06-2018 19:07,20-06-2018 00:00
4140060a1718f4c780ee5a5459298e3f,74eae62b206448b12dd70a65e1da7c23,delivered,06-03-2018 09:21,06-03-2018 09:35,13-03-2018 01:41,19-03-2018 18:42,28-03-2018 00:00
995cb1fde464cb3683cf2902d8827a13,985b35e7309802e954547d2f6fdfe9e9,delivered,15-07-2018 21:00,15-07-2018 21:15,16-07-2018 15:29,25-07-2018 21:41,02-08-2018 00:00
14cef40ef56939096a73790b10938a79,874c29725c71cec67452885cfcf67d53,delivered,25-04-2018 15:52,25-04-2018 16:53,27-04-2018 15:00,08-05-2018 22:21,14-05-2018 00:00
b37d46f83322f86eae75b766a515cffe,25a52f95724799f5b375932dfb65c5f7,delivered,03-03-2018 23:19,04-03-2018 00:00,06-03-2018 18:58,29-03-2018 17:44,16-04-2018 00:00
40b2dd4813a685a119ff6fd2d213ca88,1abf6e7692428fe41add0d40154d2831,delivered,23-07-2018 20:03,25-07-2018 02:45,25-07-2018 15:52,30-07-2018 18:28,10-08-2018 00:00
7b5128e25d9aecefbe3ed7b42f1daeb4,e17fbd2f4fd5efb2fec96e91cf9b20de,delivered,07-08-2018 12:06,07-08-2018 12:15,13-08-2018 09:13,21-08-2018 20:41,30-08-2018 00:00
4405341a3e7abe465e9f0a63d727dbe4,873dcf6ac219081c5b3dd8bc564b2534,delivered,09-02-2018 14:38,10-02-2018 02:49,21-02-2018 11:36,05-03-2018 22:37,16-03-2018 00:00
b4351b639f2b08615cf0af316b7fd590,5883ec31904f13a6b87af78ca0f65e05,delivered,02-11-2017 19:39,04-11-2017 06:55,07-11-2017 18:58,13-11-2017 16:58,24-11-2017 00:00
dd7fbf8b53b7ffa059c926a77c42f04f,b0d59207d44937209cca2887ab613f5b,delivered,28-08-2018 14:01,28-08-2018 14:15,29-08-2018 15:08,31-08-2018 02:04,17-09-2018 00:00
b1bd0e86ea8b4060e4e7c5684202b656,b3c8ed4840e19fb161faca3b4ed4cfa8,delivered,16-11-2017 13:02,18-11-2017 02:15,29-11-2017 23:37,18-12-2017 23:57,06-12-2017 00:00
69a236fbbc4a603ebfa4468a3bdcb140,1bd6b1b425cc25c6e0c79f68d28fe2fb,delivered,25-04-2017 01:46,27-04-2017 10:32,26-04-2017 09:11,03-05-2017 13:39,25-05-2017 00:00
188368c093f06fe58e813bd61137b3e1,ec1b208f54047679c3b2c982e22872d0,delivered,13-10-2017 21:51,13-10-2017 22:07,18-10-2017 22:07,25-10-2017 22:18,13-11-2017 00:00
ee6059ea51c2fe6fa582bfee8d1a725e,b3ebc63c630e8af49ff5cba1f321928e,delivered,15-07-2018 00:05,15-07-2018 00:24,20-07-2018 13:10,25-07-2018 16:19,07-08-2018 00:00
d75ec4cf8c3c2afb8cd60498e725dfe3,9bedce134cd25ed7df6fd43a51c8d76d,delivered,29-07-2017 11:14,29-07-2017 11:30,17-08-2017 21:46,23-08-2017 19:42,21-08-2017 00:00
95d3fed955a6724308700ab281998533,03a6ba2837612c689cd65be392b84084,delivered,21-06-2018 20:55,22-06-2018 02:37,29-06-2018 14:03,04-07-2018 16:32,26-07-2018 00:00
a5b65501699091dc28e4499a0b143963,510b491c7782d235d7eb8c68178dfeab,delivered,10-11-2017 01:12,10-11-2017 01:26,10-11-2017 19:04,28-11-2017 00:28,05-12-2017 00:00
85841af0d94e5d0cd3a9c0e42e565b74,603dd05a409bcfe63ca922996c72bdfb,delivered,05-10-2016 22:39,06-10-2016 16:03,10-10-2016 16:03,13-10-2016 16:03,25-11-2016 00:00
665f27cd53c438276f8d03532bdaa047,021212b1c2f127ec287d99fa9f6346e6,delivered,03-04-2018 17:16,03-04-2018 17:30,04-04-2018 23:06,06-04-2018 00:12,19-04-2018 00:00
fee04510f8e4bd36d10789bdbe55eae2,355acc2c291066f4d41f954918f11eef,delivered,24-08-2017 19:56,24-08-2017 20:10,29-08-2017 15:58,31-08-2017 17:38,15-09-2017 00:00
2ffd4bf0fbadf9acf274c27d822697ca,aab70b85acd198f5a41f3e9f2e34a63f,delivered,06-05-2018 21:08,08-05-2018 19:34,10-05-2018 18:29,18-05-2018 17:12,30-05-2018 00:00
e1d052f0519179744d19f35c1d848ff5,72595e3c621f07680012749b4c1b5904,delivered,09-03-2017 17:26,09-03-2017 17:26,10-03-2017 09:04,17-03-2017 12:55,28-03-2017 00:00
8f7d40ce4fdd837cf8c757a14fa92154,95c6b1512c5abd1deb0e1d8182d5c32d,delivered,26-03-2018 09:37,26-03-2018 09:50,27-03-2018 02:13,02-04-2018 12:52,12-04-2018 00:00
d5059794ce5ef544e6c29ad80d4785d4,df1dd9459e63a85ace04bbd514246db7,delivered,14-09-2017 23:20,15-09-2017 23:25,18-09-2017 14:20,25-09-2017 18:43,06-10-2017 00:00
279eab1ce88064419806859e4575a10e,dda1c4364d7687bcc98ca8984550b081,delivered,17-04-2017 07:42,18-04-2017 03:51,05-05-2017 16:02,18-05-2017 05:59,10-05-2017 00:00
f62aae152b6b5527f7516b34bbf154e2,9bb7c4f2cdbf2d4f9066b806594cf1b2,delivered,15-03-2018 14:09,15-03-2018 14:29,16-03-2018 17:55,27-03-2018 17:36,03-04-2018 00:00
eeb2e664debf2c0bd41c970e2122858a,7eae0e943f8fc8ef273e928ce0b12ffc,delivered,18-10-2017 13:35,18-10-2017 13:49,24-10-2017 21:18,30-10-2017 13:25,06-11-2017 00:00
bbd5320df89920817b0cc073770a9c8f,220c0d585ecee4fa50f3c996c16432d4,delivered,12-01-2018 16:30,12-01-2018 16:50,15-01-2018 17:52,18-01-2018 20:33,02-02-2018 00:00
c7d894c7be2eb461fb04d81e82f0814d,d74d925687122c0d1cc677e244620341,delivered,28-02-2018 20:09,28-02-2018 20:20,06-03-2018 01:08,14-03-2018 23:48,19-03-2018 00:00
776a18d9c6d83661a0f788e219f4acba,f7e12fa6272eb4c6f54c7d8aadab4349,delivered,29-09-2017 01:56,30-09-2017 02:36,03-10-2017 00:15,06-10-2017 16:10,24-10-2017 00:00
d27c2efd9421cde0945261467fb1a025,a8bb774baf42be4ec71b92200ceee3b9,delivered,24-07-2018 15:35,26-07-2018 03:15,27-07-2018 10:43,02-08-2018 20:44,09-08-2018 00:00
f0889aa6830c9df823b4c7c03ce5e4f2,85f1281700ac404ceefcc166d45baf1f,delivered,24-04-2018 23:12,24-04-2018 23:29,25-04-2018 14:18,10-05-2018 00:37,21-05-2018 00:00
4edaf27ed056e42729b2700dfd0dbccc,551f10aba6594e3e1cb5fc859cd349a2,delivered,18-05-2017 10:54,18-05-2017 11:05,19-05-2017 09:13,23-05-2017 14:07,31-05-2017 00:00
588e9a3844482484a31e604c2767b82f,c6d04a9495cc4d8e22a4276131aac50e,delivered,24-03-2018 21:50,27-03-2018 04:10,27-03-2018 22:41,05-04-2018 20:56,24-04-2018 00:00
075d1d2a3ac6d55e925dda5e2ad0c6fe,acad447a2406e2d43fad356e2d89aec3,delivered,18-03-2018 17:31,19-03-2018 17:29,20-03-2018 23:02,05-04-2018 00:12,13-04-2018 00:00
6a276c227b7bb9659f04c271e30d381d,f35e1aa8990c39ac028bd44384d805a6,delivered,19-02-2018 09:23,19-02-2018 10:10,22-02-2018 01:04,09-03-2018 19:52,12-03-2018 00:00
56137cd32ae890d2f8f4c0b770da009f,1a8a24b6904f80d445faf68aaa56ce35,delivered,07-03-2018 16:51,07-03-2018 17:40,08-03-2018 19:26,03-04-2018 16:02,29-03-2018 00:00
5fe9874b96028c851e35c1c28aede4c2,4d575680ce2505bef7485ecf1badf1d6,delivered,14-01-2018 14:39,14-01-2018 14:51,24-01-2018 16:59,30-01-2018 14:19,16-02-2018 00:00
d0e532f7dc3f516d8fcff81b062f05ec,dbf791ec86ecb06477b1e6d841ec9b3e,delivered,25-09-2017 22:22,26-09-2017 22:28,27-09-2017 23:12,04-10-2017 12:39,25-10-2017 00:00
0ab93232e2390bb66ff047c39fd91077,e6cc3085bfd669d31daced208e8f9a69,delivered,01-01-2018 18:31,03-01-2018 04:30,05-01-2018 20:19,10-01-2018 16:12,30-01-2018 00:00
019440e41e276668d99d996d5d1a22c1,477d0086341df0308127cef59628e7be,delivered,12-06-2018 23:05,14-06-2018 02:38,14-06-2018 15:23,19-06-2018 22:21,11-07-2018 00:00
6f532d76ec46fda0beae1633997d1409,95eed62685a983a404c317327e7799be,delivered,11-12-2017 23:38,13-12-2017 02:50,19-12-2017 17:42,30-12-2017 13:38,09-01-2018 00:00
d5d2c0e9c55c60e47dd370479d8775d7,f6e7f380d175517f710917c68998c6c4,delivered,10-09-2017 17:43,10-09-2017 17:55,11-09-2017 21:23,14-09-2017 18:57,27-09-2017 00:00
11f14d74e7fe63a9a1cc38664bb6f431,61ed37058a9365674a8cb35568941b0d,delivered,14-06-2017 17:15,14-06-2017 17:34,16-06-2017 14:22,26-06-2017 15:46,11-07-2017 00:00
d168723fbc108ab922a23516046a4b42,6d0c88da84f5f308b04f0c8dbd180027,delivered,26-05-2017 23:43,27-05-2017 23:45,30-05-2017 10:53,12-06-2017 11:42,26-07-2017 00:00
dc0c88e3bec8210714d2176ddb06f276,14297c24f93335154b9dc5eb026ba425,delivered,29-03-2018 18:04,29-03-2018 18:29,03-04-2018 02:18,04-04-2018 21:36,17-04-2018 00:00
f65f13aa0f61098cebf314daa13a51da,23f0ed5b86d3cd96d4b8eba5c92107d5,delivered,05-12-2017 23:42,05-12-2017 23:56,06-12-2017 22:47,18-01-2018 12:43,08-01-2018 00:00
177536550949ab384987dfa5e898b1cc,33294108523155692708518bfa1701e0,delivered,11-05-2017 20:29,12-05-2017 21:02,15-05-2017 13:53,23-05-2017 12:17,13-06-2017 00:00
df04145e2f3426e5693e813561656576,4c1aff58af7cf50f5b4e85c445c14b58,delivered,03-05-2018 21:44,03-05-2018 21:55,07-05-2018 15:05,14-05-2018 16:37,30-05-2018 00:00
28262d9fd1a7ceff1089bc357b873b91,5b175cedd118642e9f4c579def7fd74b,delivered,01-05-2018 11:20,01-05-2018 11:36,02-05-2018 15:23,03-05-2018 20:41,17-05-2018 00:00
6bb7ab367d79166d73368ecfbef88dd8,450440af27c0b24d19ddbebfc165c442,delivered,10-07-2018 15:26,10-07-2018 15:46,11-07-2018 14:45,13-07-2018 19:31,18-07-2018 00:00
1501377ae464c309dd74f2ec71daf9b5,b104d98edcfb89e1cda5cf1510faecf1,delivered,15-07-2017 09:23,15-07-2017 09:35,17-07-2017 19:49,24-07-2017 19:07,10-08-2017 00:00
01bdc09119b132e176e5c8f2cf68b0ac,9b5f0ef5de7b703b77e1131e68263de9,delivered,16-08-2018 15:59,17-08-2018 15:50,20-08-2018 14:06,27-08-2018 20:42,12-09-2018 00:00
4ae6c814370d0a4b396355a8aabbbfdd,a439ca180ebbf3037213e6d501646b3b,delivered,15-05-2018 22:11,15-05-2018 22:33,16-05-2018 09:45,22-05-2018 18:02,05-06-2018 00:00
e7fe197c60eec45afb91acb7de6d6260,61d45ec37d1586fdd55b23b4f696e27f,delivered,17-10-2017 12:39,18-10-2017 02:52,20-10-2017 11:32,07-11-2017 12:43,07-11-2017 00:00
a103bbccbbeb3e1d8354f83f08ed2667,a4ce15737ec0d3eb40545f0b738a8941,delivered,26-06-2018 14:00,27-06-2018 08:54,27-06-2018 11:27,03-07-2018 23:58,24-07-2018 00:00
5d111a2da7b316aa34aadd1fb06b483a,d7ed9faec75b9d8aaca43b8c18b2f524,delivered,15-05-2018 16:14,16-05-2018 16:14,18-05-2018 13:22,11-06-2018 16:11,05-06-2018 00:00
e37dabbc051a3f58d73581522f7eef81,3e661a73488109b0bc5c9e71427d9939,delivered,03-12-2017 21:32,03-12-2017 22:58,05-12-2017 00:14,13-12-2017 13:55,28-12-2017 00:00
ef0beb334211d552bb4bbb9b43e60248,70964b463cfa1a74701003a366f62d03,shipped,30-07-2018 19:57,30-07-2018 20:10,31-07-2018 15:08,,13-08-2018 00:00
03ffce741877a000ca0fb3520673d4c4,e937151346d1bec664f5b80cd798bdd2,delivered,05-10-2016 15:17,06-10-2016 16:02,15-10-2016 12:39,25-10-2016 20:28,09-12-2016 00:00
bf3fd3b1044615b0020cccb78f7b142a,3a8a658ae668c077b4d802d1d43b2a28,delivered,08-02-2018 10:30,09-02-2018 10:13,09-02-2018 22:41,14-02-2018 21:55,06-03-2018 00:00
694c92324234f0d098a8766d1afa8449,cc8c14ab3bb1daeaf0f28c9523dbd29f,delivered,14-08-2017 12:11,14-08-2017 12:44,15-08-2017 19:31,17-08-2017 16:53,25-08-2017 00:00
22b1de291afc457a072d35bf6749b18a,3351d390942c5ff630bd5b016a3f9e79,delivered,27-07-2018 15:22,27-07-2018 16:32,30-07-2018 16:26,06-08-2018 21:10,14-08-2018 00:00
e3c131bbe953a1cdb1dbaf261715c368,38d1cd89306128348ffdf4cc23f3a50a,delivered,16-03-2017 16:41,16-03-2017 16:41,17-03-2017 11:07,21-03-2017 11:27,04-04-2017 00:00
755b35cd526f3b62950a990cd6ca1207,9b3319404f3dbecbc1f7fa9261a91c61,delivered,15-01-2018 11:58,15-01-2018 12:16,17-01-2018 13:52,26-01-2018 22:51,09-02-2018 00:00
db10e5b34779ebe39e1bc929469eb841,0492fbcccc19cfdea66d667173ebce63,delivered,08-08-2018 23:22,08-08-2018 23:35,09-08-2018 16:06,21-08-2018 11:28,14-08-2018 00:00
33238b56832a1ff5396fff8bd2a44ede,e12464f67471d31285bd75f4f38a0db9,delivered,28-02-2018 17:53,03-03-2018 03:30,07-03-2018 23:26,04-04-2018 23:33,21-03-2018 00:00
4325abb4e925f2765e6874e9788392f4,cbafb574da2d33b039f294c188624b6c,delivered,02-03-2018 16:37,06-03-2018 03:51,08-03-2018 20:39,12-04-2018 12:11,23-03-2018 00:00
645178e45ffc3660a32e6532187b4376,b40e8b8ffd7f8005f3b655ed36676f87,delivered,09-04-2018 19:35,09-04-2018 19:50,10-04-2018 20:26,20-04-2018 19:40,07-05-2018 00:00
7543a6fd664cf3ced4e8d01d48207a80,6ba78154cdda17dbb0e69a207b6011ac,delivered,24-03-2017 21:27,28-03-2017 03:45,28-03-2017 14:31,04-04-2017 15:34,17-04-2017 00:00
a09b9e1d3f95afbb8d9e0f8f87ab520b,143a2712089c099671d2ce10731b8aa4,delivered,26-06-2018 09:30,26-06-2018 09:52,26-06-2018 14:06,29-06-2018 11:42,17-07-2018 00:00
cedac928ba1f320f1f61e79b3801b5c5,c54b89d28aaf5f03b06e59cc2a686f81,delivered,20-03-2017 10:48,20-03-2017 10:48,24-03-2017 08:08,05-04-2017 11:28,06-04-2017 00:00
2a52ef20af312ee4756b4e622ddc7101,736d28863facba7881a832ac8549a1dc,delivered,26-08-2018 16:19,26-08-2018 16:35,27-08-2018 14:31,28-08-2018 19:12,05-09-2018 00:00
f437ca3a038c797f963788a0b5e204a9,462c1928453b7b3fdf3e0b70d9d5b850,delivered,27-06-2017 11:04,27-06-2017 12:15,28-06-2017 14:24,29-06-2017 09:32,10-07-2017 00:00
ebc613372bc147f1df63ad340e4b9bf5,db508645c64a215d060fefdf9610784b,delivered,30-08-2017 14:52,31-08-2017 17:05,01-09-2017 19:11,13-09-2017 16:17,05-10-2017 00:00
69b5f9421e21822b212fa48bf807b811,5061c5ea49d7ab5b1c526cf720193fb9,delivered,20-04-2018 17:36,24-04-2018 17:48,30-04-2018 14:23,02-05-2018 23:47,03-05-2018 00:00
bbc781e0bdaef8ca45c32c280250567a,165cab246f7df81ab0c8f24880454aeb,delivered,24-11-2017 19:54,24-11-2017 23:01,28-11-2017 15:02,06-12-2017 17:22,19-12-2017 00:00
bfdf5728dc66ccaf9131885e9e39b5a2,83ecfad6ffb6c167292c8fca66042ea9,delivered,10-11-2017 14:22,10-11-2017 14:35,14-11-2017 18:51,17-11-2017 21:03,24-11-2017 00:00
11077b960f568dd6d5dddae3bdfaa69c,bf988543b99218d77ffea19b8953d511,delivered,13-09-2017 18:28,13-09-2017 18:44,15-09-2017 21:49,25-09-2017 19:02,06-10-2017 00:00
85502150053b8714f53462c6376d8295,9f634269d5b217b28a2316238fec774f,delivered,07-06-2018 22:14,07-06-2018 22:33,08-06-2018 16:55,20-06-2018 17:04,17-07-2018 00:00
1ae9416cc460b54e019ac44ba53f5b1b,9e3cccc4d43db2e97bb7015e1114fc92,delivered,22-02-2018 16:21,22-02-2018 16:30,28-02-2018 00:03,03-04-2018 20:51,20-03-2018 00:00
04e452498b75f049f617f5ed7ffc0633,52ebfe7b40ff6cbe2db79c566f36e6bb,delivered,22-05-2018 23:30,22-05-2018 23:57,23-05-2018 20:23,24-05-2018 21:18,06-06-2018 00:00
0f95a7e23723d5388a494f2d812a8332,5f454675eda0812f4ca038d7a6796a38,delivered,01-04-2018 19:50,01-04-2018 20:08,03-04-2018 21:19,12-04-2018 00:24,25-04-2018 00:00
8560601765c3f16199ac6feb1a8d6e64,3fd7c402c2376ddd9c4b06ba5b3ca6a4,delivered,20-07-2018 17:57,20-07-2018 18:10,23-07-2018 07:32,25-07-2018 16:36,01-08-2018 00:00
c2ccb6c2af36d8492e83ecf528f2755c,07a4bb60f62e5ce83b63a08f0cd050bc,unavailable,21-05-2018 13:48,21-05-2018 16:14,,,05-06-2018 00:00
603b717dcdee8679723c6918ab5585ed,c09e462cce0e66748b9152a2421e68ed,delivered,13-06-2018 09:16,13-06-2018 09:39,14-06-2018 10:56,19-06-2018 20:56,04-07-2018 00:00
2e7a8482f6fb09756ca50c10d7bfc047,08c5351a6aca1c1589a38f244edeee9d,shipped,04-09-2016 21:15,07-10-2016 13:18,18-10-2016 13:14,,20-10-2016 00:00
749238696f501c747fe013b2a5fa014c,5298ba692006f23c6eb25232fe9b2cfd,delivered,23-02-2018 11:40,26-02-2018 16:32,01-03-2018 14:39,27-03-2018 23:52,23-03-2018 00:00
f09b179b5803265142d7de8614234125,fbac6b4022506e370844af799dd93111,delivered,11-03-2017 21:54,11-03-2017 21:54,13-03-2017 09:13,18-03-2017 08:27,30-03-2017 00:00
59f740f135c8060f0c211f5ff37a7245,12a359118f460c2d9573a346f0ee15db,delivered,27-12-2017 14:02,28-12-2017 13:57,05-01-2018 22:25,13-01-2018 16:12,24-01-2018 00:00
d27ebef51c81419780e860d0278bf87c,8aa87a987f6edfb3e4550f95e2c2df08,delivered,21-03-2018 08:40,21-03-2018 08:50,21-03-2018 19:15,03-04-2018 17:42,10-04-2018 00:00
06486b73d8d1705c15e0d13f6adcbf84,7f29240004dd657bbdf131b0ec558634,delivered,20-01-2018 18:32,22-01-2018 13:50,23-01-2018 21:34,25-01-2018 16:03,06-02-2018 00:00
a8cc5640bb6e6bf0280850917666c4d5,c179c63e0432790a7ed37decfde65dc9,delivered,17-08-2018 15:22,17-08-2018 15:35,20-08-2018 19:08,27-08-2018 14:57,02-10-2018 00:00
2e99433024f415d8bda635a5f0615a25,ffd940dedc35e4f459eddfa41291e824,delivered,29-03-2018 12:43,29-03-2018 12:56,03-04-2018 21:51,20-04-2018 16:06,24-04-2018 00:00
d90174017bf4d85298251ec0cf5a0bb7,c14a7f74602050fc8e33fe5820a9089e,delivered,27-03-2018 12:25,29-03-2018 03:15,24-04-2018 23:07,15-05-2018 16:24,16-05-2018 00:00
9da777e6977f9a0ed47c0a36c439a100,a92dc6eff829713a8baf8aaac87cc7e1,delivered,22-04-2018 21:48,24-04-2018 18:28,25-04-2018 13:16,08-05-2018 20:28,16-05-2018 00:00
176ada94dcc6f5fa6091d19a9d1fffde,2102760f9941764d52d99011d33811c9,delivered,15-06-2018 00:02,15-06-2018 00:19,15-06-2018 12:31,20-06-2018 11:21,13-07-2018 00:00
186a0845cd1b679057c8b0ea86931e2f,a820146409b46b535505aff7d58f3ffc,delivered,19-07-2018 17:22,19-07-2018 17:35,20-07-2018 14:52,23-07-2018 23:22,31-07-2018 00:00
d576291e922fc07924f5811f867ed79b,6a92d9b18a6811e74eef28f1042fff82,delivered,11-08-2018 13:55,14-08-2018 04:50,14-08-2018 13:18,23-08-2018 19:13,05-09-2018 00:00
13ce532ef1a57ec06218af7cb3634241,ec8cce4c98a82dead34ffd130e9c6d85,delivered,25-02-2018 14:17,25-02-2018 14:30,26-02-2018 19:43,03-03-2018 20:18,21-03-2018 00:00
d7883c9f072902eba8f3b8af350976bb,53acd19d26c67a3842218b6cd931196f,shipped,28-02-2018 22:26,03-03-2018 02:50,08-03-2018 12:59,,20-03-2018 00:00
856b72c8788d5cae7d45d12d479f5ed2,1a19a113d74df968be81ff005143c858,delivered,30-11-2017 23:24,01-12-2017 10:31,04-12-2017 21:41,13-12-2017 18:35,02-01-2018 00:00
aa3bb8a5c7740d386e6318f44046ac14,69e05d6d27a24b903033ec4f28aa6be8,delivered,26-04-2018 14:44,27-04-2018 03:50,02-05-2018 15:23,07-05-2018 18:48,23-05-2018 00:00
853196751437213c99b38f619b15c7d5,bee8c38659f6714c7bc7400419f8c029,delivered,04-01-2018 08:54,04-01-2018 09:06,04-01-2018 20:10,10-01-2018 17:17,02-02-2018 00:00
543dd9462e7d92ef58df34eea3ba7db5,352788649c9325b16a6bfa96df8942ed,delivered,20-12-2017 14:29,20-12-2017 14:37,22-12-2017 21:08,04-01-2018 20:38,22-01-2018 00:00
8846a9571a893b22eb57d4732b978bbb,dcb2e23f71877ba3dee97c2ec27f1a81,delivered,26-01-2017 20:44,26-01-2017 20:55,27-01-2017 11:47,03-02-2017 12:34,02-03-2017 00:00
1cf843db5be8c3ec934d6bc2b58e5061,e7e113b513595f22376c653e1bd4f6d1,delivered,23-08-2017 17:20,23-08-2017 17:32,28-08-2017 21:03,05-09-2017 21:45,21-09-2017 00:00
3aefaf9d41208dba8b2c336def99b00f,5b46a0d983eec8c97363bea78d4a69dd,delivered,29-10-2017 11:59,30-10-2017 10:12,31-10-2017 18:42,06-11-2017 21:18,24-11-2017 00:00
6b4063646aa51aca70fd0c745ded2155,f010f1ad40cdde76194f3c124c532db2,delivered,14-02-2018 00:16,14-02-2018 00:30,14-02-2018 23:28,16-02-2018 23:03,26-02-2018 00:00
f829a70601d740aed0868f3aee51da03,9a5933540f93a1f6293effde1e30f5b5,delivered,20-09-2017 08:54,20-09-2017 09:05,22-09-2017 16:51,29-09-2017 13:16,13-10-2017 00:00
5ebcd996db1f75a4d7b20b792a4a8258,06ea9a21fbcbfe8f45d54cc717db3c7b,delivered,16-10-2017 15:53,16-10-2017 16:08,25-10-2017 14:03,03-11-2017 17:37,08-11-2017 00:00
477ba53956bcbed8ecfb53c564354a34,e3f08093f6e3b8dfb0fd0c7c165fbc6b,delivered,20-05-2018 11:09,20-05-2018 11:38,21-05-2018 11:53,05-06-2018 17:33,05-06-2018 00:00
938ae4cc3e41fb0e80467cbd9b3b0b32,2a429fa14ae0251bcd2b942d4f115820,delivered,08-04-2018 20:38,08-04-2018 20:50,09-04-2018 15:19,16-05-2018 23:17,30-04-2018 00:00
ac04b7f02254500bde942a36fe9ea998,6686e5873a66cdeebd3ca467a27eb655,delivered,06-03-2018 13:44,06-03-2018 15:21,08-03-2018 10:29,09-03-2018 20:35,16-03-2018 00:00
05a71c571d4602a72418b73366543cd9,b7494292e530fcf77327f1649793a426,shipped,18-08-2017 21:38,18-08-2017 21:55,24-08-2017 13:23,,20-09-2017 00:00
c38813ffe793f98e9c552fdd4f0a21ee,a51fd34f17dbb1494058b853b558e419,delivered,10-09-2017 10:12,10-09-2017 10:30,14-09-2017 22:57,22-09-2017 17:37,02-10-2017 00:00
1fad09d0fdfb8f4f8cdfc1d5be566893,c12786834454ea9bfe60531bc75814cc,delivered,18-02-2018 19:48,18-02-2018 20:55,21-02-2018 20:07,24-02-2018 00:08,05-03-2018 00:00
489cbb0cbc1600b7b5a6d703004f606a,b6c9508ac754543c016be35d0a3b3857,delivered,18-07-2017 16:05,18-07-2017 16:15,26-07-2017 15:37,31-07-2017 19:07,15-08-2017 00:00
1d37e36d44b7056e8d613a4214c9765b,995a8d3ce0c9af3522916bd31f4305d7,delivered,04-09-2017 19:01,06-09-2017 03:04,06-09-2017 17:19,12-09-2017 21:32,26-09-2017 00:00
d883525a20a921f48a549f76c944fce8,01d33ef4c346ccf41a296c1292922cb8,delivered,11-01-2018 16:58,11-01-2018 17:08,13-01-2018 02:45,18-01-2018 20:38,05-02-2018 00:00
4eae14ba78c6ed873a6d1f11e52326b1,59f287a90462f9dd7101c26cbbcddb9f,delivered,26-03-2018 22:44,26-03-2018 23:06,27-03-2018 18:51,05-04-2018 17:21,11-05-2018 00:00
183ee0e3ebd4c1c995e5f9ac2d950ee8,81f49a0bc228fb20bc73f85ed36a0c0b,delivered,01-02-2018 19:55,01-02-2018 20:14,02-02-2018 19:38,14-02-2018 19:04,23-02-2018 00:00
eec4699eb4ec4511a25aead6ed4e6c9b,cd4c3fcb577c9952a9e8d7aaae763e51,delivered,15-12-2017 16:52,15-12-2017 17:14,18-12-2017 17:18,28-12-2017 16:09,02-02-2018 00:00
dcaa8a5fd8f675e791daccbbbc9caf11,2b2d00cc7790247c69d95d823c8d9c6e,delivered,08-02-2018 11:26,08-02-2018 11:50,08-02-2018 21:39,21-02-2018 11:08,19-03-2018 00:00
5f149cfaf9ec98e580e5cf5e000b5aaa,bab0097a6b5e99f6b73299e7e1c79a6e,delivered,20-04-2018 07:49,20-04-2018 08:10,20-04-2018 17:33,30-04-2018 20:07,15-05-2018 00:00
68005513d670f9fc899928aed4963d22,3d9511a1f386dd62e326b7bee5b1066e,delivered,11-04-2018 15:38,11-04-2018 15:51,13-04-2018 00:03,20-04-2018 22:03,04-05-2018 00:00
42ef77c2949646ec1d09f4f38b249508,87730f978647280a4f4c7a9468f38462,delivered,29-01-2018 14:05,29-01-2018 14:38,31-01-2018 23:27,05-02-2018 23:36,14-02-2018 00:00
52676562cb2111b7d4ec7c70868bf4dc,ecfdc745368d54527259bf2f3a4ea110,delivered,08-05-2018 21:29,08-05-2018 21:52,14-05-2018 11:16,22-05-2018 15:18,05-06-2018 00:00
24385221c8f9f6a31323b73db64f869e,ec2e9b399515569e3c86f6263a32794c,delivered,21-06-2018 19:00,23-06-2018 01:40,28-06-2018 07:27,03-07-2018 20:41,19-07-2018 00:00
54798b68c9437a3dac92d6b957c9d1ab,68ed208f14989bf87c423b4c343db98f,delivered,29-07-2018 11:12,29-07-2018 11:25,30-07-2018 12:06,31-07-2018 16:13,06-08-2018 00:00
bc79181375f4587d5d412ecafddcbf61,eaa2a67b296ee18d6f41acd4b01bcd45,delivered,10-01-2018 16:47,11-01-2018 02:39,12-01-2018 21:37,23-01-2018 20:29,08-02-2018 00:00
355730bf737146add585953ad0759407,b148e229c3c9f7260f706caf5ff17d23,delivered,08-03-2018 20:01,08-03-2018 20:10,09-03-2018 20:32,14-03-2018 19:52,20-03-2018 00:00
0fe9c7ad9288ff24bb738af81a27ef4d,4ad8bd2bde2eecae6aa5a10323c1efc8,delivered,14-07-2017 18:42,14-07-2017 18:50,18-07-2017 20:17,20-07-2017 17:45,27-07-2017 00:00
0bd742b9af9192bb314ed381e518eb50,267155aade3f34620d2f244df28a04e4,delivered,27-02-2018 18:52,27-02-2018 19:10,12-03-2018 18:21,19-03-2018 20:54,21-03-2018 00:00
e1b286432c65d0a0e8032aefcdae26ba,e983a1272205857c12416007c4e6c9a2,delivered,11-02-2018 19:47,11-02-2018 20:08,17-02-2018 01:09,06-03-2018 23:04,12-03-2018 00:00
1422a4b4a2aa8b66fd49ff5557200b42,4b24f5ef0c134fe4d56bb392b3397dcd,delivered,28-05-2018 14:18,28-05-2018 14:35,29-05-2018 12:04,04-06-2018 16:03,29-06-2018 00:00
7bcfe636f4605ba8f3e44cae6a4058a4,0088393a302a84e57cc69c9d365f5efa,delivered,14-07-2017 12:40,14-07-2017 12:55,17-07-2017 19:04,31-07-2017 14:44,07-08-2017 00:00
e2301ba70a8f5a2873aaa909c1b2ca33,32300a21d1cf6478f4c03c36dfb4cbe2,delivered,06-09-2017 01:19,09-09-2017 04:50,11-09-2017 18:27,14-09-2017 20:34,25-09-2017 00:00
f50a129ed971ecf763627e2b2a94be73,fa171236769262c2d8b9c6a9bb1eceb3,delivered,21-02-2018 12:22,21-02-2018 12:30,21-02-2018 22:22,23-02-2018 17:09,21-03-2018 00:00
46de18c621cff3e0818d8d5fdf66b608,164ab4de2cac9c11b767de9010cd5526,delivered,21-03-2018 23:25,23-03-2018 13:50,26-03-2018 22:22,11-04-2018 23:08,13-04-2018 00:00
751bac184f225318704b7bbf878bcc52,1fb84b8070e874d735f1b851cd98bdc6,delivered,11-08-2018 22:25,11-08-2018 22:35,13-08-2018 13:31,14-08-2018 18:46,16-08-2018 00:00
3bc965c0b4230683f63905bfb9f37b57,c15ddef23948be80723bb8b6178b34c1,delivered,20-04-2017 21:17,20-04-2017 21:25,24-04-2017 08:33,28-04-2017 07:32,12-05-2017 00:00
f6143525a729dbf323eff5f80e6ac979,1ce9aec3049b17c01ba9ee121e402b7d,delivered,10-08-2017 18:20,10-08-2017 18:35,11-08-2017 21:27,16-08-2017 22:06,30-08-2017 00:00
d39744d1dd7bf8e54f25f8e3aa47bcf3,a5229b3e8acc205650820948973f978a,delivered,04-01-2018 11:32,05-01-2018 02:36,10-01-2018 18:09,24-01-2018 23:58,01-02-2018 00:00
09de1c09553be98d80e730e53641c515,a7ba98528d4d1bb722a25e574d5a09cc,delivered,20-08-2018 14:16,20-08-2018 16:15,21-08-2018 15:38,25-08-2018 17:02,04-09-2018 00:00
74bbb7eea3f17308c17374bf5f572b65,3e4be3176a580becb5d751cf0f409c31,delivered,21-04-2017 22:01,21-04-2017 22:15,24-04-2017 12:07,02-05-2017 14:48,17-05-2017 00:00
9093d1fda3e04c4f34b2cd7b0fc18549,7a091f9ed8eb69891c389f7fe03f19ae,delivered,16-05-2018 20:49,16-05-2018 21:13,22-05-2018 14:03,18-06-2018 19:38,14-06-2018 00:00
ba7b165e199d438fedf5f04cabb6b5ac,857653b0eb3d3c5634481c63cae0cf69,delivered,25-05-2018 12:02,25-05-2018 12:17,04-06-2018 13:45,12-06-2018 21:34,29-06-2018 00:00
f365676962cc8bacbfc7a5067e1adb7d,1876a6381923fdefb70429e15e08a078,delivered,06-12-2017 15:00,06-12-2017 15:12,08-12-2017 17:38,21-12-2017 17:32,10-01-2018 00:00
3e5851bac5137487999e438e2986af8e,febc8698a75e85a4ddf0e78926c1119c,delivered,09-08-2018 16:53,10-08-2018 07:10,13-08-2018 10:30,22-08-2018 22:33,03-09-2018 00:00
b7be5e58fd37e6165dbb39e8362c8446,021ed85d23b734289c4dd0c827a3559e,unavailable,29-06-2017 18:07,29-06-2017 18:23,,,02-08-2017 00:00
64f5569ef96004a1e1137bdf28fd4c45,abd49ba4cf56e622b951f281361f56ad,delivered,05-10-2016 21:10,06-10-2016 15:59,30-10-2016 13:27,31-10-2016 13:27,29-11-2016 00:00
151bc75d5cb7b7cf250eee3e3277dead,5201af6599e76f445ebcb42b7e7dc469,delivered,15-10-2017 11:34,15-10-2017 11:50,16-10-2017 21:15,20-10-2017 17:39,07-11-2017 00:00
ca19d840d5e718f4b8aeec1a40d393ec,a4b8f42e7147acc8be0da5dd43c4c88d,delivered,16-09-2017 21:03,16-09-2017 21:15,18-09-2017 19:32,22-09-2017 21:18,05-10-2017 00:00
fdb3ef83ea6f7bef7d13bdd9b38da661,fbc1bec47970c387d5f4962d518dd268,delivered,17-01-2017 21:09,17-01-2017 21:21,24-01-2017 14:49,26-01-2017 16:25,13-03-2017 00:00
adbaec40867ebc582ecbd4a767b0ab6b,2b9cc72f1aace0def73e1719380d329d,delivered,12-05-2018 06:33,12-05-2018 06:51,14-05-2018 14:47,22-05-2018 21:04,04-06-2018 00:00
3d1c4e2abc39b60c6d972acad25ea459,08ff8ee4ba2dc2a1ad0518273d841e04,delivered,08-02-2018 10:09,09-02-2018 02:50,09-02-2018 23:21,15-02-2018 22:33,06-03-2018 00:00
49bfd44c750b412b6c1312637fb82abf,2d24fed1756a77452cee7d8dd4375c61,delivered,12-09-2017 15:49,12-09-2017 16:04,15-09-2017 18:42,26-09-2017 18:49,29-09-2017 00:00
649bcc2d5a5b841c495f9d1f4cb31542,9bab273018cf6c7884419950fb655766,delivered,09-12-2017 20:27,09-12-2017 20:38,11-12-2017 23:25,18-12-2017 19:51,04-01-2018 00:00
c4d43ff7c0529549e6064083bd2129d3,f6bd36b6574aa85cd8714d2cf4e9d777,delivered,03-03-2018 10:06,03-03-2018 10:15,05-03-2018 17:48,06-03-2018 19:46,15-03-2018 00:00
68fac48a2dd22ab289df2ce0a499dcab,2cd4fd79fa21cdab9cc8a7de105555ac,delivered,09-09-2017 19:36,12-09-2017 05:32,15-09-2017 18:35,26-09-2017 19:07,04-10-2017 00:00
e65f6f6787bdbad616a93b96dbadf65c,302eafd08174f2bad74173da1a9ec209,delivered,30-03-2018 20:18,03-04-2018 05:28,05-04-2018 12:49,20-04-2018 20:54,03-05-2018 00:00
b0f445cca9b6a54ff47e8834c16ba6c1,2e45c5724dae130c031ff723c1ffb5e4,delivered,07-03-2017 16:37,07-03-2017 16:50,10-03-2017 09:52,14-03-2017 12:07,24-03-2017 00:00
129538e4bc7308e9ab041540283813f2,482da0f3d74585e56f424bacb4d3741c,delivered,15-03-2017 21:50,15-03-2017 21:50,17-03-2017 06:34,23-03-2017 16:08,03-04-2017 00:00
64cf90af2972e752091fa4a0344c47b7,db29b94a7ae343b96e89071646b56bb8,delivered,06-06-2018 17:10,07-06-2018 02:55,07-06-2018 10:19,13-06-2018 20:33,18-07-2018 00:00
2d825a962a725110b2647050cc636b3f,6b1901291ad821308850dfe8b4385afe,delivered,24-11-2017 10:21,24-11-2017 12:31,27-11-2017 20:36,04-12-2017 22:45,22-12-2017 00:00
30acc4fc5f485f20a89c9af9b0b67481,8366ba08152f16bb9b8534350e085166,delivered,01-08-2017 00:02,01-08-2017 17:05,02-08-2017 12:15,09-08-2017 22:39,23-08-2017 00:00
e687e938b814980b1e99e9e8413f9cac,74b207275c96418c3b8cf697b75db94c,delivered,26-03-2018 08:23,26-03-2018 08:35,02-04-2018 15:58,09-04-2018 18:42,20-04-2018 00:00
0ec20050bc3b82afe83aa803bff7ff04,d70bca474f0e8b7140711283a2c9fe4b,delivered,18-04-2018 19:17,18-04-2018 19:30,26-04-2018 15:50,27-04-2018 15:23,10-05-2018 00:00
9ac9a171c52c75836da9ff89487fc78e,395bcba8cc4642f15f4508da8c8ea0dd,delivered,18-06-2018 10:55,18-06-2018 12:18,21-06-2018 14:00,26-06-2018 20:46,13-07-2018 00:00
f425c83fa6d7f497e5f4a1c243401110,6bbd371a1f2217cc0ad1bc185c0e2894,delivered,27-06-2017 22:36,27-06-2017 23:04,04-07-2017 14:57,13-07-2017 21:04,19-07-2017 00:00
12c8abab1047518ce64899cb2c2966b7,47f2b930037868546be2c3297f60c82a,delivered,05-12-2017 11:47,05-12-2017 11:58,05-12-2017 23:49,12-12-2017 23:32,29-12-2017 00:00
e9376d90b28f9cdea83d4d850e4bb1a7,faafae37ddb3e4af81c10a397bcca35f,invoiced,01-09-2017 15:02,01-09-2017 15:15,,,15-09-2017 00:00
55b360b9aeaf1fcec58a18a82b21b957,57205a3f55644a1df9ea81f81aaba2c9,delivered,03-01-2018 16:29,03-01-2018 16:46,05-01-2018 18:47,18-01-2018 13:46,07-02-2018 00:00
7b54f413e57e620ba1cfca072be00075,a4a5788a4c236f3ff367fdd26547577c,delivered,30-08-2017 00:24,30-08-2017 00:36,01-09-2017 19:30,06-09-2017 19:30,22-09-2017 00:00
2410734c3fc6d36010cf6b1b36c2974d,9015549e1e0438244f52123c59498fa6,delivered,27-01-2017 23:02,28-01-2017 10:33,31-01-2017 11:32,16-02-2017 16:55,21-03-2017 00:00
f4f72cbdd627c62c098af2a02c335f37,670eab28ba915090480ea51423be62b6,delivered,29-08-2017 11:04,31-08-2017 02:35,06-09-2017 11:37,13-09-2017 19:22,21-09-2017 00:00
1314353395f7148ba64400eab34bb50c,3a38cfdf41dbda6098abeacd30ec2d3e,delivered,27-11-2017 09:22,27-11-2017 09:33,27-11-2017 16:33,15-12-2017 21:29,20-12-2017 00:00
4dea917f3fa605c7d6eff1a97a207768,11b7e0e29ddb9d0f4831982cc89cd620,delivered,13-06-2017 12:29,13-06-2017 12:45,16-06-2017 14:35,27-06-2017 14:51,06-07-2017 00:00
6ee212cd1fba9e136d4fd88010a0739d,22dd817ef8b0603835a39da9ef340f5f,delivered,08-08-2017 14:58,10-08-2017 03:15,10-08-2017 20:08,14-08-2017 20:43,21-08-2017 00:00
8adc7186d6a1385039f0717a994aaae6,43eebd9e1ce82376253188e323775296,delivered,20-04-2018 11:35,20-04-2018 11:54,25-04-2018 02:32,30-04-2018 15:38,18-05-2018 00:00
fd4bcae925b879102eb780d2bfc495a8,4f75899b8f7b903d7295eb12dcedb330,delivered,09-10-2017 11:34,11-10-2017 03:35,16-10-2017 21:34,19-10-2017 17:31,30-10-2017 00:00
26f4092024d63d808ee0788922431d05,ea17e2150f0336959c9ea3b20aee4db5,delivered,20-05-2018 18:16,20-05-2018 18:30,22-05-2018 08:46,08-06-2018 08:32,21-06-2018 00:00
7ac6f4778cd283c6b76c66fe1e0d4431,ed8be358abd6a8b37ba8cc9d485e7bbb,delivered,07-10-2016 10:11,07-10-2016 11:22,15-10-2016 12:38,18-10-2016 17:21,05-12-2016 00:00
b03db53a37db1313505cb24d4fe05052,7569ea856f1959d0371e70135efb6df7,delivered,16-10-2017 17:27,17-10-2017 04:09,18-10-2017 20:12,27-10-2017 19:57,03-11-2017 00:00
7b2e128ff26556462b7d217f1b67600b,f57d3db30585e5fe7bb1649ec4b1bc32,delivered,27-10-2017 14:57,27-10-2017 15:10,31-10-2017 21:08,22-11-2017 22:58,17-11-2017 00:00
8c08df56684ae2bb49a58393665eee49,6575f0577a2dcb81abb952843b9daa7c,delivered,23-07-2017 21:16,23-07-2017 21:30,27-07-2017 19:45,03-08-2017 17:42,22-08-2017 00:00
0a671900301b8fcb176e26d685aa7fb2,383302d43ca2506b3170ad8cba658b95,delivered,31-10-2017 21:42,02-11-2017 02:31,03-11-2017 23:18,06-11-2017 21:26,10-11-2017 00:00
f36cda6db10b2dddb208bf63a6ef8dfc,bb15c99f5519bbc27a55868e043216de,delivered,03-06-2018 08:39,05-06-2018 03:55,05-06-2018 15:33,11-06-2018 14:21,16-07-2018 00:00
065a7d9057589f809082e012f696cb5d,0410837784e2dbaa9a557a94d9975b14,delivered,11-04-2018 10:48,13-04-2018 12:34,18-04-2018 13:46,02-05-2018 21:04,14-05-2018 00:00
30290113513bda95268bb542dfa87acb,ecd4901725ab74781a930b41d7417b01,delivered,21-10-2017 22:17,21-10-2017 22:35,23-10-2017 17:54,30-10-2017 21:41,29-11-2017 00:00
fa6d3eb110ceb1c2b98c7d158c6d1671,7959f0273106fae265f111d071c1fbfa,delivered,06-02-2017 14:56,06-02-2017 15:05,07-02-2017 14:43,13-02-2017 07:15,06-03-2017 00:00
30bfd28e95a1e63924d71084f47c8ae8,42036e4de06b7da80343d54330dfd3de,delivered,22-04-2018 14:36,24-04-2018 18:55,24-04-2018 18:51,30-04-2018 16:21,15-05-2018 00:00
3663c0f887191044441077fb3564dc94,da0d6b89a4173638a2b43ea9c099765b,delivered,29-09-2017 19:43,29-09-2017 19:56,02-10-2017 17:52,05-10-2017 18:40,23-10-2017 00:00
fc39eb893101639217a80a552d1c16f3,a9703ec88ee79c7462a216dfeaeea50b,delivered,11-01-2018 14:56,12-01-2018 02:35,13-01-2018 00:09,24-01-2018 13:08,07-02-2018 00:00
c29b0d97f5a9e53bc9d5449d4c8378de,036747722c993c40f22a72d23ebd5a45,delivered,08-07-2017 20:31,11-07-2017 04:15,11-07-2017 19:23,13-07-2017 22:17,21-07-2017 00:00
de8b633e3fbc018e05354a54fbc8fff0,1a0e67acb719bb00bcee2e586ff3a2d8,delivered,20-07-2017 11:56,20-07-2017 12:10,24-07-2017 18:25,04-08-2017 19:35,15-08-2017 00:00
ce54af4e3da631822ae6be14ed5bee6a,e4636bdf9d42e9f4b6c0b5bf7ec7dbf5,delivered,25-06-2018 11:08,25-06-2018 12:13,26-06-2018 14:17,28-06-2018 22:12,19-07-2018 00:00
19b37f1efa2ddaf265496e78e245c19a,397860a986b2ba52addbf1178aa4e378,delivered,07-08-2018 00:13,07-08-2018 00:25,09-08-2018 08:20,18-08-2018 02:32,15-08-2018 00:00
21e43bdf56e1d32ad5bf113b604fc4f2,7fdecfe159e2f89af435668f6a1dd4dc,delivered,05-12-2017 15:00,05-12-2017 15:14,06-12-2017 18:28,11-12-2017 23:18,29-12-2017 00:00
7279d972e64c7ecfee553ae7b61480e4,2a0a7b746b977709c057f7f8cdf4ef49,delivered,14-04-2018 14:34,14-04-2018 14:51,20-04-2018 00:21,30-04-2018 20:51,22-05-2018 00:00
8b47e7e04a986e036f10ab10bae91a4b,afe72ed049ec9d0b2197c39828695745,delivered,11-05-2018 12:27,12-05-2018 03:32,15-05-2018 09:58,24-05-2018 13:16,01-06-2018 00:00
b9386feadadb8bc45d250345f27ac180,a0d14322c2c081915c5b59c56418469f,delivered,04-07-2018 16:02,05-07-2018 17:01,05-07-2018 15:18,12-07-2018 14:51,17-07-2018 00:00
2b4bc6bc210c5033966e5f88858ea019,1cd5de8b2acfd7667f7529070932081f,delivered,27-04-2018 08:33,27-04-2018 08:53,27-04-2018 12:19,08-05-2018 20:52,01-06-2018 00:00
2f2515a56e37c1a0693812cc6c009f0a,8624224187c687572378a68f86248076,delivered,23-05-2017 10:24,23-05-2017 10:30,23-05-2017 13:55,26-05-2017 14:13,14-06-2017 00:00
d454d6650d375ebc3f9667a4d2fe161c,7ae2a9337aa4bc799723511faa1d6830,delivered,10-05-2018 09:12,10-05-2018 09:35,10-05-2018 09:11,11-05-2018 18:58,23-05-2018 00:00
69877d0aa8f3f125ac5dbdc5215dbbd4,6dd1e15c0700a319d692f9cd2f556b27,delivered,19-04-2018 13:58,19-04-2018 14:13,23-04-2018 19:58,04-05-2018 21:06,15-05-2018 00:00
6732c97d4cbdac9ed23b4c7148f61590,bb806eb42447acd43835418cb81290c7,delivered,01-03-2017 20:50,03-03-2017 02:30,03-03-2017 10:08,09-03-2017 06:54,24-03-2017 00:00
3b773756d8fc59a7cd1a0c4ac584e397,22be9dd12bf9b04ef446b193422db6f9,delivered,11-05-2017 14:20,11-05-2017 14:35,12-05-2017 10:02,22-05-2017 13:18,13-06-2017 00:00
afe333c1956628d870ce89ad385f4e9b,65cb3cef0d6348041780a2d6da35a259,delivered,16-08-2018 06:00,16-08-2018 06:10,16-08-2018 14:52,29-08-2018 13:32,31-08-2018 00:00
c96496058fe55b7e844cd5e3a2562f85,9d523ec1adfaf85fd0dd5835b1884b75,delivered,21-08-2018 10:38,21-08-2018 10:51,21-08-2018 13:30,24-08-2018 21:08,06-09-2018 00:00
b31c7dea63bb08f8cdd1ec32514ccf0b,2a351c540a0cbdd0d9c266626f6d3acc,delivered,26-09-2017 18:35,26-09-2017 18:49,29-09-2017 16:23,05-02-2018 21:25,19-10-2017 00:00
f8db134d4ac3747d627adb962ec08f73,092389b0ad58d08590243690dc4db793,delivered,16-05-2017 18:59,16-05-2017 19:15,17-05-2017 08:11,18-05-2017 13:22,29-05-2017 00:00
7b08dd2c26ff1dadf52d5124cd43d01e,bb63cffe29f15ecaf4a7b292af273557,delivered,04-01-2018 11:43,04-01-2018 11:52,08-01-2018 19:50,12-01-2018 20:03,31-01-2018 00:00
d83ed20d296bdd288f45b29843643bc9,095d50f9052522bfd261ae0a5725abab,delivered,26-02-2018 11:12,26-02-2018 11:31,12-03-2018 21:27,27-03-2018 15:48,21-03-2018 00:00
95c9ce1fdafddf9a5d87142c464aa09d,760a013f293370ac8661971c593fb4f2,delivered,29-04-2017 23:40,03-05-2017 15:32,04-05-2017 15:04,11-05-2017 14:38,23-05-2017 00:00
9e96be941daa62b6b3eb0b074ba23a9e,e29a1778f74d431f75bbf30faecbd844,delivered,15-11-2017 13:15,15-11-2017 13:26,28-11-2017 15:48,09-12-2017 12:45,14-12-2017 00:00
c206a65ab93069f7a79c0ac5f4512e02,c7701ffd57ad3233140171c173d25953,delivered,08-07-2017 11:00,08-07-2017 11:10,10-07-2017 17:37,13-07-2017 15:38,21-07-2017 00:00
4c480567d1db63cffddc552638c35d8f,9b74cd824a37742f10285243d2c0ad7f,delivered,04-08-2018 19:48,04-08-2018 20:04,06-08-2018 18:18,10-08-2018 15:21,22-08-2018 00:00
fde8ee361a63b2ee323ac574ee41524f,e851a26670db4bfe21aa1f87177c40f1,delivered,05-09-2017 22:42,05-09-2017 22:50,08-09-2017 21:34,11-10-2017 18:46,05-10-2017 00:00
c5f2fc1736e716e61d88a8b5b6425603,78b3ea1b4db59453eb9231249c2f0d67,delivered,05-08-2017 18:41,05-08-2017 19:20,07-08-2017 23:54,14-08-2017 17:33,31-08-2017 00:00
09b8c1e504ab1fce7031c710bd8558d6,53344341e1300beda6e4cdae3b6b3496,delivered,13-09-2017 17:04,13-09-2017 17:27,14-09-2017 15:16,15-09-2017 18:32,02-10-2017 00:00
a640d10af396f0aa5f1c751f1f976bdc,e8c1eb3944f119033a19a867e469782c,delivered,15-11-2017 12:30,17-11-2017 03:35,17-11-2017 13:21,20-11-2017 14:09,29-11-2017 00:00
04323742e042716e4427a5b3536ea08f,ec2d2a258b058be97d409669ab436028,delivered,23-04-2018 00:34,24-04-2018 17:43,23-04-2018 21:21,24-04-2018 21:44,10-05-2018 00:00
4d3144d146f15c73378b715f90be85b9,81a742c53ac122ce220bd67609a7d935,delivered,20-03-2017 11:52,20-03-2017 11:52,22-03-2017 10:22,30-03-2017 17:33,10-04-2017 00:00
96006ddb955ba7f1a9e86d986f6149f3,a9d55da2151a33741cee50d084e410e0,delivered,28-06-2018 02:01,28-06-2018 09:10,28-06-2018 08:10,03-07-2018 23:03,20-07-2018 00:00
61d6fb5d839877cf9795ee80fd081935,889c102407310c5de98fdf30280af7bd,delivered,11-04-2018 16:01,12-04-2018 11:15,12-04-2018 20:51,21-05-2018 20:49,07-05-2018 00:00
eeecf0540c4a674f123d57397790b15e,c97f40e1ef3030fe5d60dfdbc045a233,delivered,31-03-2018 06:19,31-03-2018 06:30,04-04-2018 18:41,09-05-2018 11:48,25-04-2018 00:00
d233630561c3babf58e2ca3c0ca52bd2,52586a86015b83c57d03c1ce23f96192,delivered,01-02-2018 14:45,01-02-2018 15:10,02-02-2018 19:51,14-02-2018 20:29,05-03-2018 00:00
2783cfcf916c2cef168f19a7a2e45e45,b9633b9cf51f58d7c6facdc197862501,delivered,25-07-2018 09:23,25-07-2018 09:35,25-07-2018 13:47,30-07-2018 14:51,13-08-2018 00:00
10670df5f8bf4bf17a02524ee39b5b0b,ff5b7f0a6e7a161b5a66bc56a49b7250,delivered,08-06-2018 18:43,08-06-2018 20:31,11-06-2018 13:47,19-06-2018 17:36,05-07-2018 00:00
7766424657aa0cfbf1703f9550144964,35b6b3b06cd4b2101cfabfb5429dc028,delivered,08-08-2017 11:24,08-08-2017 11:43,10-08-2017 16:42,11-08-2017 20:21,23-08-2017 00:00
64b644100b812930de2286f0b999ece7,aa9d79a05d874fe96ece63ecf1ec008a,delivered,19-04-2018 11:28,19-04-2018 11:49,20-04-2018 18:46,27-04-2018 18:04,15-05-2018 00:00
db60e917f3e707779a0efd2b52354951,88be27a75dbfc841ea1fec58b8fbb33f,delivered,29-01-2018 11:24,29-01-2018 11:35,02-02-2018 00:42,16-02-2018 21:14,23-02-2018 00:00
ba6b736a4a402bcefa049a41b3a98c55,b1c8eaee7a170ae1856abe4fdbe8091a,delivered,16-02-2018 01:32,16-02-2018 02:35,16-02-2018 16:53,14-03-2018 18:42,16-03-2018 00:00
a4765431be6613d760a9cf57da14b9ce,cf74f48501be9e76c1c3506c39a187bf,delivered,27-10-2017 14:39,31-10-2017 04:10,10-11-2017 20:22,21-11-2017 20:59,14-11-2017 00:00
c41b4bf6e36acb1b2b50d976ceda84a9,3d10d3d5947319b132a01b9332e5b437,delivered,19-02-2018 16:04,20-02-2018 07:27,21-02-2018 18:23,05-03-2018 21:23,13-03-2018 00:00
ab99e730d7d27b4d197f5cae9303170f,87514386742f25a6bc39e30c562a1bb5,delivered,15-03-2017 19:48,15-03-2017 19:48,17-03-2017 13:13,23-03-2017 14:53,10-04-2017 00:00
88223c3979b0dac8b52690966235efbd,addeb8729d2995e56078e6787858960f,delivered,02-04-2018 12:45,03-04-2018 05:10,04-04-2018 00:57,24-04-2018 02:04,27-04-2018 00:00
f845b688b88cb588500bc10d0a3bcebe,aefd9c7be7476b75bef2a79a4e169a6e,delivered,30-01-2018 14:33,30-01-2018 14:55,01-02-2018 17:53,10-02-2018 02:23,23-02-2018 00:00
d8f309041b7d515605c0d4fd15b12db6,16ed990d94eef3d79216c2ff23124700,delivered,10-06-2018 20:08,10-06-2018 20:31,13-06-2018 11:13,14-06-2018 23:52,21-06-2018 00:00
4e1545ab101855b3e843d794ab1d3081,93f6dcaf88e3a3c3a207c97b607568d6,delivered,13-06-2017 19:11,13-06-2017 19:25,16-06-2017 13:25,26-06-2017 12:49,21-07-2017 00:00
cdae097ae448ea48b9b45e2b3569e9b6,c33c19eea4404b369fca569a72a7b35f,delivered,04-07-2018 20:50,05-07-2018 16:24,19-07-2018 09:34,20-07-2018 17:37,25-07-2018 00:00
4b2f4bcfaf2147dc60b9f86452ac885b,7c1c48b350bc4c1b1e668ecb7000e05b,delivered,07-01-2018 12:47,07-01-2018 12:56,10-01-2018 21:53,15-01-2018 16:03,06-02-2018 00:00
e8596a031f6814efc9b04e857f053ac6,a3c2953e0ee33d6881da8b52956198b2,delivered,30-07-2018 21:54,30-07-2018 22:40,31-07-2018 11:32,03-08-2018 01:52,09-08-2018 00:00
122804b6e70597eca700595473d8297b,e24936459392dc2e3f09cfacc083fbfe,delivered,15-07-2017 12:41,15-07-2017 12:55,17-07-2017 21:23,24-07-2017 20:46,08-08-2017 00:00
0d2ab5712ce82b9059da04a32ded871c,44288378c0d673fb42ce3c526c627978,delivered,19-02-2018 09:07,19-02-2018 09:26,19-02-2018 18:57,27-02-2018 21:45,12-03-2018 00:00
17eba629ec542978d1ea929d473d4f19,9a07fda0035700318ceb77ce80c7e42d,delivered,04-02-2017 20:09,05-02-2017 20:15,07-02-2017 09:41,14-02-2017 15:24,15-03-2017 00:00
26298a4e971b2abb0e472ae55f3a6cd0,c9f60908f2a9d84ff48f4650386eca94,delivered,27-03-2018 23:53,28-03-2018 23:50,03-04-2018 20:44,23-04-2018 21:18,18-04-2018 00:00
7704a0d92762105c0ba272c37a94b5ca,09ed4e9b4faf4f69fecc31273d565cdd,delivered,11-05-2018 09:53,11-05-2018 10:17,11-05-2018 15:01,14-05-2018 13:58,22-05-2018 00:00
f0ef2d37f5d4b3f8afaafa9a8a5bc58f,b5be0356146696b0db07f1ce08bd9092,delivered,23-08-2018 00:13,23-08-2018 00:25,24-08-2018 15:59,27-08-2018 23:31,30-08-2018 00:00
d85d798c30de34a10899fc8df46b330a,1da38ee263b59ad3ae82cdd4d75715a8,delivered,04-02-2018 21:23,06-02-2018 03:51,07-02-2018 16:37,19-02-2018 12:58,08-03-2018 00:00
3bed3182d08ce9d8c2e2a849db8a2257,b37279e6c509b47596afcd9ab407f3f1,delivered,31-08-2017 09:05,31-08-2017 09:15,01-09-2017 22:44,04-09-2017 16:30,13-09-2017 00:00
a831481fe241b8d8bc08c53fc98012b9,497cf630dd41e00e2a185a9e0cc5e02e,delivered,23-10-2017 14:35,23-10-2017 14:49,25-10-2017 14:32,08-11-2017 20:48,24-11-2017 00:00
8092a1edb9b302ea942c2671edf4737c,13bc08879933f8f9cd854bdb25fb8f56,delivered,29-06-2018 15:27,29-06-2018 16:11,02-07-2018 06:50,05-07-2018 23:33,19-07-2018 00:00
70c06583df3a26d0a632b3205baee66a,2a448cc5163cff9c1b88d9f7848900dd,delivered,23-08-2017 16:17,24-08-2017 03:06,25-08-2017 20:14,30-08-2017 21:05,19-09-2017 00:00
54f9756bd9148ebde702040750fa59de,4731d6ffe1259974fe8f535d39df0ff9,delivered,22-12-2017 16:44,23-12-2017 02:18,26-12-2017 17:45,28-12-2017 22:44,12-01-2018 00:00
b064d82b485fff92c7c15d344bfd7e6a,30b6c3b445d8760d7caf8fa0dba0647b,delivered,16-04-2018 01:22,16-04-2018 01:32,21-04-2018 00:36,04-05-2018 23:08,14-05-2018 00:00
748934084b439ea1404df1dd5a8b238d,afb521dc2727e7e421365918326a4223,delivered,07-07-2018 16:39,10-07-2018 04:25,12-07-2018 14:54,13-07-2018 18:44,23-07-2018 00:00
0911316604300fefa8aef39f81380c66,783d82c1a8f9a43b9309e0ef3d2be665,delivered,05-07-2018 11:41,05-07-2018 18:10,06-07-2018 11:16,10-07-2018 21:18,18-07-2018 00:00
9b91ddcbd6cbceb83d4fd2462ca1f95e,6152d0774bbbf74f7140541c0569dafa,delivered,05-01-2017 14:22,07-01-2017 03:44,11-01-2017 16:25,16-01-2017 16:32,01-02-2017 00:00
0b9b1c5bbb14862e0e96660280048b04,2bd46622c473bea1ca8f10e37be933ec,delivered,04-06-2018 14:34,04-06-2018 14:51,05-06-2018 15:10,06-06-2018 17:59,28-06-2018 00:00
81d5d6bcd0acfd69fbae85ff8620a6e2,534525d2977800ab718182e9731f540b,delivered,26-11-2017 09:55,26-11-2017 10:11,12-12-2017 23:04,18-12-2017 23:19,22-12-2017 00:00
6a2e09d7d2755c778b119d0b74d4d431,6eb6e7b6a901ac22a2e5949e1f3151e8,delivered,23-02-2018 17:41,23-02-2018 17:55,27-02-2018 18:09,08-03-2018 16:53,16-03-2018 00:00
376c03b8851464f42300b1a04881d739,418b556d05e82d296b2539d2d7cdfc83,delivered,03-12-2017 11:51,03-12-2017 12:11,05-12-2017 16:27,11-12-2017 19:09,27-12-2017 00:00
ae97d3198a682804e9f5bfacfe13355a,ec133927f79d0d8ae1936711d7b44dde,delivered,25-10-2017 19:48,26-10-2017 20:55,27-10-2017 22:43,13-11-2017 17:35,21-11-2017 00:00
6948d508c3ef371871d70a9ba491c336,e0b6d9f3f3cf18ceec4b277eaa578c0c,delivered,04-02-2018 11:25,04-02-2018 11:35,10-02-2018 12:33,27-02-2018 23:43,05-03-2018 00:00
ee24a4c9f2a2d7aa315838be51c92fd2,cdd80b2081f42efba588cac314068473,delivered,11-05-2018 17:14,11-05-2018 18:06,14-05-2018 13:01,23-05-2018 14:48,06-06-2018 00:00
881e6608d8b7f15fc4133a04c4933e48,3bc0dbe0cab89238bc8969272e4f303d,processing,07-05-2017 14:06,08-05-2017 17:50,,,01-06-2017 00:00
5bcf5ca118d9e81440bf98e26c943255,3bfc0927d77dfbf1e3a0fb4ca2162789,delivered,27-08-2017 19:01,29-08-2017 04:31,30-08-2017 20:26,05-09-2017 21:05,18-09-2017 00:00
1b04338248209667c231e726e312c9fd,a74f9046c11424a57efb412e278aa175,delivered,11-07-2017 12:17,11-07-2017 12:25,14-07-2017 21:54,20-07-2017 19:21,09-08-2017 00:00
57829c554e00894996ac7cdc85692e8f,58c91b2ec8eb157ed2315e16df70d236,delivered,14-04-2018 18:58,14-04-2018 19:11,16-04-2018 22:06,24-04-2018 21:18,23-05-2018 00:00
d9855ff1d7520c1c5397b65164c32477,55846a9bb9076de56da44e430349ad1a,delivered,18-04-2018 23:10,18-04-2018 23:30,27-04-2018 14:13,02-05-2018 14:06,08-05-2018 00:00
96de2b7f7f3c401fbee3eef068376da6,eec30b788184a6d93954fd5e82c48add,delivered,01-01-2018 20:11,03-01-2018 04:33,05-01-2018 23:44,10-01-2018 19:46,24-01-2018 00:00
9570b858d92d0c29cd331a7326b84ac6,46f6474f7fa4d2600e0f97435c8826b5,delivered,09-02-2017 11:35,10-02-2017 02:45,10-02-2017 13:27,15-02-2017 10:12,20-03-2017 00:00
932c7d98b6333c885409e2205bcb6141,08fd1f647fb132970cc8e3ee6c9075d9,delivered,05-04-2018 23:26,06-04-2018 23:29,10-04-2018 00:11,17-04-2018 23:16,30-04-2018 00:00
b1526359b93e19d491c0eaa5b2c053ec,02d8426ded4654ed60b46ddd6d1a4f8c,delivered,01-05-2018 14:21,03-05-2018 08:32,04-05-2018 11:04,24-05-2018 16:28,08-06-2018 00:00
50dca53ca33b739bef09e7933e8b380e,d0580aed7f303a707d93b00b84c591a7,delivered,14-07-2018 09:47,14-07-2018 10:04,17-07-2018 07:02,21-07-2018 11:21,30-07-2018 00:00
4caecf79f2dfbc0304ffdc8637ff5900,e82b65e2b591d7d01e803b11299bf0f4,delivered,06-06-2017 10:03,06-06-2017 10:15,07-06-2017 13:38,16-06-2017 17:03,07-07-2017 00:00
8fa4704d89e249323dcdc1d6d2674caa,64ab623e271c29cae5c13e16c141f333,delivered,15-10-2017 15:28,18-10-2017 02:57,18-10-2017 16:29,08-11-2017 18:31,09-11-2017 00:00
2c287808b2feef34a4a25e5337bb08e1,2ef4772e08a92ee1d12f3295ac099d11,delivered,17-07-2018 19:56,17-07-2018 20:10,18-07-2018 13:34,25-07-2018 21:12,16-08-2018 00:00
dcec6d766a2bc76144372192c66bbe87,531262526865df96d0364f70e06eacd0,delivered,20-07-2017 10:36,20-07-2017 10:45,20-07-2017 23:03,24-07-2017 19:34,02-08-2017 00:00
30b0387ec944061d4b677460b14309f0,b885371ff1e5310cbc46d0f3d1fbbc60,delivered,05-04-2018 18:20,05-04-2018 18:30,11-04-2018 15:42,18-04-2018 13:16,04-05-2018 00:00
5928d420527d13a50a884bc80c6ea676,5393412c9014929b2ce82cd29def8553,delivered,03-07-2018 15:26,05-07-2018 16:19,04-07-2018 13:41,09-07-2018 16:07,30-07-2018 00:00
b8c123fb1b26f1adfb0d6f9d17255de7,55078458f6622b6a47faf210f19c838d,delivered,28-12-2017 11:27,28-12-2017 11:37,04-01-2018 23:07,17-01-2018 18:02,17-01-2018 00:00
dd0611161b5da88aac7b99d9c6cd41d6,148078d68b6cdee7fb155cfd58d29bfa,delivered,31-01-2018 13:33,01-02-2018 11:50,06-02-2018 17:06,27-02-2018 21:42,05-03-2018 00:00
77de2b6b4ddbe44561245ee168593b5e,080be1fb261fa4104673e0388e5ed508,processing,11-02-2018 20:30,11-02-2018 20:49,,,06-03-2018 00:00
030e16ae69706dde9e78557f9b501657,a33361b4c45890c7b762296a3eec1f9b,delivered,26-05-2017 16:12,26-05-2017 16:22,30-05-2017 16:26,31-05-2017 11:25,08-06-2017 00:00
cf439d61252ef55f81ce2e531d64a275,aee0e70971aa92341d9c81d57319d6ee,delivered,15-05-2018 16:45,15-05-2018 17:37,16-05-2018 13:49,23-05-2018 21:32,29-05-2018 00:00
15835fb051f32800c847b351f2a31f9b,7c0a001c31242de2b27991f4f0fca4a1,delivered,13-02-2017 21:14,13-02-2017 21:25,14-02-2017 09:16,21-02-2017 14:21,14-03-2017 00:00
3585d13e3147a56c82596757cff8c66c,7dac8e502779cdc34ef4e6ead6b5d576,delivered,25-04-2018 22:12,25-04-2018 22:31,27-04-2018 10:16,08-05-2018 16:08,10-05-2018 00:00
10cba0be7bc27288b512d87a719b97e5,5e7f31c7eb308dde013b9cd6f31ac8bb,delivered,12-05-2017 15:01,12-05-2017 15:10,15-05-2017 14:39,16-05-2017 18:21,22-05-2017 00:00
3b4ccaa47ae0c0d6966133bcdb0c8ad4,d7c999073dcd1bce8c712cbbee9e30b2,delivered,03-12-2017 16:06,05-12-2017 04:11,06-12-2017 18:58,29-12-2017 15:43,27-12-2017 00:00
0a7d898c6305101e69e9f5a05cd0130d,3960b54ae7f5ec5965a08bf94efc2411,delivered,12-06-2018 16:38,12-06-2018 17:13,14-06-2018 12:25,29-06-2018 21:15,11-07-2018 00:00
4042753ccc5a8c7ab778aa7856ca6230,9cb76e2e1b7aa98660472611bed4874b,delivered,02-05-2018 00:41,02-05-2018 00:56,02-05-2018 14:17,08-05-2018 15:52,21-05-2018 00:00
5a008db40659290cadbe2a57493bc273,abcbd85506e144160bee308811967a35,delivered,19-09-2017 23:46,21-09-2017 02:50,27-09-2017 19:09,04-10-2017 20:53,05-10-2017 00:00
851edd7bad3021e86dd7fa72e9a5688a,904c9a7f393dd1602377ebac952caf80,delivered,14-07-2017 14:34,14-07-2017 16:35,18-07-2017 19:03,26-07-2017 20:23,11-08-2017 00:00
bd1addb3e998af6689dacf2d7619ece3,4d640f85482c23980bedcc13a8219e23,delivered,03-05-2018 22:54,03-05-2018 23:10,08-05-2018 16:52,10-05-2018 23:14,24-05-2018 00:00
4bc05b9413beec5d8360baac48258100,a78562d82bc91b39f93a7e43dc5122f2,delivered,11-07-2018 22:17,11-07-2018 22:26,12-07-2018 13:32,24-07-2018 09:31,07-08-2018 00:00
06ff862a85c2402aa52dc9edf150bf30,0a978c825ff7d013133ddc7f77566172,delivered,30-11-2017 13:31,01-12-2017 11:30,01-12-2017 17:51,28-12-2017 22:27,28-12-2017 00:00
fdf8844cd505f957ba4349c95ad5357c,fdcf8902237d2c8986eaa7fe344542c9,delivered,27-06-2018 10:20,27-06-2018 11:06,03-07-2018 14:12,09-07-2018 19:03,24-07-2018 00:00
ce5f7f7ad317c7433154353ccd683f5b,739ad04dbd001a664c854b570c40b07b,delivered,25-10-2017 13:39,25-10-2017 13:49,27-10-2017 17:58,30-10-2017 14:46,07-11-2017 00:00
1e988c7630b31701946a24a362ae9dd7,57d95ce76c2b8f88a38fee409eee5fa5,delivered,19-07-2018 08:40,19-07-2018 08:55,20-07-2018 15:32,02-08-2018 11:17,08-08-2018 00:00
23450be385c992f3c2a398025c48db20,fa67ad79c559ad64c2831dfb5103a716,delivered,16-12-2017 20:06,16-12-2017 20:16,18-12-2017 16:14,19-12-2017 22:12,05-01-2018 00:00
785c89d4e249aa8f0ec838dded807fd1,6855f38cbbe15fbf194c2a7153cb1084,delivered,07-01-2018 13:21,07-01-2018 13:29,10-01-2018 18:46,12-01-2018 20:57,24-01-2018 00:00
1ce397b1df28355ed4f928b2b322db98,40ddde594ee634dc7553a1db8c39275e,delivered,20-03-2017 10:44,20-03-2017 10:44,22-03-2017 12:16,27-03-2017 15:13,06-04-2017 00:00
6ff5660ec1019c0a3c3f90871174467b,b63498f62744d6304da09ded0cab9677,delivered,28-07-2017 21:03,28-07-2017 21:15,31-07-2017 18:03,10-08-2017 18:49,21-08-2017 00:00
7affac81820aaf2175139fb5e1f2b4c0,1e786e4256c8012edd4a951d80a06718,delivered,13-02-2017 15:23,15-02-2017 03:03,16-02-2017 03:37,24-02-2017 17:42,14-03-2017 00:00
bc04e2bb63324cc86f60dccdc3f568cf,0ab59d45d567a5ccce8b3404fb5b44bc,delivered,01-11-2017 14:08,01-11-2017 14:31,06-11-2017 17:58,15-11-2017 15:21,29-11-2017 00:00
cf753c9874f18f99ba2ae6ae04632905,a9b0200cc7ddf5f4d78a31ad5b0ddfc7,delivered,31-07-2018 19:39,31-07-2018 20:20,03-08-2018 11:10,06-08-2018 22:58,13-08-2018 00:00
d8ff321383376dc17f0dc69b56fecffe,c44591b0739eb5323ce32b31619a6396,delivered,08-02-2018 19:05,08-02-2018 19:40,09-02-2018 19:38,16-02-2018 17:16,12-03-2018 00:00
ff85f6534f8a6b89e27a340dcf86ecac,599c3538fbec0c9e9c2c73b4d1694d30,delivered,02-05-2018 15:56,02-05-2018 17:31,03-05-2018 14:16,15-05-2018 19:18,11-06-2018 00:00
ed20b1dad0625f2d7d577cba09798687,e9f8daa4f14ca77c9604150fcb6b72d7,delivered,31-07-2018 17:07,31-07-2018 17:44,01-08-2018 14:34,06-08-2018 22:51,14-08-2018 00:00
54232ca33e8e55a669a5f26927049f32,9156ed230c7216ef5f4eed2b0fae39ee,delivered,26-11-2017 21:48,26-11-2017 21:58,29-11-2017 23:29,04-12-2017 18:53,15-12-2017 00:00
39db24edc355863bd882c7e44c782993,f79a79ee780df2dff33e4f6f6536223e,delivered,13-01-2018 22:03,13-01-2018 22:10,17-01-2018 16:14,06-02-2018 18:35,19-02-2018 00:00
34db12eded81bbeb870aa3fae6848f90,f26a3ca1beb5430f03e91621c7428b46,delivered,06-06-2017 21:33,07-06-2017 02:22,07-06-2017 11:41,12-06-2017 19:08,28-06-2017 00:00
73fc09cb2735860973151bca6dbc4169,4daff91e03d519f97b49371de65d405e,delivered,27-06-2018 21:46,27-06-2018 22:10,28-06-2018 11:57,09-07-2018 19:22,24-07-2018 00:00
a322a4aa3b0a9b47a6760a03ee17ffe8,d312c73308e9c429a61aab82e16b7f6a,delivered,07-01-2018 11:53,08-01-2018 13:01,09-01-2018 20:51,22-01-2018 22:23,09-02-2018 00:00
8b04755969f401703034739a68acf0b3,dae9ee97d14a1f5ab75b863226a72df4,delivered,20-05-2018 18:36,20-05-2018 18:59,21-05-2018 17:34,25-05-2018 15:56,29-05-2018 00:00
21826e0954bd6550ea7b7a5665bc636f,15eb63626515b70de392cc4d9009e2a4,delivered,16-05-2017 12:32,16-05-2017 13:10,17-05-2017 14:31,22-05-2017 17:22,05-06-2017 00:00
81efa27a86ea057067f5160181f1be48,257f94d2e0cf3233164061fdd443ca8f,delivered,24-11-2017 13:41,24-11-2017 15:54,28-11-2017 20:51,07-12-2017 16:21,15-12-2017 00:00
d57be8fa0f204a8cf10389b3da1d2a3e,1fdc27be5c31f3a14982e372b4780dd2,delivered,10-01-2018 13:42,10-01-2018 13:49,12-01-2018 15:17,22-01-2018 16:25,01-02-2018 00:00
be6eea060429ae021a46df0a1990365c,2a9543cbe3f8f53d8f8a62237f3ba8f5,delivered,30-01-2018 17:46,30-01-2018 18:10,31-01-2018 18:32,05-02-2018 19:42,21-02-2018 00:00
ea8efd0043199fe88f31e1fea2e840f6,a17a7b3ef3d9a5c528919354288dd99b,delivered,21-07-2018 13:16,24-07-2018 11:33,26-07-2018 11:09,06-08-2018 19:42,22-08-2018 00:00
3bf31ab7902ee8a53800c1f3d57651eb,bb88b693c753625fac6cbb7cf28caeac,delivered,24-04-2018 09:31,25-04-2018 03:51,25-04-2018 12:35,09-05-2018 21:46,15-05-2018 00:00
eb0a68abb1cdcb47bf4cdf70f6e14d65,bb83abeba94ed035926bc7f143ecc0e6,delivered,15-05-2018 13:36,15-05-2018 13:55,16-05-2018 15:27,21-05-2018 21:11,05-06-2018 00:00
66bb893cb22818f4c91fdfcf9e2a81bf,169501e220f0093ccd895f3dc48431cd,delivered,07-08-2018 10:11,07-08-2018 10:24,07-08-2018 12:35,14-08-2018 22:58,29-08-2018 00:00
79f9a48657445e95909801ea6a7e44a3,9be56b2c15bdf5ad08472fe9a4d77938,delivered,22-08-2018 10:38,23-08-2018 19:31,24-08-2018 14:46,25-08-2018 12:18,30-08-2018 00:00
d56851f342ee399d61852bdcd356a663,7c788d83e0356f02c08005726563909b,delivered,26-04-2018 10:42,26-04-2018 10:55,26-04-2018 12:09,30-04-2018 17:48,16-05-2018 00:00
ba411c67fe5e146b1838dc69b0c732e5,dca27253c644f323a50bff41c1db2ef3,delivered,05-08-2017 11:51,08-08-2017 04:15,09-08-2017 12:06,11-08-2017 21:33,23-08-2017 00:00
f538203e8721d06d7984cee6e148b9f0,e91ecbc9e1c67b0102b5a56e41965770,delivered,24-11-2017 19:47,24-11-2017 22:58,29-11-2017 15:46,19-12-2017 21:08,27-12-2017 00:00
8b5c910ccad3b27e2876ad9eb90bbb53,3e17ed0c309122328824d65f3d0c2a08,delivered,13-10-2017 09:59,18-10-2017 02:57,18-10-2017 16:10,23-10-2017 17:03,03-11-2017 00:00
49e720bd050835a646e0d5e8a89a42ea,dbebe78b9864f488fad78e9edbfb8bda,delivered,15-08-2018 19:12,15-08-2018 19:23,16-08-2018 15:34,18-08-2018 17:51,21-08-2018 00:00
e4cb234bf724fa255f0ecd4d95f72a9f,b1190421767ae467d7e6e9c7659a12ee,delivered,12-08-2018 22:48,13-08-2018 22:45,15-08-2018 08:11,20-08-2018 18:07,29-08-2018 00:00
8623ddd82259f932337ad9f727cd25b5,73c81eed8822aec98bc389ccce382294,delivered,22-08-2018 01:37,22-08-2018 01:45,23-08-2018 07:17,27-08-2018 20:32,10-09-2018 00:00
0e259b373316a562c9e71cd725ce1120,11087d8124a9ffd315a2db43ec1f2e43,delivered,17-08-2018 10:32,17-08-2018 10:49,20-08-2018 11:06,25-08-2018 16:18,04-09-2018 00:00
82fa967d1d3bc56f31565b771fe79181,4d36af0b2f66083f21a8f7d549647d6a,delivered,08-03-2017 15:00,08-03-2017 15:00,13-03-2017 05:32,16-03-2017 17:48,03-04-2017 00:00
278795fa6c02df5eb7e3549cf3722fdc,921fdc244d0ab2156a464cb5035518b5,delivered,04-04-2018 14:36,04-04-2018 14:50,10-04-2018 18:31,16-04-2018 17:07,26-04-2018 00:00
7a73dbb7b879e915cfd13e75852d910d,2fc18e96c5987ff9e0f2e3ca600cd075,delivered,03-10-2017 13:05,05-10-2017 02:49,11-10-2017 20:37,13-10-2017 20:28,20-10-2017 00:00
e7f30a3abdc763c660d1dc442dce909f,981dc5e9b0855c9d17f0819bb3c4f27e,delivered,04-05-2018 11:28,04-05-2018 11:51,07-05-2018 12:55,11-05-2018 00:27,30-05-2018 00:00
b8c3df75fc496cd9299a8ff31f483351,dba0672d5a3558c6fbde36b9d03fbfa6,delivered,06-01-2018 13:44,09-01-2018 07:21,17-01-2018 17:30,07-02-2018 23:36,15-02-2018 00:00
956df0791d1e89e540bca30c351fece1,45d4713718919c4e07c8dd7d0797f63e,delivered,03-05-2017 16:07,03-05-2017 17:10,15-05-2017 15:42,17-05-2017 16:54,26-05-2017 00:00
7e25a709518d3b5b51fab58d605ea0e8,f26da87c662e29c4680a07cf6e7f3a97,delivered,04-04-2018 18:42,04-04-2018 18:55,07-04-2018 01:12,19-04-2018 00:28,25-04-2018 00:00
7444a57e086e68992dea35c06079521d,a2c1c3470d4d505268abe4de69b6a9a6,delivered,14-05-2018 19:24,14-05-2018 19:35,15-05-2018 12:47,21-05-2018 16:31,01-06-2018 00:00
49a87cbe0678fc2f068332f42fa05241,309d5fcef3ce034d709f2f89550f8b4b,delivered,02-12-2017 20:02,02-12-2017 20:16,07-12-2017 00:41,12-12-2017 18:58,27-12-2017 00:00
c7c8b7eca811b5f2d08999ad1c3e4f9d,62104fadfa739ae952769448b2e3886c,delivered,09-06-2018 20:36,09-06-2018 20:59,12-06-2018 12:38,25-06-2018 20:32,11-07-2018 00:00
18f1f69eead979dddab0c5fda4df6a16,8011fefcdf20c376556c1f88c426c986,shipped,11-03-2018 23:39,11-03-2018 23:45,13-03-2018 01:48,,13-04-2018 00:00
9b8ad49cf4b6a81aa48baddcc0d7cc1a,f49c3a2b208956b0c1f7d23c443de618,delivered,18-06-2018 18:46,18-06-2018 18:57,19-06-2018 19:14,21-06-2018 00:32,29-06-2018 00:00
a08d1f4b300c3d7ec52f5f9a74234eca,e2c852f36be265c817eafd880884b206,delivered,10-10-2016 11:08,10-10-2016 12:02,21-10-2016 16:02,21-10-2016 16:25,30-11-2016 00:00
4478be65e69dff16ebd5739137d33057,1d51028a137ae04a286fa2d4643543a6,delivered,31-01-2018 12:54,01-02-2018 20:35,02-02-2018 22:19,05-02-2018 21:35,16-02-2018 00:00
79b01840e1837dee7c52f10d375f4edd,12e5da270cb6349f4f8781521a208d6b,delivered,03-05-2018 11:57,03-05-2018 12:54,04-05-2018 19:07,09-05-2018 17:03,22-05-2018 00:00
6c6971df6cfa20527e3e3d32aded78b1,4303f036861990814a1cb67ff02d50a2,delivered,30-12-2017 16:45,31-12-2017 07:55,02-01-2018 16:09,17-01-2018 20:43,30-01-2018 00:00
8c8eb180639e9bf917a45e7acef96a42,b257fa82ab6a82951427d42fe49de736,delivered,20-07-2017 13:58,22-07-2017 06:42,26-07-2017 15:37,27-07-2017 22:01,08-08-2017 00:00
fad3596ad757484b111f9f9377fe7dc4,b2a03dcda700815bdf537c94a0303309,delivered,07-03-2018 22:17,07-03-2018 22:30,08-03-2018 23:17,09-03-2018 23:58,19-03-2018 00:00
5dc4e4e9a4f28d5bda7879562fece272,b289433480170bdf5b7bfa7adec75570,delivered,04-01-2018 11:47,04-01-2018 11:55,05-01-2018 13:52,10-02-2018 01:32,07-02-2018 00:00
0c6a968e3824f733a18b9c40b2620865,4d3afd054c81809d99eacd8a22e08075,delivered,29-05-2018 16:12,29-05-2018 16:39,30-05-2018 12:22,07-06-2018 16:28,19-07-2018 00:00
fd766da8b074a9d9399eee9b28525f83,3b31d1a929da02500930b2d475bcac0c,delivered,05-03-2017 21:24,05-03-2017 21:35,06-03-2017 08:41,14-03-2017 18:12,28-03-2017 00:00
16f7bcfa3d20c4e61a2ae69c2132d25e,997fd5f191a3b515c36618df00c53edb,delivered,11-10-2017 09:33,11-10-2017 09:49,13-10-2017 21:43,19-10-2017 16:52,01-11-2017 00:00
9d3accee31f94310856759efbff805f0,0d4b78e7e121e21dbdf23cf165fea19b,delivered,26-09-2017 15:40,26-09-2017 15:56,27-09-2017 15:25,04-10-2017 20:05,24-10-2017 00:00
84b29272f58b0da99f8884fd87681725,347995a62a8ddfe4b7201c431a3c5e53,delivered,21-05-2018 17:00,21-05-2018 17:56,24-05-2018 12:43,07-06-2018 18:47,08-06-2018 00:00
11f81f5b3445ad54e4c793afe6337986,f1f4a5639312c4cc925f1633df0bbf57,delivered,21-08-2017 10:33,21-08-2017 11:04,22-08-2017 19:20,23-08-2017 18:55,05-09-2017 00:00
32c0f2887a1713ac4c720ebd9a65bae9,7306c159c7f7c1dfc52c15c62530ea69,delivered,08-11-2017 21:07,08-11-2017 21:26,17-11-2017 20:16,28-11-2017 19:35,08-12-2017 00:00
2bb61c947b878153fb951d9135cc19db,6417fee841ab1673eaa999d2cdaeffe8,delivered,10-01-2018 11:04,10-01-2018 11:17,11-01-2018 23:44,16-01-2018 18:21,06-02-2018 00:00
26ac15c4f69145c3a0ce4f2ebccd2a84,e02f5d3db6a97933d8d9a4dfc6a69ea4,delivered,26-11-2017 00:22,26-11-2017 00:33,29-11-2017 22:37,27-12-2017 19:07,26-12-2017 00:00
03ebfa9712b7dbc7031291856263b314,4024b83c510f004326fbcf0671738663,delivered,23-03-2018 11:20,23-03-2018 18:48,26-03-2018 21:17,27-03-2018 15:04,05-04-2018 00:00
dfb04e7088e5e8c05d7b8a21be219457,74ef27bf0bc2804bbe36ebc874124085,delivered,02-07-2017 13:17,02-07-2017 13:30,03-07-2017 16:22,18-07-2017 17:57,31-07-2017 00:00
94f4fa3cc26c08b0240ebb6e8934b6a1,9530b9f86c2f46c3e66ffe405c1669ab,delivered,12-04-2018 09:28,13-04-2018 12:50,16-04-2018 18:04,24-04-2018 16:46,09-05-2018 00:00
6a83e5c040d9fc9d14c1035925ecee1f,a85c9694bb212b94285c40933fd6191a,delivered,02-07-2018 18:42,05-07-2018 16:15,04-07-2018 12:22,27-07-2018 16:48,25-07-2018 00:00
964fe5acdd4fc63622ac6114f7803336,0d518971497ae58588456b60337137af,delivered,11-06-2017 22:11,11-06-2017 22:25,12-06-2017 14:26,26-06-2017 16:38,11-07-2017 00:00
e89ced624c37029ad8e8e12f036a1a55,d5a5625b39625a4576819d8b5b2c828a,delivered,04-08-2018 21:26,04-08-2018 21:44,06-08-2018 16:28,08-08-2018 16:35,20-08-2018 00:00
6d1f5da238306b0008063ff2f93feac9,d0c2b163c8b4b73d70c5dfe22e79839f,delivered,24-03-2018 19:51,24-03-2018 20:08,27-03-2018 00:08,27-03-2018 00:08,13-04-2018 00:00
bc1719cc645341cf9ae61983e31f26bd,1f525c90c7df6b890e6f7ca5707815f7,delivered,28-05-2017 23:17,28-05-2017 23:30,07-06-2017 14:09,08-06-2017 11:15,09-06-2017 00:00
bb9a5a9d8a6ff80eabda95e3b78f0a45,03d88c22a063771d871d7ad4fc182cc8,delivered,09-07-2018 22:59,09-07-2018 23:10,10-07-2018 13:10,13-07-2018 21:12,24-07-2018 00:00
45920ad3d9899cb3c75de086024c18c8,a7bd7bcfe3fa72f1c1a3565f7dde6ca2,delivered,12-11-2017 22:33,12-11-2017 22:50,14-11-2017 15:51,06-12-2017 15:04,06-12-2017 00:00
3af9626db61282e337587628095b992b,b754d773c79ae5386448977863a4b831,delivered,24-07-2017 22:15,24-07-2017 22:30,25-07-2017 22:03,01-08-2017 19:07,17-08-2017 00:00
d01376995a52b231a198a5f484b20841,4cac8b7a9ef92a68ee57202a8d8b9376,delivered,25-02-2018 16:14,25-02-2018 17:07,01-03-2018 17:25,08-03-2018 22:38,21-03-2018 00:00
24b137d6259a0c0cbd646f179e2ca35e,febf5be282b3d17142f2d183967aae3f,delivered,15-04-2018 17:18,17-04-2018 05:50,17-04-2018 23:32,09-05-2018 00:32,11-05-2018 00:00
2fd30a0079e9100628c92bb583ff56ec,5a4e6b9af6ad6e44591022085ed62a7b,delivered,06-08-2018 14:38,07-08-2018 08:35,09-08-2018 14:21,14-08-2018 20:18,16-08-2018 00:00
039450cd44c5b6c68f8d2bada4eb315f,b797ea51195bc7d2e372d6243af24b02,delivered,22-01-2018 19:04,22-01-2018 19:14,24-01-2018 00:38,27-01-2018 00:26,14-02-2018 00:00
6e69e79ae5c37939561c11bf79f4b866,1c857d239f86acacad32b189658a5b20,delivered,30-04-2018 21:08,01-05-2018 03:15,02-05-2018 14:28,05-05-2018 10:41,17-05-2018 00:00
a9456d47156dc580a5421d6b0a12074b,e42a0192b918b437a37f3dbf12b49f4a,delivered,02-08-2017 13:00,02-08-2017 13:15,04-08-2017 20:27,09-08-2017 22:17,24-08-2017 00:00
53fbedbd16ccffa3a54c400edbb3fecb,fd4abff6bfb418f4130e7d483f4ee097,delivered,10-03-2017 22:01,10-03-2017 22:01,15-03-2017 16:11,21-03-2017 10:07,31-03-2017 00:00
3c35a673012104c0ceb001325c00bff4,358c19bbbb97654500cc288498104566,delivered,18-05-2017 15:47,20-05-2017 04:10,25-05-2017 10:38,29-05-2017 11:07,20-06-2017 00:00
4877379c51fc3c3826e6a62427675966,9408bd679b8ccfd8de92376ac0cf405b,delivered,02-03-2018 15:06,02-03-2018 15:29,05-03-2018 19:49,23-03-2018 23:08,27-03-2018 00:00
4ea17d0c90f37e942470706403d14a7b,0f706ec7f0225311966ee2f5358a47a6,delivered,15-08-2017 20:28,16-08-2017 00:04,16-08-2017 17:43,30-08-2017 17:52,15-09-2017 00:00
583daa63abcdc20ed6eab2e6a99e44a2,3e93838115ab9cd9cd49e91c2916124e,delivered,24-10-2017 19:11,24-10-2017 19:28,25-10-2017 19:32,07-11-2017 17:06,17-11-2017 00:00
127db093fee728a76262a027b66556aa,b9c05cfc28f1dd72313d61b139faab45,delivered,21-05-2017 16:31,21-05-2017 16:42,29-05-2017 10:42,03-06-2017 09:58,08-06-2017 00:00
bf7da01f9f2b27e2fc1b817b43504337,4be9341dff0e158e15b7b68ae7cf3479,delivered,04-06-2018 13:27,04-06-2018 13:51,05-06-2018 08:02,19-06-2018 01:38,18-07-2018 00:00
1dc839387052269a40a3e539aa949980,352229ccbe6ea1ed2d11322482ddb83a,delivered,05-07-2018 10:30,06-07-2018 05:10,07-07-2018 09:17,12-07-2018 21:18,24-07-2018 00:00
30a0d918b3ba882cd4f3557a0ac1182c,c0b858152a08ed0619c1f5adfbbd0c94,delivered,06-09-2017 18:08,06-09-2017 18:25,13-09-2017 17:13,19-09-2017 20:32,03-10-2017 00:00
c442abd5622d3602e7e1951edacfd007,48de0ee37af96ec27bed6414c071d5fa,delivered,24-11-2017 19:05,24-11-2017 22:33,28-11-2017 21:43,29-11-2017 18:10,11-12-2017 00:00
f390346ecbf61a6b81b92017a7410df1,3e4e70d528e3a7562a3b500d1232eee3,delivered,06-11-2017 18:41,07-11-2017 03:31,07-11-2017 19:28,26-01-2018 12:51,24-11-2017 00:00
f7254acdb2c708372182c21f4ef3af88,2d52316d85ed03468576e14c787d8518,delivered,19-12-2017 23:15,21-12-2017 02:12,22-12-2017 18:53,08-01-2018 19:27,30-01-2018 00:00
dc5f7bc4c5617c381a1943ba3d5cabcd,875046d70b322a1aedb1b9b0fb475af4,delivered,30-10-2017 15:55,30-10-2017 17:31,31-10-2017 20:22,03-11-2017 19:19,14-11-2017 00:00
d9f95380355620563827773435496b67,96a68cae26d14cd164323c6bcc6eba60,delivered,30-01-2018 21:33,01-02-2018 08:31,06-02-2018 00:58,16-02-2018 16:49,21-02-2018 00:00
2728d62e6ca51781ee895aca18a89f31,f1121ff6d658b43800b6f8c7c3c8d9e1,delivered,01-08-2018 16:59,03-08-2018 02:50,13-08-2018 14:45,17-08-2018 14:24,20-08-2018 00:00
dbbe1b2ff4094c09c4a05b045b71e81b,9a065c823cff415e4f55f96429c6cd28,delivered,01-08-2018 20:44,01-08-2018 21:03,02-08-2018 12:56,09-08-2018 16:20,12-09-2018 00:00
ac3af18d419f856bb7346664d8bc6438,18d9916b9d0b1ae261abccaa6d2c4741,delivered,06-06-2018 14:49,06-06-2018 15:12,07-06-2018 11:45,09-06-2018 01:22,03-07-2018 00:00
92e79e31ca65b56eb2940e5f08d07305,cf98656ddcf36a892e54b3475508e457,delivered,18-08-2017 23:15,18-08-2017 23:30,22-08-2017 13:54,12-09-2017 21:19,14-09-2017 00:00
fc1d9429da446a147d438d41350a2932,8b13d2050940cb8d6a7203e69f279254,delivered,23-10-2017 16:29,24-10-2017 07:14,06-11-2017 22:11,18-11-2017 14:31,23-11-2017 00:00
ed4f3a7d90215313e0c485f97f640584,5fb977f8993bfc56667ab1f3e5012633,delivered,24-05-2018 18:04,24-05-2018 18:38,25-05-2018 07:03,07-06-2018 02:12,19-06-2018 00:00
335cf1cb074c8dfcdf59bc86f8255409,29e227115fb68d196f0e1dab3c40a622,delivered,15-05-2018 09:08,16-05-2018 09:33,16-05-2018 08:57,08-06-2018 15:39,12-06-2018 00:00
6ed7913722200b05e7d5df38f1ee777e,6454f48d32c3c0a57fcf9e1d25603ce9,delivered,09-08-2018 07:17,09-08-2018 07:30,09-08-2018 11:55,15-08-2018 12:02,27-08-2018 00:00
8a6bf1083cc2efc062e037e474622de6,64f0ed97c13c1388088e93454db40488,delivered,20-03-2017 21:54,20-03-2017 21:54,25-03-2017 09:26,01-04-2017 08:47,10-04-2017 00:00
bcd37480e5f21eaf2b524c8e9724d099,fbc839b74c648a39b750799b58a13e0f,delivered,24-11-2017 22:55,25-11-2017 01:53,28-11-2017 21:26,07-12-2017 00:24,27-12-2017 00:00
b951cb6562f56cfb404cd77c81262f25,83116a97d5035c15ca0e75dc2b848bd9,delivered,26-12-2017 10:24,26-12-2017 10:36,27-12-2017 19:42,04-01-2018 21:27,24-01-2018 00:00
756445ff67f2676d72ae774c8cb5b0f0,5ea703be990cea78e9615d9a636ba28e,delivered,17-01-2018 19:40,17-01-2018 19:53,20-01-2018 00:23,01-02-2018 01:32,15-02-2018 00:00
5bbe496e9e32884e4f0260f1b6bd6c3d,da6f87409fcc1f75e9bce0ff233ace2c,shipped,06-07-2017 14:42,06-07-2017 14:55,07-07-2017 12:04,,28-07-2017 00:00
b825b53d8136d85eb4cbe60a1bd275f5,ec4f3f98da53dbaa4db16505b37f82c0,delivered,05-09-2017 14:48,06-09-2017 02:50,06-09-2017 21:22,12-09-2017 20:53,22-09-2017 00:00
268ccd28fb62008e06398dc300d3f0bf,0061937e85c708a41f5d5b24405d0f50,delivered,25-06-2018 11:57,27-06-2018 08:35,28-06-2018 15:11,29-06-2018 13:38,12-07-2018 00:00
f23681a0fffdb8051c674707c7e912ef,7930549f156eea2b01b0fc2fdd323063,delivered,15-07-2018 02:11,15-07-2018 02:25,16-07-2018 13:53,21-09-2018 23:46,06-08-2018 00:00
b1e68c1ac52a1a5cb5051d07ae91ff06,cf34464d3b5d4a957dae9c0ef4a7d27e,delivered,18-03-2017 11:36,18-03-2017 11:36,21-03-2017 08:45,27-03-2017 13:22,26-04-2017 00:00
83812118bb682267a9880ea1b261ac4b,6b4acd0818e5852c5271cb061ccbb493,delivered,04-10-2016 15:07,07-10-2016 10:12,11-10-2016 10:12,31-10-2016 21:57,08-12-2016 00:00
056793ca2483a5d5943cb5bd90f5b314,25308e9c16af1a99ce8c88b431f0bca5,delivered,27-08-2018 15:04,28-08-2018 03:50,28-08-2018 15:48,29-08-2018 15:58,30-08-2018 00:00
8ec04c0efbc0a4a711cf9a6b2878c105,f6a861bd3c061ae773db24088455097b,delivered,20-05-2018 21:31,20-05-2018 21:50,21-05-2018 15:31,28-05-2018 17:53,01-06-2018 00:00
6d3973dc513ec7f3894ef3d39afe52a2,03261691b84979dde436e5752ebb28c7,delivered,16-06-2018 07:34,19-06-2018 04:16,20-06-2018 16:02,22-06-2018 13:32,05-07-2018 00:00
4516299f280a0f30720256ae0cd592d6,582ec2f9229bb3014866b31f73def34f,delivered,13-09-2017 18:12,13-09-2017 18:25,14-09-2017 18:53,18-10-2017 13:05,09-10-2017 00:00
7d63cb1d349e7bd0ee1edcc61ea71077,484711e3d14ac75fb874e949b3a28395,delivered,14-08-2017 15:30,14-08-2017 15:45,16-08-2017 17:04,24-08-2017 18:05,04-09-2017 00:00
b11073519dc9fe626df6281aa1965522,4f3ef3bae0d531a175d66f875cba84d1,delivered,16-11-2017 12:29,16-11-2017 13:10,21-11-2017 01:56,27-11-2017 16:22,05-12-2017 00:00
48761cfd8309604ddb00a812ae7d9473,ef546a9e08a36c4b877691daccbc4304,delivered,16-08-2018 00:40,16-08-2018 16:40,16-08-2018 12:41,23-08-2018 00:16,30-08-2018 00:00
c7b44077f6d014b67c3164e103e3bf02,19187bc9fab7457748d4dc42a9e1c6fe,delivered,21-11-2017 21:24,21-11-2017 21:36,23-11-2017 19:52,30-11-2017 20:07,01-12-2017 00:00
e88c89f6e503fc7445b55278cc926d47,dee7ddcec90991cf0c9425681a6cd397,shipped,16-04-2018 22:51,17-04-2018 05:55,17-04-2018 22:42,,03-05-2018 00:00
d9650d5b64446b09351a038e66c19467,6bf8c622e219d5ce11831729248ceab7,delivered,07-05-2018 15:23,07-05-2018 17:57,08-05-2018 13:58,15-05-2018 17:00,06-06-2018 00:00
41d5636cfaa3b8436beab84388cf73d0,e3ca9adedf7464a8e2c2802ed1fe3757,delivered,16-07-2017 15:21,16-07-2017 15:30,20-07-2017 20:11,22-07-2017 15:04,28-07-2017 00:00
78a7adcd1aae3a0e7f0f3b40d27f0aa6,b071dce336bf942fbd27a73e53dcad66,delivered,04-01-2018 15:07,04-01-2018 15:15,05-01-2018 21:06,18-01-2018 20:19,22-01-2018 00:00
d9a857b8ca6c8ca6a97e6977be3e47bb,4d6ea1b19aa670516d625c6da25d954f,delivered,08-02-2018 22:22,10-02-2018 02:35,16-02-2018 16:43,05-03-2018 22:38,14-03-2018 00:00
5209e430c4a82e1eb7cd636ecbb573a3,2dcdd89fa50e9aa7e0105eddff0fbbc6,delivered,05-10-2017 20:09,06-10-2017 20:07,24-10-2017 19:03,21-11-2017 23:04,09-11-2017 00:00
7e0710390947061c95e5a19aae5dd14a,83ab0b0599bfe9b384a53a6ff93b621e,delivered,25-04-2017 14:56,26-04-2017 09:35,26-04-2017 10:44,02-05-2017 15:59,12-05-2017 00:00
1cc47b4855c5d2cf01a73dc8ae838079,7763b62148e46d4c396f80e4f589930c,delivered,06-12-2017 12:33,07-12-2017 03:16,07-12-2017 23:34,27-12-2017 16:13,08-01-2018 00:00
d6ef78a86ea5cdf1238f68102c64b6c0,259e7de24e5dc43cccd9cb271167bab1,delivered,09-06-2018 01:44,10-06-2018 10:30,12-06-2018 11:44,19-06-2018 16:56,16-07-2018 00:00
c61424020aa28e6b14fbc18c80ad8a3d,8e957cdfb5ecdb1128b8fa65ebcd91af,delivered,06-07-2018 07:20,06-07-2018 07:31,06-07-2018 09:09,11-07-2018 21:26,26-07-2018 00:00
d2293747fc2b2b42e4fd0d3ffb707ffa,bd92a8b890c659ac8b0875d558c4e8df,delivered,07-12-2017 20:38,08-12-2017 11:56,12-12-2017 20:53,17-12-2017 14:52,27-12-2017 00:00
cefe70775d8821c8dcf166f843d38d1d,24ceded0c5fd4e9940168f0a183d4885,delivered,19-12-2017 12:39,19-12-2017 12:51,23-12-2017 12:28,08-01-2018 15:14,17-01-2018 00:00
8ef18fd729df2df941103728a3ff954d,ad468aa44c8d5c72b0f35eed9d11f73b,delivered,22-06-2017 15:36,22-06-2017 15:45,26-06-2017 13:35,27-06-2017 12:33,05-07-2017 00:00
8e568e54d86a184f57025de47a359ad8,218c4c3fdefeacdd18ecd0bd5ebb827e,delivered,27-11-2017 18:39,27-11-2017 19:12,30-11-2017 00:38,01-12-2017 18:52,11-12-2017 00:00
bd198b62b5d99af74a4c0dbf717fd5f0,0f1136795aeced1e4e1eda78813a535d,delivered,13-03-2018 06:48,13-03-2018 07:08,13-03-2018 19:42,12-04-2018 20:18,03-05-2018 00:00
53c7592439c12d02630c4f0da48614bc,f89b63fb70a7ec9b7740ca031accb0cd,delivered,18-12-2017 12:55,18-12-2017 13:54,19-12-2017 23:51,26-12-2017 18:13,17-01-2018 00:00
3c655487f0c8e34cde2c7b67de8f08cc,5091c4ca04945991068cfba00258cc58,delivered,04-02-2017 19:06,04-02-2017 19:15,10-02-2017 09:24,06-03-2017 08:28,13-03-2017 00:00
d29b96c282ec82deff4feb268f3df620,fd70be8f679574571d4c1ad5dad835bf,delivered,02-06-2017 21:34,02-06-2017 21:45,05-06-2017 15:11,14-06-2017 16:16,27-06-2017 00:00
430da9e882483760910bef24ad74494b,9095f8235295adec01f72924097763b3,delivered,22-11-2017 15:25,22-11-2017 15:37,23-11-2017 13:56,06-12-2017 14:18,12-12-2017 00:00
de600694e63dc521b56a7fc6f01576d7,f4cdd4fc25b538733574c54d02784e3b,delivered,24-03-2018 22:02,27-03-2018 04:08,29-03-2018 23:28,04-04-2018 00:41,23-04-2018 00:00
ca7fc2f0ccaa981c829f79898f513337,fb4086949be6ae460da191548d650e6d,delivered,21-04-2018 18:03,24-04-2018 18:55,27-04-2018 14:01,03-05-2018 22:09,11-05-2018 00:00
d46d30516947c87bbcb5d6ce98da510c,9f882879a6fa0b1de2906aac483883de,delivered,09-09-2017 19:56,12-09-2017 04:45,13-09-2017 19:39,25-09-2017 18:58,05-10-2017 00:00
0f881abda9658ce5c28cca333059224a,7d03956727a1a2962e0e669629917bae,delivered,21-03-2018 17:01,21-03-2018 17:10,22-03-2018 18:34,24-03-2018 14:24,03-04-2018 00:00
2070a6c3c3a8f5c3c8688096d984ce9c,f8387978c63e1ebeb45d5f85d16249ae,delivered,26-05-2017 14:23,26-05-2017 14:30,01-06-2017 13:57,12-06-2017 15:34,26-06-2017 00:00
e31f08a6838e8fe22d5850d237cdb1e7,a577a139c2344a82239c539b29d9e66f,delivered,20-07-2018 19:23,20-07-2018 19:30,23-07-2018 15:17,30-07-2018 10:10,08-08-2018 00:00
01c4f4e08d9e8b7c5bd47e612285993f,51e4740dd528fe393562380ba49e41ec,delivered,24-11-2017 00:31,25-11-2017 04:30,28-11-2017 16:39,04-12-2017 22:36,14-12-2017 00:00
dacce96767ea2ce331e38a5ebcac5f25,315f814caff07be0d7cf52346a07adf1,delivered,13-01-2018 18:32,13-01-2018 18:49,19-01-2018 14:52,27-01-2018 12:48,09-02-2018 00:00
06de165212eea16e848d38f4392d5c11,2e3648e35008f6586b84e6ee8bbfd25c,delivered,19-06-2017 16:11,19-06-2017 16:25,20-06-2017 13:52,28-06-2017 14:09,18-07-2017 00:00
158745a153fbab78119f6c57c38c5306,884b6c27805ad0872cf7293dc876bc41,delivered,23-04-2017 21:14,23-04-2017 21:25,25-04-2017 08:22,09-05-2017 09:12,11-05-2017 00:00
be0d916fb5cf8a5dddcd98ad4905678e,3828833eaa94989b67eb1cf7e5f84524,delivered,21-11-2017 10:16,23-11-2017 02:38,24-11-2017 21:49,07-12-2017 10:05,07-12-2017 00:00
e6d3b5b66f40a99ac01da49f4c543e36,5ad1822b8f9f79c3b54bcc1346280bcc,delivered,19-04-2018 07:24,19-04-2018 07:35,20-04-2018 22:26,26-04-2018 12:22,14-05-2018 00:00
a3761cb6b3883a498fb7fdc5833dcfc7,55df82d9ca2503a4c310c29711f5bf99,delivered,13-03-2018 19:06,13-03-2018 19:29,15-03-2018 00:52,11-04-2018 14:58,25-04-2018 00:00
a5d15a04b449d50c1c003aa310e67649,bdb7900162ab12a8d513a360dbca93d1,delivered,11-08-2018 16:13,11-08-2018 16:25,22-08-2018 13:35,29-08-2018 17:24,28-09-2018 00:00
4533633faea8cc724b34db6788786b5c,f0bb4efad51f4c443c8d80330dbb5bdb,delivered,29-03-2018 18:08,30-03-2018 23:15,04-04-2018 01:22,05-04-2018 19:51,20-04-2018 00:00
5551af3c5c287246cc239e923963ef6c,1de5807441f95aea250436dfeded7acf,delivered,10-06-2018 13:43,12-06-2018 22:01,13-06-2018 14:57,20-06-2018 15:08,16-07-2018 00:00
8bfc859f734def7a579d24fe9b618da3,5b31d1ba9e2b08086f398b79477962d7,delivered,15-08-2018 20:51,17-08-2018 03:09,17-08-2018 13:17,29-08-2018 17:25,31-08-2018 00:00
6fcbcb1f955446e907a02e03b1808d25,895434c8d9230fae601c1d97c1bb7b38,delivered,29-04-2018 22:31,29-04-2018 22:54,30-04-2018 15:05,03-05-2018 15:03,25-05-2018 00:00
827d8ae687faef2e9c2bc79196b26f6e,bb837c97a08ecdabcf131bfd33098c27,delivered,16-01-2018 15:06,17-01-2018 03:34,17-01-2018 17:22,24-01-2018 17:18,06-02-2018 00:00
f3d641d9bf49ba992b999d270bef052b,8c7986a8516cd0fca2760e8cd92acfdc,delivered,02-04-2018 20:32,03-04-2018 20:30,18-04-2018 17:14,04-05-2018 23:22,24-04-2018 00:00
3f5ee98124031535645a99b8c198833f,69102d5701c84308921872f27b7f77c0,delivered,29-06-2018 08:16,29-06-2018 08:35,29-06-2018 15:20,10-07-2018 14:04,03-08-2018 00:00
452994e9759d6496b4b9667faf1c7af4,09b38464eb15dc38f7388212f156d894,delivered,26-09-2017 00:23,26-09-2017 01:00,27-09-2017 19:03,29-09-2017 15:13,18-10-2017 00:00
c95839b7dde4af387d35f35a382c512e,9035b9048ae02fc3b54e4f46e0cb9628,delivered,20-12-2017 21:37,20-12-2017 21:49,21-12-2017 17:59,27-12-2017 21:39,09-01-2018 00:00
e87da23aab323df28deb2e98d41a3fb0,e530863105eede13aab60014aa569bd7,delivered,24-04-2018 20:07,24-04-2018 20:33,25-04-2018 12:09,04-05-2018 18:58,23-05-2018 00:00
89b1385eac49c53b0d3946b29ee312a9,a7eae568f0a8e07d1213cb5c98f53a23,delivered,13-06-2018 22:03,13-06-2018 22:38,20-06-2018 11:25,21-06-2018 14:32,29-06-2018 00:00
fca0397489a3333e988ec1218efe40b6,27b295de7abd15ea08c2dcaebb4a3666,delivered,02-04-2018 17:34,02-04-2018 17:49,03-04-2018 21:44,09-04-2018 14:51,18-04-2018 00:00
bb9bdfcd9397da3c8481ef70b92df0c0,e3e5c15c73942261d698533066c9c3d8,delivered,08-11-2017 02:07,08-11-2017 02:26,08-11-2017 14:58,09-11-2017 17:44,22-11-2017 00:00
423557ab2406aca36516f1d1b9765ae7,94273e2b4bf5b5d2cbc3af09a36ddcca,delivered,05-02-2017 12:18,05-02-2017 12:30,07-02-2017 18:14,13-02-2017 10:54,03-03-2017 00:00
da5839ce50528e73a7b48bd91613d715,8410370c867c4cae1510ff62163cec28,delivered,21-01-2018 11:08,23-01-2018 03:36,24-01-2018 01:09,30-01-2018 19:08,14-02-2018 00:00
30dbb7bb7d4c27c3efd6ab7c9c27f9d0,d800694241d296896d49848bb19c62a5,delivered,03-04-2018 11:53,04-04-2018 03:29,04-04-2018 20:58,06-04-2018 20:04,13-04-2018 00:00
c2dd9179058f80c2932abec56feb7b7e,7ff339e9bc25bd16cf4d52a133e3b54a,delivered,26-01-2018 19:00,26-01-2018 19:18,31-01-2018 20:07,02-02-2018 21:13,14-02-2018 00:00
c21fcb36121a9b1c65eed7b20f0862bd,9b8af4016c309c2f095b858fe4d6d551,delivered,23-07-2018 12:20,23-07-2018 15:33,24-07-2018 13:57,01-08-2018 23:06,28-08-2018 00:00
9e3e7df33c7dfa9804a566b2b73e94d4,60a680ef34cdf01c83fa9e338954b8e9,delivered,02-06-2017 11:59,02-06-2017 13:05,06-06-2017 04:49,14-06-2017 15:43,27-06-2017 00:00
458e6791b5c8c62d0a48aae7f660b637,edb2c9160f064e4ef7bcd2b48722e399,delivered,21-08-2018 11:21,21-08-2018 11:31,22-08-2018 10:06,28-08-2018 19:51,06-09-2018 00:00
2373908388bcaa9a225c34e33d9e9f0d,d57d800819fe0e64bbd7b60653cb4168,delivered,05-11-2017 15:52,06-11-2017 21:36,21-11-2017 15:09,22-11-2017 21:14,27-11-2017 00:00
bf9acc5990b6873d744ebdbf14a73a92,d114e26102a11cbc6e7b8c37821d1aa5,delivered,20-04-2017 11:33,20-04-2017 11:50,27-04-2017 06:44,09-05-2017 09:20,30-05-2017 00:00
c43e62f314e84c60a3721d60017eff7f,5d298dce585ab9711f691fa5c1c22ee9,delivered,28-11-2017 21:52,28-11-2017 22:17,29-11-2017 18:22,20-12-2017 21:39,21-12-2017 00:00
a1238d801729f0d9e4e905696a213eb8,0098400373e087d3c231fb5d37834fde,delivered,23-03-2017 18:28,23-03-2017 18:42,24-03-2017 09:51,05-04-2017 10:14,20-04-2017 00:00
a2538594406c450266b29fb9a0338424,f51892a5889a968eb6dfbac2cf946946,delivered,21-08-2018 21:15,21-08-2018 21:30,22-08-2018 10:16,24-08-2018 01:21,24-08-2018 00:00
8b249044e8ce6377509b32dc840bfe76,892a57422d5ac192f783945dd2aadaeb,delivered,02-08-2018 12:06,03-08-2018 07:45,09-08-2018 15:57,20-08-2018 22:47,31-08-2018 00:00
0577713eb945f355426be26104c26b77,e156056171de3be3501585f3146ad708,delivered,23-04-2017 01:17,23-04-2017 01:30,25-04-2017 07:17,19-05-2017 08:35,19-05-2017 00:00
fe5934ce67c87c337cf9c8575d7772a0,a271cc85337445daaac5f4c73fa27f5c,delivered,01-05-2018 20:58,01-05-2018 21:12,02-05-2018 15:04,04-05-2018 17:21,15-05-2018 00:00
a55b72ebbf51055b6c5b083edbf8bfa2,fcfe3e1db275c2d865a98eeb413bc26a,delivered,15-02-2017 14:37,15-02-2017 14:50,17-02-2017 08:53,21-02-2017 13:43,17-03-2017 00:00
5e3f975c4be17dfadd26987a66fd8061,964ebd7e857274053c42c942c13be832,delivered,06-06-2017 12:14,07-06-2017 09:55,21-06-2017 10:05,04-07-2017 14:45,27-06-2017 00:00
b13ea375fe9c728832688264638f84cf,0dc5884bc5ffba283678229f27e07ff9,canceled,22-08-2018 18:52,,,,19-09-2018 00:00
c6b85930220a1a577a8a8352c7dba78f,715d679d44d3aee77a9592f6fd8c26f9,delivered,17-11-2017 15:28,17-11-2017 15:47,22-11-2017 14:41,08-12-2017 05:48,27-12-2017 00:00
465b896aa34a4d4f8c359165ee6f066c,652590e825b424ac6fd3eb87ebe70f59,delivered,24-11-2017 16:15,24-11-2017 20:13,29-11-2017 15:26,30-11-2017 19:34,08-12-2017 00:00
6b63a86619f7d34ada48e141f2b568f1,b4926372ebaaa9b32844322e6b094162,delivered,30-11-2017 10:14,30-11-2017 10:32,01-12-2017 17:48,09-12-2017 09:42,27-12-2017 00:00
6c5222e0550b757a63908aa2f0cacf95,a0d7296689347a9f6c7a89b03281db68,delivered,11-11-2017 15:53,11-11-2017 16:10,16-11-2017 23:29,27-11-2017 19:58,12-12-2017 00:00
48f1b7e26f84f55846f1d003e3e6170c,e4c14fd70ffb6e4e39eb6c5ed08d08c2,delivered,07-08-2018 16:33,09-08-2018 04:05,09-08-2018 11:57,13-08-2018 19:11,27-08-2018 00:00
64cc5eadd86b15a6b38bddbeb61ef944,a1188e9345ab24476119f9fedd151813,delivered,24-11-2017 16:40,28-11-2017 02:59,01-12-2017 19:09,04-12-2017 19:32,08-12-2017 00:00
2e2e5704a61134b26dfce687c6e56c8c,df0d4b8e8a3e8db72951d7559f3bda46,delivered,04-05-2018 21:00,04-05-2018 21:10,07-05-2018 11:50,14-05-2018 22:31,25-05-2018 00:00
c7d39a7f0c5d83662fa4c587f21f5d82,28be7384bc15f338544d3629de94d22e,delivered,02-11-2017 11:23,02-11-2017 11:30,04-11-2017 08:17,07-11-2017 17:37,16-11-2017 00:00
f90bee02f28c0067f1eaacdf188007b4,81aacb01330a99ba172ab125371d356c,delivered,11-06-2018 11:17,11-06-2018 11:40,11-06-2018 15:52,29-06-2018 13:36,12-07-2018 00:00
0e790632306835c4529ff1b46c135910,16a8333e3412a1d85a7b281cb3b36894,delivered,08-03-2018 16:00,08-03-2018 17:00,09-03-2018 20:48,16-03-2018 20:57,29-03-2018 00:00
953e1e0627386608dd2ac2670d72950f,d89f3ead705781b92c6839ac8c9695ce,delivered,08-02-2018 23:20,08-02-2018 23:35,09-02-2018 18:48,14-02-2018 18:49,22-02-2018 00:00
eb0f435a0e25da756bb8870a2ab5bbcd,f07d418d817c1bc9c6a94d2890d831b9,delivered,18-06-2017 14:46,18-06-2017 15:04,19-06-2017 12:59,19-06-2017 21:03,11-07-2017 00:00
1f21b692c9d8f0368278413ecd0878f3,f6d01e6dfb9a211be352a82eda1afca2,delivered,04-03-2017 16:52,04-03-2017 17:05,14-03-2017 10:25,19-03-2017 06:42,27-03-2017 00:00
6700e4a77b114b2f0fac57e19e6182d6,871d486e1b7f81d41839e0ddee6cf90a,delivered,14-01-2018 13:21,16-01-2018 03:35,17-01-2018 19:19,31-01-2018 01:21,05-02-2018 00:00
748501d017db167d2dfb7720aa4dd21b,8db0be73eebc0c7a758ffbcdbade580d,delivered,01-08-2018 13:30,01-08-2018 13:44,02-08-2018 14:03,13-08-2018 14:47,20-08-2018 00:00
f3069a416e71d0fd68d9489752b6fe41,0f8241184942ac488940fe4fdbb6ec84,processing,01-10-2017 15:33,01-10-2017 15:50,,,27-10-2017 00:00
7563534c425e6edb193376cf1103be5f,7ac9f5db5ba082ff9908bb4c5a3bb081,delivered,29-08-2017 17:06,30-08-2017 02:15,30-08-2017 20:27,11-09-2017 21:07,21-09-2017 00:00
b82e534d287170368e83fab61e685fc3,55b6a9a61de79fa7e7f0b659c603cb1e,delivered,15-03-2018 15:03,15-03-2018 15:15,16-03-2018 19:36,21-03-2018 19:48,03-04-2018 00:00
1bf942e8c5d1022f7a1b864e32041e7d,5cb81c242600b383ec83559f321744a0,delivered,18-12-2017 20:42,18-12-2017 21:51,20-12-2017 18:10,23-12-2017 14:57,19-01-2018 00:00
f8443fdcccdae6a20d6371dd8a9e63b2,c2ad4e5180a7b403cd487e1146d85e1d,delivered,27-08-2017 13:14,27-08-2017 13:25,01-09-2017 18:12,02-09-2017 14:14,13-09-2017 00:00
0dab99a238b965b106fea183eccaee3b,61785716554ceab5dd02f81e6da75309,delivered,11-07-2017 12:41,11-07-2017 12:50,12-07-2017 15:13,21-07-2017 16:47,02-08-2017 00:00
6718a9b577ce4d3dfbdbdc7d3ec97cb6,fc994762aef90ce03ebbd762f8097fa4,delivered,05-03-2018 12:55,05-03-2018 14:20,07-03-2018 21:38,26-03-2018 23:33,06-04-2018 00:00
66f590d82872f3771232770be92a8d0d,508302a8f9d5d4bd3d29d770286549ac,delivered,26-02-2018 17:21,27-02-2018 05:30,27-02-2018 18:51,05-03-2018 11:17,02-04-2018 00:00
64bf74354f2ce35678e99356584d3a2f,d9a3ae847a0ccf1d9b32bc34005d0cfc,delivered,11-10-2017 11:05,11-10-2017 11:29,24-10-2017 19:37,26-10-2017 23:03,24-10-2017 00:00
187a17302afec3ad360e610e19e455cc,4fa7e6404524c09c8580c0c8321e5d73,delivered,17-07-2018 11:11,17-07-2018 11:21,18-07-2018 15:14,20-07-2018 17:48,26-07-2018 00:00
bcd65d5c97ac448bb3efc90b759909fd,b6ba3ad41b033a7f107aabad3dabff93,unavailable,20-07-2018 16:24,20-07-2018 16:44,,,01-08-2018 00:00
db64746e7060aada6cbe3d0ff34f0cdc,53849dfbee2387632eef6ed7f4deb3dc,delivered,01-03-2017 21:44,01-03-2017 21:55,02-03-2017 07:59,20-03-2017 09:58,24-03-2017 00:00
c28c74ee5fb4a731178895058c0de619,95a9b81cce2d0d0b67b3896cb2523b2e,delivered,10-06-2018 19:54,10-06-2018 20:17,11-06-2018 14:29,11-07-2018 23:51,16-07-2018 00:00
db963ee03edcabe98f2df559e84a353f,b42a2f223241f042b0105d8656a450c5,delivered,25-07-2017 17:28,26-07-2017 17:35,27-07-2017 17:39,02-08-2017 15:03,07-08-2017 00:00
708c129b280e719faa3988c41374d4fd,9e766dbda271a8011362c57f316bbf67,delivered,05-03-2018 09:14,05-03-2018 10:00,06-03-2018 02:37,14-03-2018 14:18,21-03-2018 00:00
8935002f6aeb70c31fbf1a73f22b4f29,b2ffa78a19812f6ecac1f80976998539,delivered,31-01-2018 13:39,31-01-2018 13:55,01-02-2018 18:37,02-02-2018 19:47,16-02-2018 00:00
c60c60940d6eaab173201faf9bf1276c,0af1c58b035366f36dfa7bdde00b27ca,delivered,22-09-2017 12:22,26-09-2017 03:56,27-09-2017 19:52,03-10-2017 12:46,09-10-2017 00:00
9c2b756025a127a4db2a4b13281664f6,e63ac7635328dfbafcbf35b350eb1b4f,delivered,25-02-2018 13:02,25-02-2018 13:15,26-02-2018 15:37,23-03-2018 18:41,19-03-2018 00:00
44ffd19b3bd3915642db0231344b8b0f,2b7205e135a29c8709e4fc061f25c750,delivered,17-12-2017 22:47,17-12-2017 23:53,19-12-2017 21:27,21-12-2017 02:11,05-01-2018 00:00
ce18cf057088cf275c41fc9510ed53ad,6eecb45e1c147bc42841894ff03b9e0f,delivered,03-08-2018 10:41,03-08-2018 10:55,03-08-2018 14:49,08-08-2018 18:38,15-08-2018 00:00
e3cabd867d0bc59470f4c3d24a7b2f2b,417cbdf3941b9b69c3478ea8ec14de95,delivered,03-06-2017 11:32,03-06-2017 11:43,05-06-2017 13:47,12-06-2017 13:53,28-06-2017 00:00
c7517b3306b2a226bce545f9716dd360,a6bc6a07c33fbae6ac2500e253ad4a66,delivered,17-07-2018 17:47,18-07-2018 17:55,19-07-2018 11:10,25-07-2018 15:22,08-08-2018 00:00
53a9c421cf0e7129393a754a4d15b935,d62fd1ba5a58e7a42486a17b634cca64,delivered,19-08-2018 15:25,20-08-2018 12:15,20-08-2018 11:30,28-08-2018 21:12,05-09-2018 00:00
30207f5d26e6ca2cb7ef1b25fa2585cc,d3f97856abef8923cb180cca3f197823,delivered,02-06-2017 09:54,02-06-2017 10:05,02-06-2017 14:49,08-06-2017 14:35,27-06-2017 00:00
da0e581c499ee074995f6e997ae5cb15,a19929855f24036f9688d55c778eaa48,delivered,12-10-2017 13:29,12-10-2017 13:49,17-10-2017 18:27,18-10-2017 23:52,25-10-2017 00:00
6bf889c14abae234b970354de7914c61,4374a2a34bb261daa66f8c87672c2d54,delivered,05-09-2017 11:29,06-09-2017 11:35,06-09-2017 23:32,18-09-2017 20:16,25-09-2017 00:00
328b85959fc0ec5703ffab3ce8703c26,23cda6d7597dc4d07879d7632b2dc458,delivered,16-03-2018 06:19,18-03-2018 12:28,19-03-2018 18:18,04-04-2018 18:04,10-04-2018 00:00
bcc7f6ccd348b4d5bf8f4f7f63d4b7ef,1e73191ece95714fe9d6527505c55807,delivered,18-08-2018 18:30,18-08-2018 18:49,20-08-2018 16:44,24-08-2018 16:42,06-09-2018 00:00
4e184878c2c61e669ffa5918c089c73f,cf2020e61626601104dc9587940dcf2f,delivered,29-04-2018 23:08,01-05-2018 05:55,03-05-2018 13:19,05-05-2018 18:18,17-05-2018 00:00
679783b320e587d8e1c9e0dcb2421539,305f736d2711641a06f6a9c9bd837b00,delivered,01-08-2018 23:01,01-08-2018 23:15,02-08-2018 15:21,20-08-2018 21:56,05-09-2018 00:00
560c623fdd94c3bbcdb7e9f7b130cdf5,3dcd52c8a89d3dbea71bf36c908d8410,delivered,21-08-2018 08:52,21-08-2018 09:10,22-08-2018 08:07,23-08-2018 20:54,27-08-2018 00:00
b490f4ee602a5065a34482b65e8a4114,066d514a8533ab695dd9c730aec73260,delivered,07-08-2017 22:37,08-08-2017 04:25,11-08-2017 18:58,18-08-2017 20:02,08-09-2017 00:00
02440f65dc09737b491463739c347446,53997caa650ff808a586d343b0789fd1,delivered,26-02-2018 09:57,26-02-2018 10:16,02-03-2018 20:44,03-04-2018 20:38,19-03-2018 00:00
09badf53476a6bda72b4728e858a3433,9872961494c04c3939cc4fa43bfaeb75,delivered,05-02-2018 13:51,05-02-2018 14:10,06-02-2018 16:04,19-02-2018 19:40,01-03-2018 00:00
b78fe1174e6aedc9d2a90f6b36f02bb2,30dbe53824b3fc7614a23fdfffe04359,delivered,19-09-2017 08:38,19-09-2017 08:50,19-09-2017 16:27,23-09-2017 10:09,09-10-2017 00:00
c5fd5386640ddd76adc482b72d24a02b,1317dfa9a96a4af1ad9bf06a6f12f1f5,delivered,06-08-2018 05:20,06-08-2018 05:35,06-08-2018 15:38,08-08-2018 13:41,13-08-2018 00:00
b6e424878cf41a8038e095a39f6b790e,8d991e6c4ff2941df77318c4d01811e6,delivered,08-10-2017 12:54,10-10-2017 04:08,20-10-2017 19:13,26-10-2017 16:43,08-11-2017 00:00
60649d0d9e4157baeb059b34cf7d9b42,60a108918a0ccf4076b95c0614d27870,delivered,07-02-2018 09:27,07-02-2018 09:36,08-02-2018 19:41,16-02-2018 09:09,06-03-2018 00:00
f8064d75afcef1bab867ff6ca9b829b7,bcea0e501f387ea1941aff7b357c316d,delivered,31-08-2017 12:29,01-09-2017 12:44,06-09-2017 23:42,11-09-2017 20:03,19-09-2017 00:00
3086869d9ce957007e5ac7f36ad0d21a,cb921c583eebff7f0faa42afc1c8e124,delivered,28-03-2018 13:55,28-03-2018 14:08,03-04-2018 02:16,06-04-2018 20:38,11-04-2018 00:00
61c7b1cf28b58654fe411aaf87fe249d,6e686969d9b330c98d2739cc5d877e75,delivered,15-12-2017 13:05,15-12-2017 13:13,20-12-2017 22:24,03-01-2018 22:36,15-01-2018 00:00
4d7e10ed70b8c2358e94850352bb490b,e069403a6b4ae1e82fbbee620ae3d253,delivered,15-06-2017 20:23,17-06-2017 03:50,19-06-2017 17:43,29-06-2017 14:41,19-07-2017 00:00
0b3b5e521f3ad8a57d4c4bcdc034446c,7905466cd09e084e02563c8473d9397d,delivered,22-03-2017 22:47,22-03-2017 22:47,24-03-2017 11:36,31-03-2017 13:04,12-04-2017 00:00
e88bd747b9aaa829eac8fcf95461862e,38b857bf309ad47d4c4340402274e90e,delivered,21-10-2017 11:29,21-10-2017 11:49,23-10-2017 15:25,30-10-2017 19:57,09-11-2017 00:00
3789bf493d97b36ed2f5a866cc668abb,704a8cf1cb8d9dabf20a5e2cbeaae0ba,delivered,05-08-2018 16:57,05-08-2018 17:10,06-08-2018 14:58,10-08-2018 01:22,14-08-2018 00:00
1ab73bf6573a454e2ea4a88dea0ba430,62df31b53c3ec1fe05062ef34e35f2f4,delivered,06-05-2017 11:54,06-05-2017 13:01,09-05-2017 07:25,22-05-2017 13:42,05-06-2017 00:00
3c22fe6868c666f6a4edc2c5456c26aa,45ac355881eae1380862dca061dac776,delivered,28-11-2017 19:15,29-11-2017 02:21,30-11-2017 15:19,17-01-2018 12:47,20-12-2017 00:00
37ebc8f9d2308911382c1fd433ba3b7a,c84f25af45aa6bade8bcc46f991c97c7,delivered,31-01-2018 14:16,31-01-2018 14:32,05-02-2018 22:52,19-02-2018 16:19,23-02-2018 00:00
315d4a8c56ac24b18ec36eeaf486d4a5,022e192ec0af0a000a69f29bf633ffe4,delivered,15-12-2017 11:15,15-12-2017 11:32,20-12-2017 18:42,03-01-2018 18:52,10-01-2018 00:00
d784639512baf997ba554af514e51246,8d776ed4b01be6ade388915380a7c6b9,delivered,29-09-2017 21:27,03-10-2017 03:56,06-10-2017 22:42,16-11-2017 23:02,07-11-2017 00:00
e4a8c46a68d36806c7eece77ed233a3d,7ee1519a04932fc747403d9f9a88128c,delivered,10-11-2017 16:16,11-11-2017 02:55,14-12-2017 14:52,15-12-2017 21:09,07-12-2017 00:00
572277c7077b3c381368920d578e0790,3405fe4705e91fb81b731c97b65310bb,delivered,22-03-2018 12:00,22-03-2018 12:15,22-03-2018 22:51,02-04-2018 14:37,10-04-2018 00:00
9a96cb87afd1a52ed560f0dba3de63ef,7777243b04d7bb4fd314227e2a7d9997,delivered,20-05-2018 16:01,20-05-2018 16:19,21-05-2018 14:32,05-06-2018 17:43,06-06-2018 00:00
e162ac83d9cf1ba96526e4cc7dc3e6b1,a71c8b5b9144227920fbb65d3de557c9,delivered,02-12-2017 17:12,05-12-2017 04:13,07-12-2017 15:28,27-12-2017 21:49,02-01-2018 00:00
71f1774048c60eba980279a3b19ba0fc,34b4cd430a4483d558e6a1f3bc94c88d,delivered,20-02-2018 10:27,22-02-2018 02:40,27-02-2018 21:22,06-03-2018 15:52,12-03-2018 00:00
fcf50b257e3e35c31244d4d78b760c44,f5e5fe72f9d970fc90546f2054e92c85,delivered,07-03-2018 09:44,07-03-2018 10:20,13-03-2018 18:58,23-03-2018 00:12,02-04-2018 00:00
958203017423df129c09a359f552907c,375478c8a0ad1c1b8a2c27cde81a25c4,delivered,30-05-2018 11:57,30-05-2018 12:17,30-05-2018 14:26,06-06-2018 14:16,03-07-2018 00:00
ce48e13a260d1585d74a5c4e0a830e6c,5552a11fd9f02c067bbdecaf9d85a5b7,delivered,14-07-2017 17:24,15-07-2017 03:25,17-07-2017 15:47,27-07-2017 14:42,07-08-2017 00:00
2f3e2209a4db6baec6526ced407bbce9,29fe12563a56d3735707d3faed2c7292,delivered,16-02-2018 16:39,16-02-2018 16:56,20-02-2018 23:22,23-02-2018 01:22,05-03-2018 00:00
ce5f998d724ed1ac61c890e33b24a33f,56f1622201c6d8b17b1bc57367841538,delivered,28-11-2017 01:16,28-11-2017 01:36,29-11-2017 18:54,02-12-2017 18:04,18-12-2017 00:00
7cbc65f44f89c2a106408220f92ee3c7,a1ef1caae4bf10e4c9887f4981bc1002,delivered,26-05-2017 23:17,26-05-2017 23:25,30-05-2017 08:46,07-06-2017 15:15,06-07-2017 00:00
f26b1f9ec4fda52abb40f124457b79c4,25e96ea17049e5c6afc22e3e400aae8e,delivered,16-02-2018 20:01,16-02-2018 20:10,21-02-2018 21:09,28-02-2018 23:32,09-03-2018 00:00
06cbf106e272a3ec4e936665d4489591,6fe5e50362aff82c34c213c56574bd09,delivered,29-11-2017 16:14,29-11-2017 17:30,02-12-2017 16:44,21-12-2017 19:07,27-12-2017 00:00
fdbab0ead1d866c97b54f7fbb3629096,b5bb2b17fd7e5eb79fa3f1091c6991f1,delivered,27-11-2017 21:37,27-11-2017 21:49,28-11-2017 20:59,06-12-2017 00:47,21-12-2017 00:00
a8e46b160afbe222158c657aebb0166c,256259930a0ca3c61844e90383be748d,delivered,11-03-2018 11:38,11-03-2018 11:49,15-03-2018 02:03,02-04-2018 20:58,06-04-2018 00:00
bcca8157ee4f7b0cd2e0505b01764144,daab4685358496bbfd69f4c8f515f653,delivered,07-11-2017 21:31,07-11-2017 21:51,08-11-2017 19:35,23-11-2017 20:14,04-12-2017 00:00
042ce41927758767ec2aa0de06486b4c,ffa8a2de48bb3fb30f0452c34d3b978d,processing,01-12-2017 10:39,03-12-2017 10:53,,,29-12-2017 00:00
0d193d461bbcef442c5e6786a16d5bca,d316653e26343ebd09a65316574afd7b,delivered,20-11-2017 12:49,20-11-2017 13:16,23-11-2017 20:15,27-11-2017 22:47,07-12-2017 00:00
0fc2805c054f060f9b7db454927b5024,3009498a7a49a1b61477ddf69ce3229b,delivered,12-02-2018 11:14,12-02-2018 11:28,14-02-2018 17:29,11-03-2018 16:50,07-03-2018 00:00
ef2b5fec0f07bc46dcc243b4df361988,ce965a35b8f462f3c7063723413d1374,delivered,13-12-2017 22:46,13-12-2017 22:56,18-12-2017 17:41,26-12-2017 18:12,08-01-2018 00:00
c152d21bf4fc58f89b8644af56cdc116,225c0949be781e5efb085b4dacb0a4a8,delivered,13-01-2018 13:26,16-01-2018 03:50,16-01-2018 19:17,22-01-2018 20:50,05-02-2018 00:00
9ec97afb4b5c962313a6e146711f8334,d451ccb279c80235f4c4b9bc1c0bc79d,delivered,23-05-2017 11:09,23-05-2017 11:23,24-05-2017 16:52,31-05-2017 08:57,20-06-2017 00:00
ae86dbc1549b4c0cb00dc0ea909fc6d2,2748df3a97f1a8f54195312846fe7917,shipped,24-06-2017 00:58,24-06-2017 01:05,26-06-2017 15:23,,20-07-2017 00:00
1529673c10a3ace0a6a5182963e93ad3,164a5e002d1556b4b5aaeb5d2ac1ef67,delivered,04-06-2018 11:45,04-06-2018 12:10,06-06-2018 06:22,11-06-2018 22:14,16-07-2018 00:00
46f36d95da75ced0462d57df904d36d0,06c629d842cb8236fceea0a9e90ccd1a,unavailable,02-03-2017 15:27,02-03-2017 15:35,,,23-03-2017 00:00
1fa5ff94927b15bd84bba43684f8fa6e,aa6d96d0e25354fab970635297f96f7c,delivered,11-08-2017 13:30,11-08-2017 13:45,15-08-2017 14:22,23-08-2017 19:28,06-09-2017 00:00
08090fccbb124a320054723db6201076,a272379c2986937171771cd55ebd00ff,delivered,26-11-2017 19:13,26-11-2017 19:34,30-11-2017 21:52,14-12-2017 23:08,20-12-2017 00:00
41932b54e17f6ae1f4be1f8886f47883,6d7caf3c6d9820247a945d2be2ee8e18,delivered,02-11-2017 13:18,02-11-2017 13:25,06-11-2017 10:59,16-11-2017 19:26,04-12-2017 00:00
c0e57db4a4a6ef32aa28911d1c07df81,9630893f817054e899ceb1c9a539817a,delivered,26-05-2018 18:41,26-05-2018 18:57,28-05-2018 14:02,07-06-2018 15:05,29-06-2018 00:00
cb33ba59f7f3b3d1f5caf3e8176551ea,7f3994454246f19eb6e9b1c52af0572d,delivered,16-08-2017 17:31,18-08-2017 02:30,18-08-2017 13:29,04-09-2017 19:10,08-09-2017 00:00
a7126b0cb60c6a688dfdac0b29f66f4c,c41a39d44789dfa58ded86a11abfc320,delivered,16-07-2017 20:05,17-07-2017 20:15,18-07-2017 18:56,18-08-2017 16:42,18-08-2017 00:00
1d8c036b52411d073f99e9008d0cd0d4,59ca6e314a56185671def79aece91c09,delivered,20-04-2017 14:34,20-04-2017 14:50,05-05-2017 09:45,10-05-2017 11:07,10-05-2017 00:00
427a7d86c1800330df14b3feb61f7254,692d619bc75c1973602f9e92f0690c23,delivered,28-10-2017 12:09,28-10-2017 12:26,30-10-2017 15:17,07-11-2017 19:21,21-11-2017 00:00
c1559efbfbb38d83f6280b505bd3e0df,750ff04084edf735dbe15e7765795ce9,delivered,11-07-2018 18:36,11-07-2018 18:50,12-07-2018 15:21,13-07-2018 23:21,23-07-2018 00:00
b14de6bc86a59d15cc7fff0abbadbcdf,1e40d4f1a80740db28186721d9a53aee,delivered,22-07-2017 19:05,22-07-2017 19:15,25-07-2017 13:24,01-08-2017 19:42,08-08-2017 00:00
dfd71e944918d4442a05232a620087cc,222e2f8a40cd10ba629a1bc6dd7848d2,delivered,13-08-2018 21:47,13-08-2018 22:04,15-08-2018 14:01,21-08-2018 15:57,29-08-2018 00:00
8299ae5e344b8553e8eacebd6018af5e,5b222737a3a5874ff3162df1ee6ae5c2,delivered,29-11-2017 18:09,29-11-2017 18:31,06-12-2017 00:38,14-12-2017 13:48,22-12-2017 00:00
dcc806fad366274f6fbfc81da473b307,0f0c9ca4e6328bcf59b283d3c02d6568,delivered,01-12-2017 18:14,01-12-2017 18:38,06-12-2017 20:03,03-01-2018 17:48,26-12-2017 00:00
9da52e96be91c3e6ed43b4bcfeba4ad5,998d1e672c845d38089a2e603b243a38,delivered,22-04-2018 17:13,24-04-2018 18:04,24-04-2018 19:31,25-04-2018 20:52,09-05-2018 00:00
b95b454428554b28f33786b07e41edc4,40b3dfbf520c45c6107a0d749c13855d,delivered,27-01-2017 16:31,27-01-2017 17:31,02-02-2017 11:21,13-02-2017 11:53,02-03-2017 00:00
e79714832b01797085c10409669150d5,be4bac7250c87be901bcda46aefafde6,delivered,02-08-2018 12:06,02-08-2018 13:05,10-08-2018 14:15,13-08-2018 16:12,09-08-2018 00:00
404400118a82aeeb44e856875c40f5e7,d464e9e9bbf4a24571dde33cae956db0,delivered,02-05-2018 09:27,02-05-2018 09:57,03-05-2018 07:49,08-05-2018 16:03,01-06-2018 00:00
76b47b741630b7b9d7ea28747cce5f50,d6a6573d697208be8079929f15a2c5a8,delivered,18-02-2018 19:45,18-02-2018 20:55,20-02-2018 20:45,21-02-2018 22:22,05-03-2018 00:00
83c7e450050581ef4de4b03199ccc1f1,9b43e2a62de9bab3ad220e858e95ccbc,delivered,25-05-2017 22:27,27-05-2017 16:35,30-05-2017 10:36,06-06-2017 13:38,26-06-2017 00:00
140b263288af3fc4f4b00c207639b37b,de0bac8d2ff6055f46241e3939e30a32,delivered,21-03-2017 13:40,21-03-2017 13:40,23-03-2017 11:16,06-04-2017 13:34,11-04-2017 00:00
f299ec6360351d71a661e17e4322500c,5e4c9ec63bef151d6e87f1a96581b692,delivered,02-08-2018 23:14,03-08-2018 19:30,06-08-2018 06:28,09-08-2018 13:27,20-08-2018 00:00
ef8ce968377e840a2be50d7c49a1f4ce,d262e8fcc210139d0efa2bf2a24fc0ea,delivered,25-11-2017 14:06,25-11-2017 14:17,27-11-2017 23:38,06-12-2017 22:42,29-12-2017 00:00
1c0c64e9fc35fd7abcb34b394b1ce8e8,c7c33b8ff508961ccc53a5bc09d90761,delivered,19-11-2017 15:53,19-11-2017 16:06,20-11-2017 21:27,30-11-2017 20:47,14-12-2017 00:00
b32b3375c9aee9e103b0c8ef64af9087,814ce562d2427d9ab15fc001a783d2f7,shipped,24-11-2017 11:54,24-11-2017 14:37,28-11-2017 18:06,,08-12-2017 00:00
94559fe2283a8ce81e14d3fee1d4e928,075ad0fda24dab7269482d16b193c87d,delivered,19-08-2017 21:22,19-08-2017 21:35,21-08-2017 20:27,22-08-2017 14:56,01-09-2017 00:00
be2c6e8995f1834bb439041b254f9662,330a6da5dc55174ac54298ac57c07be1,delivered,29-01-2018 17:09,29-01-2018 17:31,31-01-2018 22:46,06-02-2018 20:49,20-02-2018 00:00
3d4f72b7f014eaf7b6d68f504feef55c,955ed876526cd81bbac363ba0036492e,delivered,11-02-2018 13:34,11-02-2018 13:45,16-02-2018 23:10,21-02-2018 00:22,21-03-2018 00:00
4ea7a0509e9dc440b977de71fe9128cb,cfd4dd73c91fba5ba6772df1a5aeb40d,delivered,18-08-2018 11:30,18-08-2018 11:50,20-08-2018 12:41,24-08-2018 13:56,29-08-2018 00:00
fdb987001ececccfd2e9320c8115d125,354e7ab465a3fe3f1cab183fa4df7bbf,delivered,11-06-2018 08:33,11-06-2018 08:58,11-06-2018 12:10,15-06-2018 14:58,11-07-2018 00:00
089e38da3f1d828e95e2117ba84af02d,a262ff96bd2edd5049f3e9a759232fe4,delivered,28-02-2018 14:23,28-02-2018 14:35,01-03-2018 23:15,09-03-2018 20:20,10-04-2018 00:00
bab61aa88a055fe040e8868a7507921b,d0a2850b99e417938439abb2074bbb67,delivered,29-06-2017 21:22,29-06-2017 21:35,03-07-2017 10:42,04-07-2017 16:27,12-07-2017 00:00
65c1539b20cda15011ae449cc1378b5e,3c29da091612dc8d80ad42f5ca0373c6,delivered,26-10-2017 10:59,27-10-2017 10:55,30-10-2017 20:34,01-11-2017 16:45,13-11-2017 00:00
efb8dac7a0254c587d4004ae2b7a3b22,8708cba3fc19dd3882abcfd20b6229a1,delivered,09-12-2017 06:52,09-12-2017 12:51,11-12-2017 18:54,19-12-2017 15:19,04-01-2018 00:00
47dc3a1de5a0aec4323cdade0588655c,0031abfb953b66e998f67b09e7b11375,delivered,23-01-2018 13:57,24-01-2018 15:07,25-01-2018 23:21,01-02-2018 20:53,20-02-2018 00:00
5c94016e2e826e386554fe7e183161e0,ebfdcae3d5d2907f9f860407e64869ed,delivered,16-07-2017 23:14,18-07-2017 05:50,18-07-2017 18:25,24-07-2017 21:05,10-08-2017 00:00
da06df7d040d5e2bf092e9fc47954e43,29dbe12ea4f256a60ddbae03a3095483,delivered,03-02-2018 14:26,03-02-2018 14:49,06-02-2018 16:03,22-02-2018 13:36,13-03-2018 00:00
377664a1152f18858e261b5ee3d434e3,b3fa452309a527f9ea9db283523da5ab,delivered,18-09-2017 17:40,18-09-2017 17:50,19-09-2017 17:52,29-09-2017 23:57,09-10-2017 00:00
1aba60c04110bdd421b250ea33187a31,6be28898a686e866f6c992b45037d499,delivered,18-04-2017 21:20,19-04-2017 21:30,26-04-2017 18:48,10-05-2017 11:50,18-05-2017 00:00
44f6ad8b3c55a6b00f759cc0d0c77c3e,80539ad7394132cbb7d036fc3b0250ab,delivered,03-05-2018 23:21,03-05-2018 23:35,04-05-2018 14:12,10-05-2018 21:21,23-05-2018 00:00
0db2c372f61e248e4401702d0ae47fef,e2d0342b86f07154dc8c13d41e36130c,delivered,18-05-2018 16:10,18-05-2018 16:35,21-05-2018 15:20,04-06-2018 15:21,12-06-2018 00:00
cb146a1049b500293d63495c05722085,fc568bcf7ac0d77c0460a2565433aa88,delivered,05-01-2018 15:05,05-01-2018 16:09,08-01-2018 21:00,18-01-2018 21:28,15-02-2018 00:00
3c8d31d8f2771d0a5bc2c936d5a1440b,0a221a23ca36b34f1636bfdd15dc97a2,delivered,12-04-2018 09:47,12-04-2018 10:10,12-04-2018 19:12,17-04-2018 16:48,02-05-2018 00:00
dff1532187e859496ef16857a44c3d9b,1879e758287c0d278ef4b40588ac9ddb,delivered,12-12-2017 07:56,12-12-2017 08:09,15-12-2017 02:09,03-01-2018 17:46,05-01-2018 00:00
f175c06d9a1a1c98a7ba8dd83950718f,6289cf6bd100be2499a029a27b1b5f26,delivered,16-05-2018 13:38,16-05-2018 13:59,17-05-2018 13:21,28-05-2018 17:36,20-06-2018 00:00
f5564350b619e47f43db5be6a5e9db8c,2a39071dde4051dd748fc79b21d6139b,delivered,01-04-2018 09:50,01-04-2018 10:35,03-04-2018 21:57,11-04-2018 23:44,18-04-2018 00:00
1aeb6136411ab7da012863ac27055dcf,afdbdd6ec103b8d9549f8ec395ed5671,delivered,15-08-2017 11:19,15-08-2017 11:45,17-08-2017 17:58,25-08-2017 23:42,04-09-2017 00:00
a90935cd3ef2041119e57ab117b352c1,2322c0f516a8bad266c770d1150e55a4,delivered,06-09-2017 21:18,06-09-2017 21:30,12-09-2017 22:09,22-09-2017 13:29,29-09-2017 00:00
9e6e385a88dfaa08cf6fc6987f695a1a,d387f932b91dbe6ac83a90dec1147081,delivered,28-09-2017 15:22,29-09-2017 15:35,02-10-2017 16:05,10-10-2017 17:55,20-10-2017 00:00
b0c79f808d274a5fb07f15350111d490,bad71f25ef760fa92b33c67339f3df60,delivered,19-04-2018 17:43,19-04-2018 18:11,20-04-2018 21:28,28-04-2018 12:20,15-05-2018 00:00
ad48ecb306503a2b1707a029cc13a76c,7210b6a8ebad1b8ecb637c72f1f482c2,delivered,09-05-2017 11:39,10-05-2017 02:42,11-05-2017 12:37,25-05-2017 14:37,08-06-2017 00:00
cddea1bd1a4801af96fb84aab51b00fa,92edd14dcd6f01f12fd2796ef22c2cca,delivered,05-04-2018 20:42,05-04-2018 21:49,07-04-2018 01:16,19-04-2018 00:34,03-05-2018 00:00
7badee5c2f143381b7002bfbba9037b8,7a95f1b494f0062025b63b3193421690,delivered,14-06-2017 13:40,15-06-2017 03:10,16-06-2017 14:38,22-06-2017 17:33,07-07-2017 00:00
36e78e784a4d494d933d65b28b7bca99,e713a9c8fd99c412865d2d3746b769d9,delivered,26-06-2018 09:43,29-06-2018 02:53,02-07-2018 12:17,06-07-2018 15:18,11-07-2018 00:00
59969aa08998ef1dda379be25f84a6bf,666b6fa78c58b89047e516058ffaab77,delivered,09-04-2017 13:47,09-04-2017 14:04,10-04-2017 13:29,17-04-2017 19:03,02-05-2017 00:00
baa236e595125eae9865b38b2f1b7240,b660db37d14a783ec1dd53491cdcfca3,delivered,05-03-2017 17:56,05-03-2017 18:05,07-03-2017 08:44,10-03-2017 06:47,28-03-2017 00:00
8055553b2ae501c44c4bf92a642bc14e,6cfb890091b47dfe00a2346e23a1db20,delivered,21-06-2017 14:29,21-06-2017 14:43,23-06-2017 11:57,26-06-2017 17:57,05-07-2017 00:00
2e2cbb3249517eed43f1192508daa71a,f2a1d75b74d9ec748af88e894cd87597,delivered,28-08-2017 23:13,28-08-2017 23:25,29-08-2017 19:57,08-09-2017 20:41,17-10-2017 00:00
408bba49e507e2efa9fbb77966ca4697,7ec34e03cfead59804e2ae99d09014a6,delivered,29-09-2017 20:34,29-09-2017 20:49,04-10-2017 11:07,10-10-2017 22:33,31-10-2017 00:00
93d16f5ff7e2ae4320139a6faf1a2716,99d9e376b9df229d383187e990a7c87a,delivered,08-06-2018 00:23,09-06-2018 01:31,11-06-2018 08:24,12-06-2018 23:04,26-06-2018 00:00
a1a904e8b9bcacd940d9e8f476467cce,e74cccae44bbcbe44359bc665e6caa19,delivered,10-07-2017 09:41,10-07-2017 09:55,10-07-2017 18:14,18-07-2017 18:53,09-08-2017 00:00
26bd26a21d87b4594128d26b3b24e8d8,630c5fcf5e565c1c985cd334317eb33c,delivered,31-10-2017 13:51,01-11-2017 14:31,03-11-2017 20:55,17-11-2017 20:32,22-11-2017 00:00
e470c6e4248f6c0e6b0c0567de82123f,e7aff9e12a7ac16af1b0c2dd61de3578,delivered,23-04-2018 10:59,24-04-2018 18:35,25-04-2018 00:04,02-05-2018 16:59,16-05-2018 00:00
885cf064fa6aacca6acb757119e01287,1195059ff946475e0a67380b989ebd21,delivered,14-02-2018 19:38,14-02-2018 19:50,16-02-2018 15:09,27-02-2018 19:28,07-03-2018 00:00
159da9914b51de617fe80162939965c5,02611d7a9e40004ce72c2006dca2d7a9,delivered,04-07-2018 23:13,05-07-2018 16:40,05-07-2018 14:59,13-07-2018 14:04,24-07-2018 00:00
4748c7d66bbedbf52de84b3bc4cbc482,59e42a0f4ed79508f022aca1f2f87e25,unavailable,25-05-2017 21:45,25-05-2017 21:55,,,08-06-2017 00:00
0b941db180b52d77ad40655b465e6632,30bc4543eddb2d5677f3ef3245826c2f,delivered,08-01-2018 15:11,08-01-2018 15:19,08-01-2018 22:56,11-01-2018 16:28,05-02-2018 00:00
932da4ab5c1239381360b912976ef417,e4b702a6340fe28a885500871b9d13a8,delivered,20-06-2018 11:46,20-06-2018 12:05,20-06-2018 12:36,28-06-2018 19:37,13-07-2018 00:00
720e866ff68ce671cb5b7d04eaeac897,6003f6ddce876108eaed4aec0167e894,delivered,24-11-2017 01:44,24-11-2017 23:00,28-11-2017 18:51,02-12-2017 15:11,26-12-2017 00:00
ff54c442f3e9f50941a09dcf4e061e6f,c761ebec64b4f7a47b094442b3dbfe0d,delivered,08-02-2017 14:42,09-02-2017 03:03,20-02-2017 07:35,25-02-2017 05:57,27-03-2017 00:00
bdff7ea7134364dda401ab2e8ded48f0,9716fb9e3002825717c2fd41b423be17,delivered,16-05-2018 22:13,16-05-2018 22:34,17-05-2018 14:10,22-05-2018 18:38,21-06-2018 00:00
6b0b9168bf15f093a0153ef4d51f60b4,849b9aa0efddff750a8993d9451ef611,delivered,14-06-2018 10:59,14-06-2018 11:24,14-06-2018 13:59,21-06-2018 17:33,13-07-2018 00:00
e19a16df2a341d8b50812fe1ae800366,d81f8aa1254e807ac4701bcf6f71fe6c,delivered,03-07-2017 23:03,05-07-2017 03:03,07-07-2017 19:12,21-07-2017 18:07,25-07-2017 00:00
b765555cab4620de41a7714fe7359249,1b393c9084db305931984dec8e6d952f,delivered,25-03-2017 10:49,25-03-2017 11:02,27-03-2017 11:15,01-04-2017 13:18,13-04-2017 00:00
f61c1d32076f07bcd286065a88a11619,0bbae5720eecc2f859556a5bbc43466b,delivered,04-07-2018 16:36,05-07-2018 16:21,06-07-2018 11:27,11-07-2018 21:06,17-07-2018 00:00
32b88a9584e3facf4a7eda6c22b11219,e9a09c7c5f699f95b7bae10f94cac398,delivered,05-12-2017 15:26,05-12-2017 16:30,06-12-2017 14:57,18-12-2017 23:23,05-01-2018 00:00
81b1ecf11d38a0654a13192ce0fc2e5f,810741878a633d09a01e832247d4d31e,delivered,23-11-2017 21:16,23-11-2017 21:28,29-11-2017 16:48,07-12-2017 22:14,13-12-2017 00:00
62b134f6580231f5bf280f239b6f8ec7,ec935ccb698e597b61d34c15ff136313,delivered,24-06-2018 15:02,24-06-2018 15:19,25-06-2018 14:43,26-06-2018 21:19,13-07-2018 00:00
4fd59975900e997c6785ec9da06787aa,1dabbf0fce6d1d0256d0c7e0d779663c,delivered,24-06-2018 10:01,25-06-2018 19:54,28-06-2018 07:59,03-07-2018 04:28,26-07-2018 00:00
43d0adacfa785ccb9e7544f2c82c5566,8f1de240be482620d362ae4f2c6998e2,delivered,13-02-2018 19:16,13-02-2018 19:27,15-02-2018 23:29,20-02-2018 16:58,15-03-2018 00:00
bc0e143be142c22547b69235dd63a5ad,28f8e2e0788530456f50b2ca615b409d,delivered,04-03-2018 20:22,04-03-2018 21:00,05-03-2018 19:53,07-03-2018 14:19,15-03-2018 00:00
ed399d00352208424bcb1d007f75038e,cd33017db30cfb1c69a3789662b5ceba,delivered,13-03-2017 23:13,13-03-2017 23:13,14-03-2017 14:54,20-03-2017 15:08,13-04-2017 00:00
3f3e01f29d25bb2e62be81659113d44e,7843aa39f0f40f21f3ef45e89053c7ce,delivered,06-02-2017 14:02,06-02-2017 14:10,08-03-2017 15:34,13-03-2017 10:52,13-03-2017 00:00
ccefed81ada949952e76166b19f2b723,4ac279df237d79f58d8b70addc6e5d4d,delivered,28-05-2017 23:57,29-05-2017 01:10,30-05-2017 14:33,07-06-2017 16:05,23-06-2017 00:00
56203ab8c919f019d69bac51794e296d,4313e91cf5448328e880ae6455fabd3b,delivered,23-11-2017 21:52,23-11-2017 22:20,30-11-2017 21:04,20-12-2017 21:57,14-12-2017 00:00
58535c8942c191304a6b7c1b33c33b4f,15f88a36771492e2122d4550716862ea,delivered,10-06-2017 00:43,10-06-2017 01:22,19-06-2017 07:44,27-06-2017 16:09,10-07-2017 00:00
90a2ae3a8c450a4b8baba2fc8eb0fa59,f6b5c1255d74840ea920104295a66d0a,delivered,19-04-2017 11:32,19-04-2017 11:45,27-04-2017 10:33,04-05-2017 14:33,23-05-2017 00:00
954992d55d1d6251c24b9ccc3121ac1d,a1f05275483aa467edf3f2fac97de790,delivered,14-12-2017 10:13,15-12-2017 02:16,15-12-2017 19:18,30-12-2017 16:07,15-01-2018 00:00
794716f9607ee04ab236761fa34073a3,cb0c7e89135c416bc612ef8911d63222,delivered,10-12-2017 14:21,10-12-2017 14:33,11-12-2017 17:04,19-12-2017 19:58,09-01-2018 00:00
297a6cbb707aabf7bf2fd71dca333168,bb035eefe21037da91dd8e47f284dd39,shipped,25-01-2018 09:44,25-01-2018 09:52,25-01-2018 18:12,,20-02-2018 00:00
1264bdfa22a4cca2beb66c1f542e7f5c,54c196a036b31e7af51aa30178be083e,delivered,19-09-2017 23:12,19-09-2017 23:25,25-09-2017 20:37,26-09-2017 10:52,29-09-2017 00:00
8fce31c913563c7a93802d8c2cf758b2,1769a3ebdaadccc529c9e90afd139850,delivered,03-02-2017 21:44,03-02-2017 21:55,10-02-2017 13:44,14-02-2017 14:41,07-03-2017 00:00
ecafc1df29c0622f331e455f148fe404,ff2e6691c5ace08c9c5c3109f6b4afa4,delivered,07-08-2018 14:18,07-08-2018 15:00,07-08-2018 16:32,10-08-2018 14:35,15-08-2018 00:00
05646cef8f5791776e224b7967607b4f,e3d26d1fe9b0926a8a306b11179bbd00,delivered,15-04-2018 16:50,17-04-2018 06:11,17-04-2018 21:36,25-04-2018 21:46,15-05-2018 00:00
c6bab3474f095311c68ed0f0285749f6,8c538bb5d1cd0d2ede1b3c5a8ca0abcb,delivered,17-08-2018 21:45,17-08-2018 22:09,20-08-2018 07:37,24-08-2018 17:07,05-09-2018 00:00
a9240cc919cc42178e1f3f9e15e79d23,0a924ae136218f3bbed75d78458c8589,delivered,28-02-2018 01:26,28-02-2018 01:48,01-03-2018 09:47,15-03-2018 18:11,23-03-2018 00:00
ba7618e8de91dc98cc72046465932960,1e9ab936549ab0a87fdb451b9c0d26ab,delivered,29-03-2018 13:01,29-03-2018 13:40,06-04-2018 00:05,20-04-2018 21:38,24-04-2018 00:00
04158f13c5f4533ee32baa89521cf9ba,6c84ea1d496954fa658db8f7f20467d5,delivered,15-08-2018 09:48,15-08-2018 10:04,16-08-2018 14:23,28-08-2018 22:08,06-09-2018 00:00
8a9cce19aa49e055f2babb81d5a71c40,f2676ef361959c938b35ecd32321adce,canceled,01-02-2018 10:04,03-02-2018 02:52,05-02-2018 20:41,,23-02-2018 00:00
c575345e0d439db28e378a552b8d4110,0ec60d83bb2743741cbb96d398a0e505,delivered,26-11-2017 09:32,26-11-2017 09:54,30-11-2017 18:33,05-12-2017 15:15,20-12-2017 00:00
e72598a24e84f85f6b47b99c7fcb32fb,f5daceec98cca88eaaec8c148a16d726,delivered,21-12-2017 11:27,21-12-2017 11:50,22-12-2017 22:59,27-12-2017 15:13,10-01-2018 00:00
d6612c0b5c2faff1e61d05c65f643f2d,c51149c8c797129a3b95a29b17390323,delivered,14-02-2018 13:48,15-02-2018 17:10,19-02-2018 23:52,28-02-2018 18:47,14-03-2018 00:00
b88ab07fb8df9a5215f630bc0da356f8,33b637b65158f77c5944eace3237c3f2,delivered,19-02-2018 21:30,19-02-2018 22:36,20-02-2018 22:42,28-02-2018 01:00,09-03-2018 00:00
51eb3e42940efb2afe2e7546e8bf2f5d,88066642a5d1d72635324e65fade6905,delivered,08-02-2017 06:48,08-02-2017 06:55,08-02-2017 10:44,22-02-2017 15:12,17-03-2017 00:00
fdde45331586a2e1145f846f3787feef,c43c23b9be9dd58496515530e4cd5f8c,delivered,09-01-2018 14:25,09-01-2018 14:32,15-01-2018 19:51,28-01-2018 13:51,23-02-2018 00:00
baf34be6cfe3f776452debc5836c7c4f,31ce3b7266c8ced7fd910aa284887fe9,delivered,28-07-2017 13:10,28-07-2017 13:25,07-08-2017 20:32,14-08-2017 16:22,25-08-2017 00:00
9109f2cca26d92ac4e064bb93da37c74,b5f2a4924544faeb20cb0c0b658cac45,delivered,22-07-2018 20:05,27-07-2018 23:31,24-07-2018 14:01,31-07-2018 21:28,21-08-2018 00:00
ef7c5d4791639dc1862b7bb3bacb3d48,f3e31afdae80581be48ce94e7b0f3366,delivered,06-08-2018 11:32,06-08-2018 11:45,09-08-2018 14:44,13-08-2018 20:18,03-09-2018 00:00
43f8e020752c67130ddf027e0297291a,964343a3f8a65e01ffad1b9bfaa7d7e9,delivered,26-01-2017 17:40,26-01-2017 17:50,27-01-2017 17:34,10-03-2017 05:41,22-02-2017 00:00
19253d0cbd6ac2d70e7d7171308b2426,b8f2418875e2a7defe72582767d67bbd,delivered,12-07-2018 20:36,12-07-2018 20:45,16-07-2018 08:53,25-07-2018 15:14,07-08-2018 00:00
54889af87c9d52034e56647c18e0fc8d,8a90ed699497824a81e94d090da7e70b,delivered,25-11-2017 08:10,25-11-2017 08:55,28-11-2017 22:13,18-12-2017 19:57,27-12-2017 00:00
a8e925972920153be4f6c40a5bcd630f,5996c022bd9200b294c361121cf19d6a,delivered,16-01-2018 16:56,16-01-2018 17:10,17-01-2018 17:09,23-01-2018 20:13,14-02-2018 00:00
d4d225097cf7faefa475ca4af70f7fc4,ed9339b395f5aad0302afac0f30a0c6f,delivered,16-04-2018 13:05,18-04-2018 03:30,19-04-2018 13:26,23-04-2018 20:24,09-05-2018 00:00
9bf093d4cb20c8d9351da44b0faf5d8d,9af7f9690b3c3c46417a9829a7a02068,delivered,19-03-2018 23:40,20-03-2018 00:31,22-03-2018 22:54,26-03-2018 16:49,02-04-2018 00:00
f6951204d4c5a8b9721e0039ed0c894a,4569e4a32c5ee64dab507e8ecfa0f142,delivered,25-11-2017 21:51,25-11-2017 22:33,27-11-2017 17:52,29-11-2017 18:18,11-12-2017 00:00
ff834ecc7838d679d1cbd96ad32cee27,5cbb774b043be6439aa9c5a51efea395,delivered,27-06-2017 14:17,27-06-2017 14:30,28-06-2017 14:37,06-07-2017 14:52,21-07-2017 00:00
1b1cfac7fddb9f3b9f9021fd182a557b,09fb2d2b184e3e8fc038bb62208006ef,delivered,23-02-2018 19:55,23-02-2018 20:10,27-02-2018 18:32,26-03-2018 23:08,20-03-2018 00:00
2b32434b3f10a1b43c3e150614a63934,0d53840309a3d05e83f35ff1afb396d3,delivered,23-07-2017 12:59,25-07-2017 06:43,31-07-2017 21:23,04-08-2017 12:16,18-08-2017 00:00
c7cfea0c153e6382e32e84c2a9dd7d2e,a8c2e32aed3234b2ee687d8ec36adb20,delivered,03-10-2017 11:54,03-10-2017 12:07,04-10-2017 17:17,20-10-2017 21:13,27-10-2017 00:00
fa9149f35155659eb319081d8e6f74af,0829a7f317e4c74aaf5651b578c781fd,delivered,25-07-2018 22:41,25-07-2018 22:55,30-07-2018 15:18,06-08-2018 23:08,15-08-2018 00:00
ea844c92cf978ea23321fa7fe5871761,6ddc45ad08e6a2c885ca2255fc52d6df,canceled,13-09-2018 09:56,,,,27-09-2018 00:00
8cf199d4f67bb071f1256279824fafd6,2133061e42f4c0fe531449160879159c,delivered,12-12-2017 14:41,12-12-2017 14:52,14-12-2017 22:55,22-12-2017 16:15,05-01-2018 00:00
19f0b0e6659d4be20f4325ad739ffac6,b580a709dda9827ce092d89b3f8c01b6,delivered,31-07-2018 00:16,01-08-2018 03:31,03-08-2018 12:26,16-08-2018 16:18,22-08-2018 00:00
a5931d87676f8226c1157c5d68be6969,f19594245ba83aaf403455a6c1bc5814,delivered,15-07-2017 17:29,15-07-2017 17:43,26-07-2017 10:44,03-08-2017 20:25,16-08-2017 00:00
6bc3888289830fea0d2ed7c54501fbea,d7cca737c794c3efad350217fce55d6c,delivered,08-04-2017 23:05,11-04-2017 04:02,19-04-2017 14:53,11-05-2017 09:41,05-05-2017 00:00
e5ceeb853f293840691322fbb8f532e0,1ce5970476d44fcc425a9070d8fa8679,delivered,09-08-2017 17:08,09-08-2017 17:25,11-08-2017 20:37,18-08-2017 20:12,29-08-2017 00:00
06afc1144eb9f51ef2aa90ec9223c7f4,e8be078dee76002545a9c5f10b7d7c4e,delivered,15-08-2018 17:13,15-08-2018 17:25,16-08-2018 14:44,24-08-2018 22:54,20-09-2018 00:00
17536125bc0b2189e30b5fa945a8773a,3ce2aed29f86a6e0051d5dbe89c0306c,delivered,30-04-2018 13:32,30-04-2018 13:52,04-05-2018 15:53,07-05-2018 19:22,14-05-2018 00:00
f4f6ec218c3835f1f37fd926a6f6124b,1dd87680282666e5a52fd7f3a8abfe19,delivered,10-01-2018 20:50,10-01-2018 21:08,13-01-2018 01:25,01-02-2018 01:41,21-02-2018 00:00
22e9617c26ec9b8bd09c75095067a631,7f11dfabe073952b7e6ef2ed28eb3260,delivered,22-01-2018 22:26,22-01-2018 22:37,23-01-2018 16:38,07-02-2018 12:07,19-02-2018 00:00
b68158eed8887928a1dea62a3d9fc407,6fc2f5ad517b6d8f74b12e58397f6615,delivered,09-02-2018 13:48,10-02-2018 02:49,15-02-2018 19:37,06-03-2018 11:37,23-03-2018 00:00
869548743b57fc4906baa944c448a644,787ee066fc58aaa400883d9f5abf7b67,delivered,30-09-2017 09:20,30-09-2017 10:00,04-10-2017 19:56,11-10-2017 23:22,27-10-2017 00:00
5ee7b62e53d3ff1201ab0f826ce413db,72adcf6a1e2e058550157b9ee9e202d8,delivered,24-05-2017 15:41,24-05-2017 15:55,30-05-2017 08:38,02-06-2017 16:22,20-06-2017 00:00
24226bb79f1be40c60396cd457ada96e,0c4193409d3d33915a701485f8d6e0e8,delivered,20-05-2018 12:10,20-05-2018 12:30,21-05-2018 18:27,12-06-2018 14:38,07-06-2018 00:00
376fa786ca009c39d2d78a87ecd0d4af,46e753fafc19f9fccaf24a44d0aa38d1,delivered,29-07-2017 21:09,29-07-2017 21:26,31-07-2017 22:17,07-08-2017 14:24,18-08-2017 00:00
14f90c3a16f99d432faf1ed9edde1379,5ae9750560eff787bef03f127c5db246,delivered,21-03-2018 12:06,21-03-2018 12:47,22-03-2018 19:09,05-04-2018 16:52,17-04-2018 00:00
666ee8dddb0138c7703e3e2a8bb8919f,c94505e1ef376d9df87e5c35a2c5dc2d,delivered,01-05-2018 22:42,02-05-2018 23:30,03-05-2018 09:48,15-05-2018 19:26,25-05-2018 00:00
2372e039a79fcd32009462cf86c2616f,b462db54c81d851ffb3aa793cb6dc33f,delivered,08-08-2017 15:14,09-08-2017 15:10,10-08-2017 20:09,19-09-2017 15:54,04-09-2017 00:00
e3071b7624445af6e4f3a1b23718667d,0bf8bf19944a7f8b40ba86fef778ca7c,delivered,05-09-2017 22:14,05-09-2017 22:30,06-09-2017 15:26,11-09-2017 13:27,22-09-2017 00:00
87a5b73c9ee4b5b6148d301393dd72b2,6f7157ebeee120bb8fbfd559c07d275e,delivered,23-02-2018 17:19,24-02-2018 02:35,12-03-2018 20:08,19-03-2018 20:43,19-03-2018 00:00
6480dffdb7765afb3bbb91cfdd9c569f,c38f349ec38ba57cc2e541b1e481f451,delivered,18-01-2018 20:30,19-01-2018 20:29,22-01-2018 23:56,29-01-2018 18:24,02-02-2018 00:00
d2fee637306555bfacf7b885044cbaff,23318be45d9aeca4f5a236541ab36490,delivered,04-05-2018 22:48,07-05-2018 17:29,10-05-2018 13:54,16-05-2018 16:18,23-05-2018 00:00
41cb9d97fc1bb4dd341d2f383972d178,69d8640e3ec57652bd4f2a6ecc8755eb,delivered,19-10-2017 17:15,19-10-2017 17:28,20-10-2017 18:05,09-11-2017 23:36,10-11-2017 00:00
b0cb5e1b222437d8ee177f463fbcf464,52e79890db8c8221861c635f6b460b1d,delivered,23-01-2018 12:41,23-01-2018 13:01,24-01-2018 13:54,31-01-2018 15:48,21-02-2018 00:00
fb8e4428d340ab5bfa482ef6fc97efbc,6058d310d497d1af90c0f2058955efdc,delivered,03-09-2017 08:23,03-09-2017 08:44,04-09-2017 19:49,06-09-2017 21:43,21-09-2017 00:00
a1b33a82ce718e7ad4704992b3c01624,23ecd7f57e750c54d6f770677c00caa3,delivered,13-01-2018 16:47,13-01-2018 16:58,17-01-2018 23:19,23-01-2018 19:26,16-02-2018 00:00
e267e6d5b54bdbcd941f9c8bc4eadb82,63b392cf71e7448dd8060bd98d3ad4f2,delivered,12-07-2018 00:07,12-07-2018 00:26,16-07-2018 13:02,03-08-2018 19:14,10-08-2018 00:00
ab3049853be314c3dcc3721cea4438e1,5c19afd44aa5b737ea4459ab0080193b,delivered,15-09-2017 08:28,15-09-2017 08:44,18-09-2017 13:15,29-09-2017 18:51,03-10-2017 00:00
a25311696c11be42fd840360f1d36669,ab8697128803dbf22b675b30fd74fafc,delivered,29-01-2018 13:52,30-01-2018 05:31,05-02-2018 15:22,08-02-2018 17:34,14-02-2018 00:00
4154d7944db36e9140645486ce34027f,3fc34478cb8f0427d63b362dfad74f51,delivered,25-07-2018 23:21,25-07-2018 23:30,27-07-2018 06:16,30-07-2018 18:42,10-08-2018 00:00
aea5a3457f531f97bc2b4a7cccbc1275,72e52fa2842a1f436977fd4a332dc199,delivered,17-08-2018 19:10,17-08-2018 19:30,20-08-2018 14:31,27-08-2018 15:29,06-09-2018 00:00
c7e54cda763ff9e557ac3bc3032a99c6,cf7bc9b2f63708aefa618dae3b178be3,delivered,07-04-2018 12:05,10-04-2018 04:10,10-04-2018 18:03,16-04-2018 16:28,10-05-2018 00:00
0b273b3e899144ab36619eda910cc72a,af605ee4741b701d7e3369192f200a40,delivered,24-11-2017 16:27,28-11-2017 03:32,04-12-2017 23:41,12-12-2017 16:03,14-12-2017 00:00
344b189b705831ff56d313993ebdd789,dc1ae3bf413691963904df3c6ef69076,delivered,26-07-2017 17:46,27-07-2017 17:55,28-07-2017 17:36,01-08-2017 19:10,17-08-2017 00:00
1e9a325806cd4eeb04256f2f843e6815,d65b84d54acd781b90b6ca1310c7ab70,delivered,14-03-2018 14:55,14-03-2018 15:49,15-03-2018 21:58,21-03-2018 14:02,26-03-2018 00:00
2031a1b41c54dd437f56e81eacb22e7a,34ce7c651143c0ee4ef50835e5f141b0,delivered,06-12-2017 08:27,06-12-2017 08:36,08-12-2017 02:43,19-12-2017 20:53,08-01-2018 00:00
a9451e0c97199724d8edfc301ea8ca65,27c3972178e2db6a0a769e1aae07628b,delivered,30-07-2017 22:57,30-07-2017 23:40,10-08-2017 20:38,14-08-2017 13:16,21-08-2017 00:00
47e4c8c9420d2f409428aa0249dd2704,b3704e8df70918133ae666dd83d8ed87,delivered,19-12-2017 21:19,19-12-2017 22:18,28-12-2017 20:59,15-01-2018 15:37,29-01-2018 00:00
3ab06142761c8a779015c0f3ec16c276,d370b5ca9d89f669acb7f1ebb46e38b9,delivered,12-10-2017 14:49,12-10-2017 15:27,16-10-2017 13:36,23-10-2017 18:00,31-10-2017 00:00
a2c7b8f8a4fe1bc4a8f4e30a5311861d,519fe7375966b917ba9d1f8b7a8784eb,delivered,23-01-2017 07:33,25-01-2017 02:42,27-01-2017 13:55,07-02-2017 17:22,02-03-2017 00:00
5766618ba4b6f3761f15ffb639a89aac,0b4442cad8eab4b19f6f4bd2132846a0,delivered,21-12-2017 11:35,21-12-2017 13:49,22-12-2017 17:52,29-12-2017 20:47,10-01-2018 00:00
270c25da086ad763f34a2cd66c6aae7a,12a9b33607c2fec94977963045396299,delivered,02-01-2018 16:02,02-01-2018 16:09,08-01-2018 23:15,17-01-2018 20:36,31-01-2018 00:00
72b02234375680d174bc9fecfb0fd9fe,3c97c51a472647f2bbee4b45c1e6c761,delivered,28-05-2018 16:15,29-05-2018 16:12,30-05-2018 11:06,02-06-2018 12:24,20-06-2018 00:00
363f10f9a33417de0135b77187a5222b,aeb580cdb23cf46633b27190611d7844,delivered,12-11-2017 20:32,12-11-2017 20:46,14-11-2017 21:38,28-11-2017 23:33,11-12-2017 00:00
ae09ebb82b7283effd23c7a5017498a1,8c49acfb0572260243fb807b44f94200,delivered,31-07-2018 14:01,31-07-2018 14:31,03-08-2018 12:07,13-08-2018 23:08,21-08-2018 00:00
ef39e8a01edeec8664b6fa8ebc5f3b9f,79a4b9f824dbec2f1a4a832b48b9ba24,delivered,10-03-2018 16:43,10-03-2018 16:50,12-03-2018 22:56,20-03-2018 00:24,03-04-2018 00:00
35f069c19a16b1ef6a4c4fda664db415,1af81a97080e5f84ff8390118b0e991f,delivered,19-03-2018 19:51,19-03-2018 20:08,20-03-2018 23:12,04-04-2018 13:57,13-04-2018 00:00
b26d171d404f1e506b8d41c6f70c4426,3a5c33915bd8a049355d05d61e6c4650,delivered,25-09-2017 13:51,25-09-2017 14:06,29-09-2017 16:16,10-10-2017 17:08,20-10-2017 00:00
9d1cb025d19b5ad3a5bbd1fd6bda4aa5,3ce6cd85b3aba2bdb4c1aecf14f5ac60,delivered,27-06-2018 18:24,27-06-2018 18:35,29-06-2018 14:52,10-07-2018 17:18,26-07-2018 00:00
bc0feb6a96ad7552648f4183cb6ecb63,d52952f17a55695f6713b15d38c9af52,delivered,23-02-2017 10:06,23-02-2017 10:33,23-02-2017 11:42,13-03-2017 03:04,28-03-2017 00:00
bec6fff5a33e4074bf4e32a7f142b39d,36fbc4c15c4091e773c854faa9713ff5,delivered,23-02-2018 14:29,24-02-2018 02:50,10-03-2018 17:21,11-04-2018 16:48,16-04-2018 00:00
b6fbeeba8ce77342619aa0311aff42d3,960743aba9d66c28f95d9a35155f79eb,delivered,15-04-2018 17:27,15-04-2018 17:50,16-04-2018 23:05,01-05-2018 17:28,23-05-2018 00:00
b1417ba6ab7c47ce85dd05e068e2afe1,2d1dc0adf607e9d8955024090a9c6a8b,delivered,25-08-2017 20:57,25-08-2017 21:10,28-08-2017 19:32,08-09-2017 11:08,20-09-2017 00:00
6172c4e124342a72597bf383245b9e15,9be4c248c54c3cbb40d2dfd23461cab9,delivered,27-06-2017 10:58,27-06-2017 11:25,30-06-2017 12:15,15-07-2017 14:21,31-07-2017 00:00
be85a93eeefbad9670c7b2d84dfb7502,ae08d99064f67ee7565351349be1ddd2,delivered,17-06-2017 22:17,17-06-2017 22:25,19-06-2017 20:03,03-07-2017 13:21,21-07-2017 00:00
2bdda5cf39975296883f9b09394d0dd2,2a5bfbf7cca5146d4d4032d11ed49556,delivered,17-05-2018 21:13,19-05-2018 03:15,21-05-2018 16:02,22-05-2018 11:44,29-05-2018 00:00
830c29e153b8851069e85be33116ac1c,77da57fc4d1c3f144250271fe00ac924,delivered,19-01-2018 13:13,20-01-2018 09:08,23-01-2018 19:24,29-01-2018 15:37,09-02-2018 00:00
e358b1e356a4242ef1e60c1a8e8068a8,7c5aa65f196613f9635005324fe91048,delivered,14-02-2018 21:52,15-02-2018 00:31,16-02-2018 03:13,03-03-2018 08:59,13-03-2018 00:00
4a202f407d179ddfd8b58bba11a48809,f7094a02fa3e369765c0c35f09c6eb5d,delivered,26-06-2018 10:52,26-06-2018 11:18,27-06-2018 13:03,04-07-2018 16:08,25-07-2018 00:00
ddfc5bfeb3554462248798b6670835a9,300ce7fc3fb7ffda8794cd2f97b2f826,delivered,13-10-2017 10:57,13-10-2017 20:07,16-10-2017 14:28,31-10-2017 17:43,01-11-2017 00:00
561cdd2accb4b96049e2f85972d8bffe,6ed3ba51865085a8de8bb730cefc8a32,delivered,06-06-2018 13:36,06-06-2018 13:53,07-06-2018 13:49,25-06-2018 19:29,20-07-2018 00:00
0da2f53b590353e40a328c2d8c3dd010,9d79b3c159727a1fccf44acd17ccd2a5,delivered,16-08-2018 12:15,16-08-2018 12:25,17-08-2018 16:49,23-08-2018 00:03,13-09-2018 00:00
b399edffb45924aa34e06ccfab7513bf,be5b2407d2c040ac93d987080f64fcec,delivered,16-11-2017 12:08,17-11-2017 03:50,17-11-2017 23:11,24-11-2017 17:32,06-12-2017 00:00
4fbef147dd3264b3b8764ea9ecdc462f,42cabe59c2d8dedc4cac7e52a2eeb731,delivered,27-06-2018 10:15,29-06-2018 02:53,06-07-2018 08:39,10-07-2018 19:41,26-07-2018 00:00
090353bbd0b20f65c374b389aa15dcf4,975b4155ac0320833dc30e150b1d5ce0,delivered,24-07-2018 19:26,25-07-2018 02:50,26-07-2018 16:03,03-08-2018 15:02,15-08-2018 00:00
a5a9f45d795fafe0077043697f62fd4f,666042f9936326aaee21b02eedeedc79,delivered,04-07-2018 14:45,05-07-2018 16:30,04-07-2018 13:41,11-07-2018 23:08,01-08-2018 00:00
e3e81ec82803ad01f1d0569485ea0b75,4b18fb110efbfff3ebecb22c9127f816,delivered,16-02-2018 12:57,16-02-2018 13:07,21-02-2018 20:23,02-03-2018 14:35,12-03-2018 00:00
53db88291e76734a879285c628cf2ce1,80bdf2f0a0f516837cd3387d82fdf5c5,delivered,29-12-2017 11:47,29-12-2017 11:58,03-01-2018 16:28,09-01-2018 18:08,29-01-2018 00:00
f58a410869583fc8b7c47aca74ef43c5,f147125795a7a02f3c99864c16f99fbd,delivered,23-05-2017 16:32,23-05-2017 16:45,24-05-2017 15:21,29-05-2017 07:44,26-06-2017 00:00
e4805728ef2799ec455a63ddd08aa52e,71f94b6f47acb3bd2047fd4d1800d2e1,delivered,24-11-2017 10:19,24-11-2017 10:32,29-11-2017 17:32,20-12-2017 21:53,27-12-2017 00:00
f14a4d4319ffc65a920a962e0532907d,cbd8e50ddd632c2457b5b6340498e211,delivered,05-04-2018 20:15,05-04-2018 20:29,07-04-2018 01:14,14-04-2018 18:05,30-04-2018 00:00
d48af423b2e9d7e208f37ba365eebc1a,4babb868246b861f9f4acb33650d5505,delivered,07-07-2017 09:14,07-07-2017 09:25,07-07-2017 18:17,19-07-2017 21:33,11-08-2017 00:00
55ded7b9e61d1c3f566b5bd78d2705a7,0b9a8afe0b1b0528e5f71368e7554722,delivered,28-08-2017 18:19,28-08-2017 18:35,30-08-2017 12:17,31-08-2017 13:27,11-09-2017 00:00
7837962c3d0968b066e6e54738c2f307,d8f2b7c4dca5dbd34d5e86fbb6f905c8,delivered,13-01-2018 20:42,13-01-2018 20:50,22-01-2018 20:28,27-01-2018 00:12,07-03-2018 00:00
d21ea1f0cfac8642b1a98b71ac53e32f,0812b360195c1929d1c73e9ff946522a,delivered,20-08-2017 20:11,20-08-2017 20:30,24-08-2017 21:23,28-08-2017 21:14,18-09-2017 00:00
63020d26ebaf7d3f0b7b2a79b9f76124,ea31a5b1fb564b6b82cd8f5a3a51c12e,delivered,30-07-2017 10:01,30-07-2017 10:15,31-07-2017 17:07,03-08-2017 19:42,18-08-2017 00:00
a5a315fbb356c78710a6c0c4129525d0,601e4637ee77e342cd967dab2de46cab,delivered,26-07-2017 07:54,26-07-2017 08:10,26-07-2017 15:09,04-08-2017 18:57,21-08-2017 00:00
2ac8b5ea56aeef62ecdcdc509cb1efaf,68d295367a8abcda02105da98b108bc5,delivered,10-02-2018 13:18,11-02-2018 13:15,15-02-2018 22:35,06-03-2018 21:58,14-03-2018 00:00
100cd7893daf3992dc9d95b595c713c5,d6ede6797029d41ae9844c7f86e65b3e,delivered,23-12-2017 22:03,23-12-2017 22:14,26-12-2017 23:33,09-01-2018 16:34,29-01-2018 00:00
3b80f5f8f9c4664e52e228a8ce5752f9,b62c66b99dc904ade0b5568a95fe904d,delivered,27-02-2018 22:34,27-02-2018 22:50,16-03-2018 00:37,19-03-2018 15:26,13-03-2018 00:00
96a2ebaf09ce36a4370b97e9fd0d5a85,a7874da00f871ce4c4110dd1f66b9c2f,delivered,16-06-2017 21:09,16-06-2017 21:23,20-06-2017 12:22,21-06-2017 18:12,03-07-2017 00:00
d4206a5584f401730e7680e4b9cd696d,ca8e057b7011f4a2fd41ba32463984e5,delivered,23-03-2018 13:40,24-03-2018 02:11,10-04-2018 22:44,11-04-2018 14:31,20-04-2018 00:00
60d13096e69ace88a0c5b8c3805010ca,54bd7edf8250e9e67794e9df507e3720,delivered,06-11-2017 13:48,07-11-2017 07:30,10-11-2017 14:24,18-11-2017 12:21,28-11-2017 00:00
1bf6db71e147c950fe9925e0be89ec4b,ec26ff9b46af83d9c60691c89bf24895,delivered,26-01-2017 15:37,26-01-2017 15:50,30-01-2017 13:32,08-02-2017 13:08,02-03-2017 00:00
30d5a8ce8a4195b742a8342c739efe91,d5c1cc3d673b9f1e655ffba6b3aab893,delivered,28-07-2018 13:09,28-07-2018 13:24,31-07-2018 09:24,03-08-2018 12:48,14-08-2018 00:00
6b026a0a382ef161c512318a3b1edbe1,13fcc139e9162c05fb256d3bd6fa16f8,delivered,24-12-2017 19:23,24-12-2017 19:30,28-12-2017 18:48,29-12-2017 14:22,15-01-2018 00:00
1b2d622f7ebb8e65f7de3e389f052540,0dc0162bbe9965694a426d8c6f1a56fb,delivered,06-10-2016 11:05,06-10-2016 15:51,10-10-2016 15:51,27-10-2016 08:14,28-11-2016 00:00
d839ea07a528e914f89702508023da37,eee74b2a9aa0989243d2793c1a90fbf6,delivered,11-10-2017 14:49,11-10-2017 15:08,13-10-2017 21:09,17-10-2017 21:56,03-11-2017 00:00
cb4c7b5c4ba9391a068afd96cdd155c6,57bfbfc924e39a173f599ad0b9337a0f,delivered,20-03-2018 13:20,20-03-2018 13:35,21-03-2018 19:06,29-03-2018 14:28,06-04-2018 00:00
c4755deb9ed712009d8442d24e290118,d3755d05f292176d47f9135f4309f9b7,delivered,11-06-2017 11:50,13-06-2017 04:45,14-06-2017 15:53,28-06-2017 11:24,20-07-2017 00:00
e87eae32b47767da815139559a6ec52e,412557c43340a382c45cb5729dde3e98,delivered,27-03-2018 11:13,27-03-2018 11:27,02-04-2018 18:33,06-04-2018 21:12,13-04-2018 00:00
b7d39e237d3fb31726e02fe2b8fe03f5,bfd7b93c28335b4b8cce03a5133c0114,delivered,08-08-2018 13:33,08-08-2018 13:45,08-08-2018 14:45,15-08-2018 00:44,21-08-2018 00:00
50dfd1d8502e5ef282d85dd49cee6db5,1bb8a6a63536e49d6f1a9fd8fffbe4a7,delivered,20-07-2018 16:38,20-07-2018 17:44,30-07-2018 15:47,03-08-2018 18:43,31-07-2018 00:00
db19ee032409eb975bc529b906bb8298,38070926ee91423bdc82e914a72429de,delivered,14-07-2018 18:23,14-07-2018 18:35,16-07-2018 13:51,31-07-2018 02:32,02-08-2018 00:00
6cd62576e07ee4e0d114e65358f5d503,adedcf3136a3eef7b9c2a65d778c72c2,delivered,14-02-2018 11:40,14-02-2018 11:55,21-02-2018 20:58,22-02-2018 21:10,01-03-2018 00:00
b7efa2aa3802e7ec91a5dd59edc36488,ab106a7ee6bdc144f6c299da92e94a42,delivered,05-06-2018 12:18,05-06-2018 14:31,07-06-2018 11:45,12-06-2018 19:02,18-07-2018 00:00
6bdd3d39bb6fb16ef69ef3141a3b13f6,0a2883594e4e7a4a978b205dd7bcf909,delivered,24-03-2018 00:58,24-03-2018 01:48,27-03-2018 03:04,04-04-2018 17:54,12-04-2018 00:00
e4309eeca1cfe3c6df5a187c38817a5c,165b192629cbe02272e51f15c51408ae,delivered,08-06-2018 09:11,08-06-2018 09:35,08-06-2018 15:17,20-07-2018 18:51,03-07-2018 00:00
00042b26cf59d7ce69dfabb4e55b4fd9,58dbd0b2d70206bf40e62cd34e84d795,delivered,04-02-2017 13:57,04-02-2017 14:10,16-02-2017 09:46,01-03-2017 16:42,17-03-2017 00:00
ed20372f93978f02adb6424088ddb730,b23c436d080c30100d9e7572b6be1406,delivered,07-08-2018 12:53,07-08-2018 13:05,07-08-2018 14:54,10-08-2018 15:28,28-08-2018 00:00
711093a34ef24a1588096dbf21f605af,6f7cef913f994cf692d34ff3b459d4dd,delivered,29-05-2017 11:26,30-05-2017 04:25,30-05-2017 12:22,02-06-2017 17:55,23-06-2017 00:00
9983e8877acbaeb33947e420587cb3df,c1f1f90164cd5b2b06886d2c982afd8a,delivered,13-06-2018 22:13,13-06-2018 22:39,19-06-2018 14:23,23-06-2018 00:51,28-06-2018 00:00
f2ec8bd7dc2b9af258766fe469a5931e,2ab885f5c189c548b974c71966554173,delivered,09-08-2017 21:49,10-08-2017 03:25,10-08-2017 20:22,14-08-2017 20:34,22-08-2017 00:00
44be4d9e90301dc9a8eb965d2004f321,858b97964d9da7c19d78ae9529dd683e,delivered,31-07-2018 22:29,31-07-2018 22:44,02-08-2018 14:49,09-08-2018 00:12,21-08-2018 00:00
b1d0fc0b53c9fe10e6b7c7f589c0a171,55ca353ee53173476849d5e2325d42f5,delivered,02-03-2018 08:46,02-03-2018 08:56,02-03-2018 22:00,13-03-2018 15:06,23-03-2018 00:00
dfc9bc36d5db98182f4b1dc41fe8e258,39c9dc82d5f60eb1ee8bc4fe4aa29dc6,delivered,21-09-2017 13:22,21-09-2017 13:35,22-09-2017 16:23,25-09-2017 22:53,06-10-2017 00:00
93abdbce647cddc77973a6d8c25643b8,2f766899da1a4ed5aeac6aad33b901b2,delivered,04-03-2017 19:32,04-03-2017 19:45,10-03-2017 09:36,27-03-2017 13:56,27-03-2017 00:00
6222f10321c7b098c4d165139993de63,e116cc872d298c958010d6d0b888682d,delivered,25-04-2017 19:30,26-04-2017 09:34,27-04-2017 11:24,17-05-2017 14:54,22-05-2017 00:00
422040395c164b8b5c0255af3c710646,3680a273ddb333253fa2edc7d3f8a3f2,delivered,14-05-2018 10:33,14-05-2018 10:52,15-05-2018 12:00,19-05-2018 10:47,29-05-2018 00:00
5181858c29858ceca3dd9e548a42b2b5,2eaf159c93d99b57a33a06a905515928,delivered,11-02-2018 15:36,11-02-2018 15:47,16-02-2018 23:08,23-02-2018 22:21,23-03-2018 00:00
a5b16df50e965748a0f8406dd415f23c,9e0b227113c81f8f7091ab121ac98796,delivered,14-05-2018 16:47,14-05-2018 17:18,15-05-2018 11:38,17-05-2018 04:53,25-05-2018 00:00
fb9dfd220475cb09f9902b297309db9b,a068602cedd0771887f43fce7f02b536,delivered,14-02-2018 21:13,15-02-2018 03:51,16-02-2018 11:05,19-02-2018 21:04,01-03-2018 00:00
7b9783133bb4a92b0c131b1b4f7657ea,42db1aa24e501b47e6dfca5bb3bb0dad,delivered,09-08-2018 12:44,10-08-2018 03:05,10-08-2018 15:02,15-08-2018 22:34,24-08-2018 00:00
d6d5256fd785237c4ace6b84392b2e28,6c623f1b4503c2dbf54682681e0052c8,delivered,22-05-2018 11:32,22-05-2018 11:54,23-05-2018 14:15,05-06-2018 22:14,07-06-2018 00:00
0983f1f175846f974bff91862731fa68,43828af3e880066850c0cf0fc0f5e56a,delivered,22-04-2018 19:36,24-04-2018 17:55,23-04-2018 23:12,03-05-2018 00:21,23-05-2018 00:00
62686dac3e596036e72fe0beb571e45e,c5bc17c73ffd41f07795aa3f5a5d1170,delivered,13-10-2017 13:10,13-10-2017 13:26,16-10-2017 22:49,26-10-2017 21:23,27-11-2017 00:00
df5c9b471c8cb2bf4fd5d986d8811ed1,eef9f64c72e64a8b3cb14ac0a1a83161,delivered,13-09-2017 22:21,13-09-2017 22:30,25-09-2017 21:13,06-10-2017 21:42,05-10-2017 00:00
c1b3a881aed70415ec2c1cd40d217d5d,cf97ee37711c253f86497974524d479b,delivered,28-02-2018 14:42,02-03-2018 02:10,02-03-2018 23:46,14-03-2018 20:06,22-03-2018 00:00
cb2dcd0d679928c3c5d29e5479982901,a48133e2358b288d04447786a3eb902b,delivered,30-07-2018 07:00,30-07-2018 07:15,10-08-2018 14:00,20-08-2018 15:06,27-08-2018 00:00
58bb1a30c2cb9520d5de66b39ed7cc0e,86a1b4e2bb98478774726fae917521e2,delivered,24-04-2018 18:39,24-04-2018 19:24,26-04-2018 09:41,03-05-2018 18:02,18-05-2018 00:00
a9ae6eca3010b51cb0a83c46e7c3ed4e,9379746d16b07564085e98f254ed562c,delivered,16-06-2018 13:50,16-06-2018 14:17,22-06-2018 15:17,30-06-2018 06:37,18-07-2018 00:00
954945beeb5990c532ac06d464edf931,893c3461da11001c1a1d9bf9afd13aa5,delivered,05-11-2017 21:29,05-11-2017 21:50,06-11-2017 19:47,16-11-2017 20:58,04-12-2017 00:00
f8ff5b18bc19c8bf59c91bf6cda39f38,12086658a24c5d25b21a4712a3caa85b,delivered,18-09-2017 10:27,18-09-2017 10:44,18-09-2017 16:22,25-09-2017 20:02,09-10-2017 00:00
357d14cbf3b59ba6e6ddb0b402b3d171,9c3b462284d39b618ac5e63df6badf6d,delivered,15-08-2018 22:03,15-08-2018 22:45,16-08-2018 14:10,24-08-2018 21:39,27-08-2018 00:00
87f48ad03a575830fd30137520ef411b,e65bb7ea45b4d422fb0c5229bf8e0e48,delivered,01-02-2017 23:33,01-02-2017 23:45,09-02-2017 07:37,14-02-2017 14:49,10-03-2017 00:00
b467baaa7d5fb3f77eed1cda6438100e,072c4dcd0f16b2e0d13dc2dd1549d17a,delivered,07-01-2018 14:49,07-01-2018 15:07,09-01-2018 18:28,11-01-2018 16:37,31-01-2018 00:00
e28e3a2634cfaa83736d5dfd494f3640,bdd0815262a2321eef5cd84a7846b0fc,delivered,29-03-2017 15:06,30-03-2017 15:55,31-03-2017 17:33,12-04-2017 16:22,25-04-2017 00:00
06c94a45382f44abb2968a87bcee9bcf,79566318b6a66b5ea84699122114a934,delivered,10-12-2017 13:55,10-12-2017 14:10,11-12-2017 16:58,20-12-2017 12:03,05-01-2018 00:00
036cec7829a9824855ee4c751a430313,6e1cc706f1e28392811d300080f12b31,delivered,04-08-2017 09:00,05-08-2017 02:55,07-08-2017 15:38,08-08-2017 18:17,17-08-2017 00:00
432dda62103eec3ce47848ef832768a0,8db78eda876f02c5113ae17697ec1dd4,delivered,17-08-2018 21:54,21-08-2018 06:09,22-08-2018 14:47,29-08-2018 11:22,05-09-2018 00:00
48758b2dd346fef45549ec77da5bc6ae,99824dd9a495542e08c9bc94be3742af,delivered,24-08-2017 19:19,25-08-2017 02:50,25-08-2017 19:15,30-08-2017 15:27,18-09-2017 00:00
f7b92e474008eb1405436c0e326d0f2a,27d48e22b8c8fe2d1c170758aa7315dc,delivered,01-02-2018 13:41,01-02-2018 13:50,03-02-2018 08:51,03-02-2018 15:36,19-02-2018 00:00
3fd0d04de88c8b59a53bc56703895c20,e6a2d06772c6da35a68f8a3456c5c1a2,delivered,16-08-2018 10:27,16-08-2018 10:44,17-08-2018 13:54,20-08-2018 21:46,21-08-2018 00:00
b3e51e0ed55ecfc735545f286635be5a,a98b68ff42eb2e456dcdc006983514a7,delivered,13-10-2017 11:07,13-10-2017 11:26,16-10-2017 20:40,21-10-2017 11:51,01-11-2017 00:00
40ec2cf5cb1eb0bf1ea2b117552fecb5,c9de938da00c05ca53a91f3c9b958abc,delivered,09-11-2017 08:55,09-11-2017 09:06,09-11-2017 17:37,21-11-2017 00:12,05-12-2017 00:00
06eda05597492635e3b91e00aa434332,0d50609a16197a4158052601ce51d830,delivered,22-05-2017 23:20,24-05-2017 03:05,24-05-2017 10:07,01-06-2017 12:51,13-06-2017 00:00
474e08f4d1c9fa11a89dd4b8042cb54c,c6abdd60ec2989429e4fe559248e0089,delivered,15-01-2018 23:32,15-01-2018 23:52,18-01-2018 20:31,24-01-2018 17:18,09-02-2018 00:00
5fb90fed46dfc44305e1c3ecb5f16a2d,9b242aab6db41736d33c4b915c3b5d06,delivered,24-04-2018 23:00,24-04-2018 23:15,30-04-2018 06:16,04-05-2018 20:42,16-05-2018 00:00
8f62b43c005fef494fe6d25e46006652,50e144a731c36643ddae31575baa5c6e,delivered,19-02-2018 12:23,19-02-2018 12:35,21-02-2018 00:07,08-03-2018 00:22,16-03-2018 00:00
5b686ee96f05cb6987dda1919ebf2bdf,d5d24a76ecdfa98e6eb0eded76fa1e8c,delivered,15-08-2018 15:26,16-08-2018 10:10,17-08-2018 14:48,20-08-2018 20:46,22-08-2018 00:00
6f11dab101ebb707fcdf02f89d524482,862fff42e0e51660a3d140ee46ca9747,delivered,24-02-2017 10:17,24-02-2017 10:30,24-02-2017 13:18,08-03-2017 12:01,21-03-2017 00:00
971dae4156d63b465b28ce4e45afc849,ba28f5e789469764b295ecdb66470d9b,delivered,07-05-2018 12:39,08-05-2018 04:55,10-05-2018 18:29,17-05-2018 19:38,04-06-2018 00:00
a769126f033474696dd593d143b450d4,f104b5445c31fb5895fac27d95a3293b,delivered,24-11-2017 23:51,25-11-2017 02:33,27-11-2017 22:25,01-12-2017 17:29,21-12-2017 00:00
f27fd91fafee87eccffe0df85538c795,74493089cad5208903209e997a8eb9af,delivered,14-06-2017 15:39,14-06-2017 16:02,16-06-2017 15:36,28-06-2017 16:46,17-07-2017 00:00
d4421539677ce8da70f3abf867adf15c,01a0d45a369a4356ac4652584652109a,delivered,25-01-2017 11:45,25-01-2017 12:03,26-01-2017 14:59,28-01-2017 08:23,20-02-2017 00:00
70786de34f40ec53c3e3d31460dfb880,c84d204933f28e79f84d0f00c8b5f7f9,delivered,24-11-2017 14:18,24-11-2017 16:32,27-11-2017 21:12,05-12-2017 12:28,20-12-2017 00:00
8a723730400b508cbf47fbef4a76ec8e,f19376e0c54da9409485f7ef9556d367,delivered,18-02-2018 12:41,18-02-2018 13:46,19-02-2018 20:26,03-03-2018 02:48,14-03-2018 00:00
98177e77e8e13fdf6cf26a7e98d86f02,70a67f9fe1f69b4920cb3c1092feb3c7,delivered,14-08-2018 15:45,14-08-2018 15:55,21-08-2018 14:39,27-08-2018 17:57,05-09-2018 00:00
9e22fb4a47d29059ef9689ca8b26d8b3,dc7dc47999d1b3c4c2f6a085a1a76eef,delivered,17-02-2018 01:22,17-02-2018 02:07,19-02-2018 15:48,12-03-2018 22:05,19-03-2018 00:00
2da5750fca320dddda4ce9b8c7e08f42,ab85c1abaa5e143a652cb4f298fa5776,delivered,09-03-2018 00:37,10-03-2018 15:48,14-03-2018 19:58,22-03-2018 23:16,05-04-2018 00:00
ec807fe5bae575f10d2ea7ea344c4ab2,d84d2c8f4e9116c3265621f8a196d93f,delivered,29-01-2018 20:44,31-01-2018 13:32,05-02-2018 20:29,21-02-2018 22:12,05-03-2018 00:00
061b74bca735bb2c1953e40bc098101d,0c8050459705eab48d6faf4b118109be,delivered,22-11-2017 20:40,22-11-2017 20:48,24-11-2017 17:14,27-11-2017 13:47,07-12-2017 00:00
05147da86ae779803eaa2a5480010af9,83a4c167271d0e1fd401e9f18a66d7c7,delivered,09-06-2018 01:44,09-06-2018 01:55,11-06-2018 14:56,12-06-2018 20:50,20-06-2018 00:00
304d09edb1e5147a08dde21e0efc3443,f6ad977a249563a1b6f614caa83909dc,delivered,23-08-2017 14:18,23-08-2017 14:55,24-08-2017 17:53,25-08-2017 12:00,05-09-2017 00:00
79563470c891926bb9507d1ad1ff661d,27fc1e85ea154f4ad91805cf8ce1fb55,unavailable,05-07-2017 13:51,05-07-2017 17:39,,,27-07-2017 00:00
6c7b7abbea636930355172ccc20e3ee5,48e3a9de59a791697c8face0fb3d439c,delivered,16-07-2017 19:11,16-07-2017 19:25,17-07-2017 19:12,31-07-2017 21:03,16-08-2017 00:00
475222e589bbaeac43093fcf2c855301,5df9d74d1d062721c63f353c1fa4eec0,delivered,30-07-2018 12:48,01-08-2018 03:31,10-08-2018 13:16,15-08-2018 20:32,24-08-2018 00:00
d1a10e07647c7845b8590cec57d589c1,7d8f985a0701cade02a5bae6f2d6e00e,delivered,14-09-2017 20:27,14-09-2017 20:35,15-09-2017 20:57,27-09-2017 14:45,03-10-2017 00:00
1a3a7d56968e2833fcbb6d4f6885c1cf,2f364a588ce20ad014cafdedbd623310,delivered,14-08-2018 07:44,14-08-2018 07:55,14-08-2018 15:10,17-08-2018 21:42,31-08-2018 00:00
a1567768e86bf73e0df3f99f8c570017,bf4ffb93deb3209078a57ff4cb6d1ba8,delivered,16-09-2017 19:00,19-09-2017 03:45,20-09-2017 13:35,03-10-2017 19:47,04-10-2017 00:00
ff37040ee7efbb9709c2b4389c4c0fc4,7ae52499270f3ed60225e78f0e0edb02,delivered,27-02-2018 12:30,27-02-2018 13:30,27-02-2018 22:32,08-03-2018 20:44,22-03-2018 00:00
35ca13a1178f68d06aeb72c659c67caf,532ba8d37f21feb6c733fe3847aae08c,delivered,14-05-2018 17:21,16-05-2018 03:33,16-05-2018 14:45,22-05-2018 16:32,01-06-2018 00:00
2d87139784a415f78f9735efcf693157,4335b568a53f4f44d1c91f4ba2f45785,shipped,13-09-2017 00:33,13-09-2017 00:50,14-09-2017 21:44,,02-10-2017 00:00
b2ae55d11609779855c398bc2bd74fd4,c9f8da8278a23eb777ede2591b9ad3ee,delivered,27-05-2017 16:15,27-05-2017 16:25,29-05-2017 13:09,08-06-2017 12:03,29-06-2017 00:00
119c9e36858ecf81f6a55cf7f7b327d2,ed4faf80f9e7b4f76a1cda3fd3f677c3,delivered,03-10-2017 21:28,04-10-2017 21:35,06-10-2017 18:43,10-10-2017 18:42,25-10-2017 00:00
74322a01b770c2ea38b56ed4c96071df,6ce02ad1cf761c5d0dfe8a6c1c023433,delivered,19-07-2018 09:22,19-07-2018 09:35,19-07-2018 13:06,26-07-2018 14:38,13-08-2018 00:00
dba36613ffc9294e2d9f72d3c33770fe,c05f7e2878efaa870798f749be8e8fb0,delivered,06-12-2017 19:02,06-12-2017 19:13,13-12-2017 16:48,17-12-2017 13:08,10-01-2018 00:00
7b80eb102c74259844e5a4fc17cc7c26,1bb7acd4379665fc66db106260c38b0e,delivered,19-10-2017 10:33,19-10-2017 10:46,23-10-2017 21:10,13-11-2017 23:41,21-11-2017 00:00
7cce12147e61d695697db09de514a27f,5953d643fe7d27d544a2dbc0bb1517d9,delivered,23-12-2017 13:44,24-12-2017 13:35,04-01-2018 23:13,23-01-2018 21:29,22-01-2018 00:00
5837e636f693fdd5742b60106640886b,f7ac2fea33182bef4f8d0abd7257baac,delivered,18-07-2017 19:01,18-07-2017 19:15,19-07-2017 19:12,27-07-2017 17:44,15-08-2017 00:00
38ee0413fc5a49c0c2eab6864776bf2b,6093facc8a1c13bd8499e221125e9d59,delivered,13-06-2017 12:22,13-06-2017 12:35,13-06-2017 15:42,22-06-2017 15:27,11-07-2017 00:00
6aa38fd3d451d8aec32d57d833b04083,e3380ebaac614946396a5252ef205f6b,delivered,27-11-2017 14:53,28-11-2017 03:19,28-11-2017 21:13,15-12-2017 00:07,22-12-2017 00:00
c5f9505b4bf9db0433b371002f7be6ff,d7837537f0fbe29cade1ee024539bbbc,delivered,23-04-2017 18:02,23-04-2017 18:10,24-04-2017 13:21,27-04-2017 12:30,11-05-2017 00:00
a47d6503b097b0a27377d57e6d5feaf9,c55d3842970157843ed8114b7ec76153,delivered,17-11-2017 19:53,17-11-2017 21:10,22-11-2017 11:58,23-11-2017 18:02,01-12-2017 00:00
e04abd8149ef81b95221e88f6ed9ab6a,2127dc6603ac33544953ef05ec155771,delivered,18-02-2017 14:40,,23-02-2017 12:04,01-03-2017 13:25,17-03-2017 00:00
8493585c508f9c5e56d34538219d415d,33d6613da0f9891f7a978ed75b647f34,delivered,08-01-2018 22:32,10-01-2018 10:32,13-01-2018 00:05,29-01-2018 21:37,07-02-2018 00:00
47bfd5091e67cf36c5d7d5e6ca97db53,f1db37fa9a45df4db594466b460e647e,delivered,11-08-2017 18:11,11-08-2017 18:25,16-08-2017 19:43,25-08-2017 18:42,18-09-2017 00:00
fdc4c75dff7c1545dd19c597436d6f1e,48dd4a1dcc42559b8035a9fe8d55f108,delivered,14-09-2017 08:02,14-09-2017 08:15,14-09-2017 19:24,11-10-2017 21:34,02-10-2017 00:00
fd52368d8373ad4158396078bf5ad004,d71895cdbafc0cc4630e3470733292ca,delivered,28-05-2017 19:17,30-05-2017 04:45,30-05-2017 15:59,08-06-2017 11:32,22-06-2017 00:00
84cee5c1b66cfc2dcb7c7834e7169246,11dda77241f7f71d51f1c55688fd1c62,shipped,08-03-2017 17:42,08-03-2017 17:42,09-03-2017 10:34,,06-04-2017 00:00
abd313023a7b029da2e5e4b6a4e49095,e019d63b966a3bfe6a48c383e6a1a006,delivered,29-03-2018 11:27,29-03-2018 11:35,29-03-2018 20:51,06-04-2018 00:12,20-04-2018 00:00
1d637e7a91e7c3e0e94a91cdf693855e,58eac1322f421c65176db804697c9bf4,delivered,26-11-2017 16:41,26-11-2017 16:52,29-11-2017 22:03,13-12-2017 22:16,20-12-2017 00:00
84175e8a851461c4c7c49e278b6c0b24,26797d457f3fcf876b80c511f637784c,delivered,06-04-2018 21:05,10-04-2018 03:49,10-04-2018 19:24,11-04-2018 19:54,18-04-2018 00:00
180fb4e6556687774c55bc255a5f7d8a,4dce0f6722869e478f0ae39024fc5948,delivered,01-08-2018 21:16,01-08-2018 21:25,02-08-2018 15:16,07-08-2018 16:03,21-08-2018 00:00
ac89e7344d2cb5597d862e338301ef8d,33b8c73c9e6bb0e7156ddebafb5dba57,delivered,16-07-2018 18:21,16-07-2018 18:35,18-07-2018 15:44,25-07-2018 23:57,08-08-2018 00:00
2e9ac33fbda5666e258ed040a2def5d6,ac7fdccf1cc317b11daa5bca630c91f4,delivered,17-07-2018 17:57,17-07-2018 18:10,20-07-2018 13:21,24-07-2018 23:46,02-08-2018 00:00
c679466a1ba6a8bdedcb2396f9e1dcbd,d27cc8323ccff05b970998013b39e597,delivered,25-02-2018 20:41,25-02-2018 20:50,27-02-2018 17:39,21-05-2018 12:18,16-03-2018 00:00
0f1e7bf8658039bb445eae8393801c9c,a08364b857475227d6659db0c604ac14,delivered,09-01-2018 21:25,10-01-2018 10:31,11-01-2018 11:55,24-01-2018 21:22,09-02-2018 00:00
6191c14b9afcc6173831a7275f92c55b,98fac5b1b0a7bf94429c38d93a8c88c0,delivered,24-02-2018 17:59,24-02-2018 18:10,26-02-2018 21:18,27-02-2018 21:09,19-03-2018 00:00
b58dafbcb3b0430b897644a9ec3063ba,322c37bc69abd0720940c927446fb734,delivered,13-11-2017 11:43,13-11-2017 11:55,14-11-2017 22:37,21-11-2017 20:13,06-12-2017 00:00
db97652cf517d2cd03db63dec489ca62,a02f66c3af7b16eec19ddcd98b645fe3,delivered,01-10-2017 08:57,01-10-2017 09:14,02-10-2017 19:32,03-10-2017 14:23,18-10-2017 00:00
70b35acffdf851e782ebf6fbc35eb620,8e8ee9b08afb49b080d193f98b0505af,delivered,22-03-2018 17:23,22-03-2018 18:05,23-03-2018 18:03,25-03-2018 17:22,04-04-2018 00:00
5b81d7f0f897982fce8bd000471c973a,532b34ab6e14da3ebbc775ba61bffc5c,delivered,02-05-2017 07:08,03-05-2017 11:22,05-05-2017 13:46,09-05-2017 11:09,29-05-2017 00:00
9be3c9722389548409bf4cb39d07e347,259a69df1ae08bfa31e849741233d520,unavailable,17-11-2017 13:12,17-11-2017 13:50,,,11-12-2017 00:00
70b9629a764d2247cf5995014b7204d2,2351d4314775fcbef54ecdf9c93ad410,delivered,22-10-2017 13:39,22-10-2017 13:49,24-10-2017 18:57,01-11-2017 21:52,17-11-2017 00:00
86d54b4e93f8e68d4aa40c56ea046c5a,2af07cbe0f50599955921a42c0455d97,delivered,16-05-2018 15:21,16-05-2018 15:35,18-05-2018 08:30,21-05-2018 14:22,28-05-2018 00:00
07629443859f99dfac4443b102f31ead,62a8b4a0d10a8fa0f5c34059b7758859,delivered,20-08-2018 18:55,20-08-2018 19:29,22-08-2018 06:06,27-08-2018 18:42,11-09-2018 00:00
f41b642bbc6b114869453f29da96d041,9eab014e2646490a4e86bf382c50f4bc,delivered,07-09-2017 21:52,09-09-2017 05:15,12-09-2017 21:08,23-09-2017 14:32,05-10-2017 00:00
e8ab363cd45a4e68e65455199d62b45a,3b1c9e911722f3a2afa426394cae0ddd,delivered,23-12-2017 13:37,23-12-2017 13:50,26-12-2017 17:52,28-12-2017 15:28,16-01-2018 00:00
8bde999dc4ad8ff2e39ca01c02a81119,af8eca1095bc8382cfab2c15ebc02893,delivered,22-12-2017 00:50,22-12-2017 01:09,27-12-2017 17:00,12-01-2018 22:07,22-01-2018 00:00
ab86581e77285de292e93cb8d740c088,248df208f5f2b43913897e9789bb4ea9,delivered,03-11-2017 00:18,03-11-2017 00:30,03-11-2017 18:03,11-11-2017 16:51,29-11-2017 00:00
b95b6670f71063249d81bebc3607e5d8,18a7c9329fb1cb4141652cccf84dad25,delivered,07-05-2018 23:01,07-05-2018 23:12,11-05-2018 17:25,14-05-2018 15:52,18-05-2018 00:00
be624b5788e2a4d4dfb9414c378c20c6,53c756c5593a91a5f091245c9248ba8e,delivered,12-03-2018 10:59,13-03-2018 04:30,14-03-2018 18:24,20-03-2018 19:49,02-04-2018 00:00
d61195546c8c9629c764caa807cda4b3,24f356c2e7de022f4b835936a717c55c,delivered,31-03-2018 09:47,31-03-2018 10:20,02-04-2018 22:38,11-04-2018 19:57,23-04-2018 00:00
a1b442b97cb70e7207abe3f32a01e3d0,127220f5fd65f325977f3c96d2538ea7,delivered,01-08-2018 00:29,01-08-2018 00:44,01-08-2018 11:06,03-08-2018 13:41,06-08-2018 00:00
07bebe0626c8053ad425381fe0882655,a7077f133d9d048e55dc77a59d97c83e,delivered,22-09-2017 11:16,26-09-2017 04:07,29-09-2017 22:33,05-10-2017 21:07,19-10-2017 00:00
c141e82dd061bbbebac085233c86b4c5,80447be02d8f3f3f309c7df938a08501,delivered,26-01-2018 13:47,26-01-2018 13:54,29-01-2018 16:11,06-02-2018 18:12,23-02-2018 00:00
4bd17c85bd06ed500f1619f6692ea8af,04a8bd329a1b13af8d394f37c6214ab8,delivered,20-07-2018 17:46,20-07-2018 17:55,23-07-2018 13:27,31-07-2018 20:42,03-08-2018 00:00
28618be7d166aad45ab14e9bca43cc19,0bb1934e205755a2bdf69b04687d6673,delivered,23-11-2017 21:49,23-11-2017 22:07,24-11-2017 16:59,25-11-2017 17:09,07-12-2017 00:00
669680ec0096baf96bb966401209e3f3,541b98cb6ebd8e11ee8508bb7e6fedb9,delivered,26-07-2018 17:49,26-07-2018 18:24,27-07-2018 09:49,02-08-2018 00:42,17-08-2018 00:00
9a259797098595401e84f676d0c57320,7770ccf71966b4049b6d62d1eb8173ef,delivered,19-03-2018 19:37,21-03-2018 09:48,21-03-2018 21:54,23-03-2018 18:04,03-04-2018 00:00
5c69ba235cf7367ca4d4c38d8492ffc3,8e0d53f24ac9d60553a339b27c9276e2,delivered,03-12-2017 23:51,04-12-2017 00:01,04-12-2017 22:39,06-12-2017 19:51,20-12-2017 00:00
a9e82e27071377dd0aeea6b3f4352cd1,667e983972ff288d808315f519970c0c,delivered,01-07-2017 09:34,04-07-2017 04:10,06-07-2017 15:29,26-07-2017 17:57,27-07-2017 00:00
d4da0eae97584a51df1e150a105e4f20,d40a1ebd5fb73cb6fc9950aabd029157,delivered,25-04-2018 11:30,25-04-2018 11:51,25-04-2018 13:31,02-05-2018 22:28,16-05-2018 00:00
1f4b51173e5abe491422314a94e7363c,028d8c05f2fa9d1b4923352586e800ba,delivered,15-04-2018 22:48,15-04-2018 23:10,20-04-2018 15:36,25-04-2018 14:22,14-05-2018 00:00
1c05b5c04855d3158e6e53760add7386,69ef16c37c5321b59e8872d780ffb5b3,delivered,20-08-2017 21:37,23-08-2017 12:30,23-08-2017 18:53,28-08-2017 19:22,25-09-2017 00:00
18d577e5bde66709509e694e7c6b6b17,820b092204a360812250a1e1d6d53f20,delivered,31-05-2017 19:37,31-05-2017 19:45,01-06-2017 13:54,19-06-2017 20:02,23-06-2017 00:00
afa610ea863dee3d85954aa87a22ba6f,2677c0511411111041b6e98a5d74c5c0,delivered,05-09-2017 19:16,05-09-2017 19:25,08-09-2017 15:29,12-09-2017 20:57,27-09-2017 00:00
3f78fdb829925037b11baf136f99980b,64404ce00502bd5bde8b635a0e328260,delivered,28-11-2017 12:34,29-11-2017 02:20,01-12-2017 19:32,11-12-2017 20:19,19-12-2017 00:00
8ea0b79c236245df6eee59b3ff482763,0b7d758a3562abc14d8d39a2b66afdfb,delivered,10-08-2017 17:25,10-08-2017 17:43,14-08-2017 19:45,22-08-2017 15:22,11-09-2017 00:00
c608c480ac442c0ee8203c097fca5f3c,6c4b70fd370ce3e7ecf666586a605d8e,delivered,25-06-2017 13:54,25-06-2017 14:05,27-06-2017 13:28,11-07-2017 21:14,20-07-2017 00:00
01f80c40f143af17e50622fe26ca76c4,6909938bdfdc79e0e6a5eeeb781566ab,delivered,20-05-2018 14:26,20-05-2018 14:59,21-05-2018 12:42,02-06-2018 12:27,19-06-2018 00:00
a853b6bff6aa5aa6ab496c76492858b8,9c79620850f924db64e54c2b12e415eb,delivered,10-03-2017 09:52,10-03-2017 09:52,13-03-2017 08:07,17-03-2017 12:43,10-04-2017 00:00
25111bc563785719a24be862c28c1b4d,e466c39be83e8b1103216577d7afccd4,delivered,20-05-2018 17:07,22-05-2018 07:55,23-05-2018 13:01,04-06-2018 16:46,22-06-2018 00:00
7b5781a478434239a4f7a1d32292b159,56e40c6941d4143c3e969ac344ea0b8f,delivered,04-03-2018 19:53,04-03-2018 20:09,06-03-2018 01:19,21-03-2018 00:26,03-04-2018 00:00
d9117cec0a7a5bee29c4f45cf820b930,ac9650ff78fe1d4b99796c5caa216ad7,delivered,27-03-2018 12:43,27-03-2018 12:55,27-03-2018 22:32,02-04-2018 14:44,19-04-2018 00:00
0f20a3721e8997ae2f771ec8cf0c4d3d,4629c64a048bf8a64632d31b9df84293,delivered,22-06-2018 12:06,23-06-2018 02:20,29-06-2018 14:48,02-07-2018 15:48,16-07-2018 00:00
14f38e83e237f237348b97dd9f228d40,5f8529d3f9d41718127f8ed44d471c6e,delivered,31-01-2018 09:49,31-01-2018 14:10,31-01-2018 22:53,16-02-2018 22:18,16-02-2018 00:00
4db13e29abf6d3e8e492111088e60d9b,9c197102aa91a3b2cc7070559ee4ec06,delivered,25-07-2018 20:51,26-07-2018 03:10,26-07-2018 17:22,28-07-2018 10:03,02-08-2018 00:00
8c9210b604388d38e4ecc5eea3c06b12,7cbe12f98b9e452381c138a3632330a0,delivered,03-02-2018 08:34,03-02-2018 08:49,06-02-2018 22:48,14-02-2018 17:59,22-02-2018 00:00
cdb4c1d38fee4e877cf3102aa0c5b814,89740b265a19250949dea0e212b9c92e,delivered,16-05-2018 01:42,16-05-2018 01:55,17-05-2018 12:49,21-05-2018 19:46,01-06-2018 00:00
4008367095a0de1a3a388f38e53172c7,5514e4c07a9b3b5e5d715985d1b80942,delivered,07-05-2018 14:21,09-05-2018 02:54,11-05-2018 14:23,17-05-2018 12:51,28-05-2018 00:00
a3aa23c77d6830dd5cb7ad473c8df492,2ca0ca2b7b63b62a682e006a9f55942a,delivered,06-05-2017 14:12,06-05-2017 14:22,09-05-2017 07:55,17-05-2017 15:27,06-06-2017 00:00
c2320c404179d2b8805c42b8b8de9668,6b9961cd2c203b4154482e717236a58e,delivered,04-07-2018 19:19,05-07-2018 16:22,05-07-2018 15:53,11-07-2018 18:07,01-08-2018 00:00
812f4de54953468bf13530e434f7de0f,9058d1725a0f910092c35f6da4a11464,delivered,17-08-2017 22:02,17-08-2017 23:15,18-08-2017 16:36,24-08-2017 20:13,06-09-2017 00:00
62310e6941dd333f0a8bfde5ec77d8c6,c589f4254d0f10621024209aaa1368da,delivered,07-07-2018 08:46,07-07-2018 10:15,13-07-2018 13:54,17-07-2018 21:48,31-07-2018 00:00
1b60d2efd91abb75b6a78ba9041a3f15,22db58570a862e5c0f00125981ddf293,delivered,06-11-2017 14:17,06-11-2017 15:31,08-11-2017 20:26,24-11-2017 23:27,01-12-2017 00:00
3cb62f32aa39070417cd9515cee4bae7,864230d00ad7a1903713fd184d13cfc9,delivered,15-01-2018 12:36,15-01-2018 12:50,16-01-2018 22:29,23-01-2018 00:14,07-02-2018 00:00
86a0962f08397e9524a60256d2bce32d,89cddf8225b03803734da0551fd9ebf3,delivered,12-03-2018 11:55,12-03-2018 12:10,13-03-2018 20:37,05-04-2018 18:38,04-04-2018 00:00
27572d0c11af71f78423d11722b2503b,9efd0db5d0d6d9c6559907be1e6bb288,delivered,10-07-2018 16:31,10-07-2018 20:31,11-07-2018 15:11,16-07-2018 15:52,26-07-2018 00:00
1e2751c3d3ccebf99f0de90d7fd2b279,4d076b22079be9bc624fa921a1b6b7f2,delivered,08-05-2018 20:28,08-05-2018 21:11,10-05-2018 19:07,11-05-2018 17:06,25-05-2018 00:00
52e6988a13f9dd7d567b0816dba52a03,8dd4c93bfbebe2a77657d46ef959a7ac,delivered,06-07-2017 14:51,08-07-2017 03:25,13-07-2017 16:03,14-07-2017 15:44,28-07-2017 00:00
72cf143276433584d0f80bc348571c69,9955ed1a34b90186a17b885d97f9aef9,delivered,13-03-2018 21:15,14-03-2018 11:20,20-03-2018 21:11,21-03-2018 13:27,23-03-2018 00:00
98a7b32414a076898c3312acac6f80e0,9621ad3882c6b846b19f27afc86f7e37,delivered,05-04-2018 17:27,05-04-2018 17:35,07-04-2018 01:20,08-04-2018 15:38,17-04-2018 00:00
2c1ac2ae4cb9b2b35618143ca66d8f74,98d8fb04ea8af6ab860458818ad53bd3,delivered,12-08-2018 16:08,12-08-2018 16:24,13-08-2018 15:26,16-08-2018 17:06,27-08-2018 00:00
2bd2198690a2c150fe5fdc4e064ba521,01288d72df4b2a4fb61182da4113ceab,delivered,18-02-2018 11:02,18-02-2018 11:15,20-02-2018 21:49,20-03-2018 23:34,19-03-2018 00:00
e3d239a9418e145764e6f99cc02d00b0,462dc285a81ff498ec5e0a1925711c19,delivered,05-02-2018 20:31,06-02-2018 20:31,09-02-2018 21:46,27-02-2018 16:52,20-03-2018 00:00
9c8ffc9afe14108def96d0b1a3678eec,7f59e76c0aa7ffa96374216e3fa5a4d5,delivered,05-04-2017 22:29,05-04-2017 22:42,10-04-2017 10:03,21-04-2017 10:22,03-05-2017 00:00
35df3b4dd9ccd07b51ef412f243e1483,5982de3ff1079d1226895b3b7efe1988,delivered,13-06-2018 19:00,13-06-2018 19:23,14-06-2018 14:29,18-06-2018 17:33,05-07-2018 00:00
15324bb6dca4436f40c1c599fdc0da06,191ba5e82034dafb08271e64f2c4b9d6,delivered,14-02-2017 15:39,14-02-2017 15:50,15-02-2017 15:03,20-02-2017 12:31,15-03-2017 00:00
9fa2ad63a061c20fb72179b9d79bafd3,5e239e1081ebc4189ad528308bcc5444,delivered,25-08-2018 11:00,25-08-2018 11:15,27-08-2018 15:38,29-08-2018 12:54,30-08-2018 00:00
0b461bff8323f6fec51ec6254a81d562,3225c076223e4cf8512be1779e066df8,delivered,22-06-2018 12:48,23-06-2018 02:20,27-06-2018 18:51,05-07-2018 19:54,11-07-2018 00:00
eb1d71600650b42be71f555e11a2a470,c031d16bef68d49702691e07ceb849ce,delivered,09-02-2018 21:38,09-02-2018 21:50,14-02-2018 21:59,15-02-2018 21:08,23-02-2018 00:00
231a870fbf37ed286dd61a582fcd03c7,8f0cfb786bfa2f508a5e1564f7f0a1ea,delivered,17-04-2017 16:00,19-04-2017 02:50,20-04-2017 14:16,09-05-2017 09:32,11-05-2017 00:00
6c6b9c17b42386d2ebd32f39c03104ad,e8622c7e2a8a737d4df78990ff347918,delivered,07-11-2017 12:31,07-11-2017 12:50,09-11-2017 19:49,16-11-2017 18:22,27-11-2017 00:00
73cc50f6da428df1584e69d6e07c7884,031a4751690cb362510c7b55428f7fff,delivered,21-03-2018 21:44,21-03-2018 22:08,23-03-2018 19:52,16-04-2018 20:38,12-04-2018 00:00
8053ea64c064df7d22ccf2099906d406,9f629b86cfcb063c2d2d714c7dc9f376,delivered,07-08-2018 11:56,08-08-2018 03:10,13-08-2018 11:29,14-08-2018 17:48,16-08-2018 00:00
44f77123c08b319dff9a40cb561a6169,06f3d542cb24b273ea871ad404adcf71,delivered,20-06-2018 02:49,21-06-2018 06:18,21-06-2018 14:27,27-06-2018 16:46,16-07-2018 00:00
066a60f7b0700a942ba22b627ebff13b,643c75fed93c5f43541eaf9c6c8b4828,delivered,17-07-2018 22:44,17-07-2018 23:01,19-07-2018 14:59,31-07-2018 18:02,08-08-2018 00:00
0dd85c67684153e61d0c14bf865103da,1ece1ad22029bdc9810c4d93cba3e11d,delivered,18-06-2018 15:20,18-06-2018 15:39,20-06-2018 14:24,28-06-2018 20:29,18-07-2018 00:00
82b2bf2d9e9ffb8c7689adacce888528,8a26de3460b4a7b524412245d37b5f15,delivered,24-11-2017 15:42,24-11-2017 19:12,01-12-2017 14:47,11-12-2017 23:45,15-12-2017 00:00
eb20fd7b3bccf8d4f41a18760a129045,131543adb30a089bacc9f8025d1d1a4c,delivered,25-06-2018 18:04,25-06-2018 18:15,27-06-2018 06:02,03-07-2018 23:05,18-07-2018 00:00
0a32c98faaa09357e357a60d02704a3c,e4b0c4c6ec684f615278f2dd9d7e0bbd,delivered,14-12-2017 09:36,15-12-2017 02:19,15-12-2017 19:58,20-12-2017 12:43,03-01-2018 00:00
17dbae84c2ba2203d7ba788c85e75b45,890bbb1c24b778301acaeddd4eb61afe,delivered,18-04-2018 20:42,18-04-2018 20:55,19-04-2018 22:48,25-04-2018 12:55,15-05-2018 00:00
3dc3b1441a6356bd23b21ac507bd38d6,44ecc84cbb68a3b1cd5015298222b71a,delivered,28-03-2018 12:27,28-03-2018 12:47,29-03-2018 22:38,02-04-2018 22:04,10-04-2018 00:00
18e3a35aeb0cef53ac06a61f65c1f76b,451cb85396e597ae3bf87cfa3fd14f9d,delivered,13-02-2018 01:52,15-02-2018 04:07,15-02-2018 21:45,11-03-2018 15:18,07-03-2018 00:00
1a7689d4e2cd47f45a8101e04ab03d51,44fa06633b8386107116fb58c5f35327,delivered,03-05-2018 13:49,04-05-2018 13:50,04-05-2018 18:32,05-05-2018 12:19,18-05-2018 00:00
e1bee8e7f813a2a119a1296c6fafdad7,eebe66e9677e5c306fa35ea0980fe430,delivered,24-07-2018 18:52,24-07-2018 19:05,25-07-2018 13:58,30-07-2018 22:12,28-08-2018 00:00
ebaf4b1faa0a7038125461afa5810651,b952cebf2ed1323e49c7e74b60326345,delivered,13-05-2018 14:53,13-05-2018 15:11,15-05-2018 15:46,24-05-2018 18:18,01-06-2018 00:00
0ebe4171b26283e6f9f3679033d3645e,052342bf498e2b4c567acdace49e23f6,delivered,12-06-2018 21:07,12-06-2018 21:42,13-06-2018 10:28,15-06-2018 20:12,05-07-2018 00:00
58729d1779fe85020c40886d6bb99fa4,7f63e5417cd76d48e30a31d9669b04f0,delivered,21-10-2017 18:47,21-10-2017 18:56,23-10-2017 19:19,30-10-2017 18:47,17-11-2017 00:00
31a5ceecee11538790f99ae1081e5c25,851406b866022c60fdb8a6e862808933,delivered,25-07-2017 20:20,25-07-2017 20:30,26-07-2017 18:19,02-08-2017 18:25,17-08-2017 00:00
9413addabc2268ea995d4e968a185ab3,e806123c621f001a180cc16fc4683424,delivered,14-08-2017 19:45,16-08-2017 03:30,18-08-2017 15:34,05-09-2017 12:55,05-09-2017 00:00
75b7d764765f4cf3a5f03e7f3f35319f,f680ea76654a400d48f8ca6d16a20442,delivered,22-01-2018 15:54,23-01-2018 03:52,23-01-2018 19:47,01-02-2018 10:57,19-02-2018 00:00
11aa678fe753b76d14deeb477735998f,d925369aaf494a6797ef53c9f8cb6c30,delivered,18-11-2017 14:42,18-11-2017 14:55,21-11-2017 22:38,30-11-2017 23:32,07-12-2017 00:00
88cc318193d85451e28059b4b52b7477,a4630be1b30135bc9a0f6059f1f7a0c8,delivered,13-08-2018 13:33,14-08-2018 04:15,14-08-2018 10:22,20-08-2018 13:32,11-09-2018 00:00
9b0f7f462c34c45144ec11e414eccab1,99a50e0d375610b72d2347ba456f3217,delivered,23-10-2017 11:33,24-10-2017 06:34,30-10-2017 20:26,13-11-2017 18:32,14-11-2017 00:00
0ff328dbe0ea4ad27a1176bbf8d88ecb,77c5006ed05e572e4171897c5a473611,delivered,06-09-2017 22:12,06-09-2017 22:23,08-09-2017 20:12,18-09-2017 21:18,29-09-2017 00:00
eeb5a5b729f6a175765204cb5c364ee5,788bac7c5c5f205ccd71fcc1033cc29f,delivered,16-06-2018 16:02,19-06-2018 06:35,19-06-2018 13:06,22-06-2018 23:03,11-07-2018 00:00
bbe5ef975154a7473c4c595fa3385edc,00f6217307f712298d8e47215f0bf2ad,delivered,28-11-2017 22:46,28-11-2017 22:57,29-11-2017 17:02,08-12-2017 19:10,19-12-2017 00:00
b0ddd4ac01604bb4ae094a307a06ccc9,43529a18cfef19147c8ef9b56d310f01,delivered,04-07-2018 17:03,05-07-2018 16:14,05-07-2018 12:12,10-07-2018 22:48,23-07-2018 00:00
b49280601245b2027c099b20ab2b72c0,ece07da878a806beaccf7692e518fa7c,delivered,04-06-2017 20:04,04-06-2017 20:15,08-06-2017 14:11,23-06-2017 12:32,06-07-2017 00:00
34de5f7952fbd04a9a1e5d7001b014b5,c49d4daab284e5d3dfcfb28a797edc70,delivered,24-02-2018 12:43,24-02-2018 12:56,27-02-2018 22:36,08-03-2018 21:18,16-03-2018 00:00
85e05c3c9aa9834518f35d4f286014be,1d07a80a15700b40cb15ff5870ee8b48,canceled,28-08-2018 08:18,,,,10-10-2018 00:00
ee7b9fca242afe884ce1daf3f17ae656,aafa66416bb386613deb6a1b9c9ff082,delivered,29-04-2017 20:57,29-04-2017 21:10,04-05-2017 05:52,11-05-2017 11:27,29-05-2017 00:00
a812412fc83a2f622db5e6f89e46d979,8366ef5ee3127dea6fa06c3cad27f165,delivered,10-05-2018 13:49,12-05-2018 03:35,18-05-2018 17:20,24-05-2018 14:42,29-05-2018 00:00
38b74d37b6bb4886a9b460ef8d4ba2d7,aa85716e1df710e8779a526d83d034da,delivered,18-01-2018 09:02,18-01-2018 09:12,19-01-2018 03:05,25-01-2018 19:28,08-02-2018 00:00
be128a58459554e47e89d3bc200ba5cc,71bd8523dd55e7b5228f2564fbcbc5ea,delivered,11-12-2017 23:19,12-12-2017 00:14,12-12-2017 18:36,27-12-2017 21:23,12-01-2018 00:00
405c8e4015fb343f974080958db8bc52,271a0d7c235fdd059546ec15d285d448,delivered,03-02-2018 00:34,03-02-2018 15:50,06-02-2018 22:28,08-03-2018 20:38,09-03-2018 00:00
7e73a37d2876badd7341bc42b0c1ac42,8098f5c7290a32e67f211defcc47528c,delivered,25-04-2018 08:38,25-04-2018 08:52,25-04-2018 19:05,26-04-2018 22:58,04-05-2018 00:00
55d599a99424bf5a0293a84f8f65a13f,19c5d024d9c26d7b38d74a6237081a02,delivered,19-11-2017 16:20,19-11-2017 16:30,20-11-2017 19:41,01-12-2017 23:38,14-12-2017 00:00
935879cc26cb79cd663525d2425c57dc,66fcf4c049ee4116d1701ab0d985f7ce,delivered,15-09-2017 18:18,15-09-2017 18:25,18-09-2017 19:02,25-09-2017 21:03,06-10-2017 00:00
86a54631f4fccf168dd48ffc58ad64de,8d117567c56145436df4b0472ddffa62,delivered,17-11-2017 13:00,17-11-2017 13:35,21-11-2017 20:48,23-11-2017 14:29,01-12-2017 00:00
4f1a1c6f6fbca0d084e77e3f74b37cf6,086f2e7a1b67f590d6440b35b2e7246e,delivered,31-07-2018 14:08,01-08-2018 02:35,09-08-2018 15:40,17-08-2018 21:18,12-09-2018 00:00
addee0cbf3361fd2ad627432082aa096,621daa25ec4cdc7fe2c0eb0e250b158e,delivered,15-08-2017 14:51,15-08-2017 15:55,16-08-2017 18:03,21-08-2017 20:51,06-09-2017 00:00
1d14bb358f43b14725c70bdc035ce24e,178910ef515adef6afbf89b143d5e25d,delivered,02-03-2018 23:51,03-03-2018 00:09,08-03-2018 19:28,28-03-2018 21:22,27-03-2018 00:00
899a5ec4b50c53b46fc876182c9cecab,fd97c6b3bee292fe6f661fb73964f786,delivered,25-11-2017 12:31,25-11-2017 12:53,01-12-2017 18:44,12-12-2017 18:34,20-12-2017 00:00
20e8735e683506f2f09e1a0e00f8114a,84906f555c4fa2c9333684c4de459bfe,delivered,01-02-2018 17:56,02-02-2018 02:55,08-02-2018 19:37,20-02-2018 18:42,02-03-2018 00:00
e35b8d9f66d207952c74878ee321a213,26280c295879b204d2d3c0452e0fed88,delivered,10-08-2017 12:44,12-08-2017 02:45,15-08-2017 19:31,24-08-2017 20:05,08-09-2017 00:00
10ac3b593f06e0dd6b38a53821c1d497,80463b3160eb97d89c576a54700a0e91,shipped,29-01-2017 11:18,29-01-2017 11:31,30-01-2017 09:38,,09-03-2017 00:00
c1049eef89915c6beb3604bf3d6588d7,ed16865bcadcea1a00a928bf418a74bf,canceled,05-02-2018 23:08,05-02-2018 23:29,09-02-2018 22:13,,07-03-2018 00:00
05b3b36808b4c685d4a2753ad6fec9a3,9beaa860baba91e8b22a41bf8d013023,delivered,08-11-2017 22:54,08-11-2017 23:11,09-11-2017 19:16,21-11-2017 18:58,30-11-2017 00:00
f7c82561ae5213f3564251a07c475d1e,d50f3acc865789f7e54e26595c5574d1,delivered,21-07-2017 21:42,21-07-2017 21:55,24-07-2017 20:17,31-07-2017 17:50,10-08-2017 00:00
09249f4625a56408772a45322aadd544,9d4454db8535593c2a2f165869f30bc5,delivered,07-08-2018 10:19,07-08-2018 10:35,13-08-2018 15:25,16-08-2018 21:12,23-08-2018 00:00
b1674ac203b25f2cc27d68eea3e81efa,dcafbfbc1eea5df012f963003813261b,delivered,12-07-2017 19:58,12-07-2017 21:05,13-07-2017 18:32,24-07-2017 15:29,07-08-2017 00:00
7de9003e4d20b7332efe832b5ca8c15c,07d3587462cbe5dd7c951b59f783121e,delivered,05-03-2018 19:12,06-03-2018 12:56,09-03-2018 13:37,02-04-2018 23:41,09-04-2018 00:00
61ec926d48941b3edbd4b5d4aaed5356,0a378886758498633ec55eaa83c8ed35,delivered,04-04-2017 12:20,05-04-2017 13:06,06-04-2017 11:58,12-04-2017 10:43,27-04-2017 00:00
d9ed186abc625ccae42014887b7af04d,f2a7cb551d698023215eb95ed489ccb6,delivered,31-07-2018 13:23,31-07-2018 14:31,10-08-2018 14:13,16-08-2018 15:33,20-08-2018 00:00
168823ad1b77477540db78ab357f18b5,d0b3bccd5ab7d4920b0a8318ce9d997b,canceled,17-07-2018 11:16,17-07-2018 11:30,,,17-08-2018 00:00
8374f35f0981af1a2b2ebc5cc5ac9859,8df816d91d225a9a6ab57c030278eb80,delivered,12-02-2018 14:44,15-02-2018 04:07,21-02-2018 10:29,01-03-2018 22:38,09-03-2018 00:00
c2038cc607e5462400ad6606b091ceca,f034510b61dadeded57a79a657d3e3d9,delivered,02-11-2017 22:41,03-11-2017 00:35,08-11-2017 15:07,24-11-2017 21:16,01-12-2017 00:00
fd40f3722deb0b1b640cdac8e3afd293,797cb7ef7b00f30747b3b1eb2c135125,delivered,17-05-2018 16:44,18-05-2018 13:55,22-05-2018 06:18,04-06-2018 18:11,07-06-2018 00:00
59934ef5e174b490aacecbbe4f381155,21541c3afc8571eea3457e009fe50782,delivered,25-05-2018 23:05,25-05-2018 23:37,29-05-2018 13:09,04-06-2018 14:08,11-07-2018 00:00
a509a0a8522e394f8a140c7e3046731d,b93f595ad6dd63fa50be0cd3cf9dd0cc,delivered,09-07-2017 21:08,09-07-2017 21:23,13-07-2017 16:49,18-07-2017 15:33,03-08-2017 00:00
9802f29cdc084663b66ba9bd453b6eb7,35a1fa4715a6340f6df32dcff582f826,delivered,25-06-2017 21:33,25-06-2017 21:45,27-06-2017 17:48,18-07-2017 16:07,07-08-2017 00:00
8366b292b2a97497953e0897d8fdec25,3b58dc51a9c854c2740b6d65ce88dbd1,delivered,25-10-2017 13:44,27-10-2017 03:15,31-10-2017 18:32,09-11-2017 17:41,27-11-2017 00:00
caad8650d057e45848943e18ad94ad73,fcdcb8ba740481a72da7da0bc6e61d20,delivered,28-03-2018 14:17,28-03-2018 14:30,29-03-2018 16:12,02-04-2018 14:56,10-04-2018 00:00
957b63dfa485e69821fcd7cc5320c064,be93311d52df47140bbfc588540e88c4,delivered,24-04-2018 15:55,25-04-2018 08:51,27-04-2018 14:36,03-05-2018 23:19,22-05-2018 00:00
502f9fab8b6ef318e23a5700a237ef1b,514c03e2461d472afce7f786187178de,delivered,08-04-2018 11:23,08-04-2018 11:49,09-04-2018 20:04,13-04-2018 22:22,02-05-2018 00:00
d905856c062516e1bd43377034e5c615,5f174de9b3c05f164681fb0f3e47f453,delivered,20-09-2017 18:34,20-09-2017 18:45,21-09-2017 17:34,03-11-2017 12:32,11-10-2017 00:00
295a69ea65900e96a9a890cf2825b289,6b61468276b9c266cd3aba7d46fa6f4d,delivered,11-05-2018 16:15,11-05-2018 16:31,14-05-2018 15:51,19-05-2018 15:03,11-06-2018 00:00
a8d99215828518af1468d99834d91e9f,c206e6f4294cc8497a079fc15e27cc31,delivered,09-05-2017 22:14,09-05-2017 22:25,18-05-2017 10:00,23-05-2017 10:58,06-06-2017 00:00
347d4f4caa9013e50f10654675fa35ef,401bfcb03a1c454c6418067ff1622432,delivered,11-05-2018 21:59,11-05-2018 22:17,17-05-2018 14:39,01-06-2018 16:36,01-06-2018 00:00
3ec6117e5d156dbc0eba20cf16eac9f3,c310be8c551f841b3cfd2f74f91941f3,delivered,24-11-2017 10:42,24-11-2017 12:15,30-11-2017 23:48,02-12-2017 11:48,08-12-2017 00:00
d401e4eb313c624cb7c140e43e38192e,6d765526989aaae489cdb8d1afafbb15,delivered,09-07-2017 16:34,09-07-2017 16:45,12-07-2017 10:16,17-07-2017 20:51,07-08-2017 00:00
0da63cb667e372bedd322ccfd284afbc,229df96d7616076a0723025289fbdc84,delivered,21-03-2018 13:04,21-03-2018 13:15,23-03-2018 18:56,29-03-2018 16:52,16-04-2018 00:00
34e43b05d79a814bd90a43250ff10094,2f008bc4e4cb2b5e4aaafbe427468c07,delivered,05-12-2017 09:51,05-12-2017 11:12,07-12-2017 18:37,19-12-2017 20:18,28-12-2017 00:00
54e21f5480d90336080ff89ec1ba503e,41240c469a32412fe0910763161f878a,delivered,03-08-2018 07:39,07-08-2018 04:45,07-08-2018 15:20,09-08-2018 23:32,14-08-2018 00:00
de810c5a4d708e92e61170e20a7dc100,f5f3337ca4f2551b44b66ecff52225c5,delivered,25-11-2017 22:02,27-11-2017 22:17,09-12-2017 00:52,15-12-2017 19:48,02-01-2018 00:00
511ec73b8104809938ca0ee00706c0ca,ff4b5d3b660b635bcbdb988ca60eafbe,delivered,11-06-2018 11:31,11-06-2018 11:57,12-06-2018 14:22,13-06-2018 15:38,20-06-2018 00:00
cf223cd5f53b6a5986f1ef788d3e9e83,8f9340b62f517e2dc87d56dd70d54a98,delivered,17-02-2018 11:16,17-02-2018 11:30,19-02-2018 23:58,20-02-2018 15:53,06-03-2018 00:00
853eb57e7109781f60bfaec58c70c258,fac697cc750bbd1acf6dc02ccfd6adb7,invoiced,23-04-2017 13:25,23-04-2017 13:35,,,26-05-2017 00:00
2de8870a0b861a9ff5ccb128784abf2e,3d6c5d2b414180c36624a70e6884e9c8,delivered,01-09-2017 00:18,02-09-2017 00:25,06-09-2017 21:10,12-09-2017 18:46,20-09-2017 00:00
a9fff775c01f5c2af9b79817fab57cd3,ffb145238917df668b2d40bf9532e6c8,delivered,29-06-2018 06:53,29-06-2018 07:10,29-06-2018 16:00,04-07-2018 16:18,19-07-2018 00:00
0cf34928cb98d81a295f478ebf553c84,e1a7cfb92cade4aedd22ea4860bb848c,delivered,02-03-2018 14:16,02-03-2018 14:35,06-03-2018 23:28,08-03-2018 01:18,14-03-2018 00:00
6db98cef3c7058f05f604483aadd2f14,fa5ed72712ff7a576ba7596a5ca74b58,delivered,09-01-2018 18:30,10-01-2018 10:32,11-01-2018 18:39,17-01-2018 21:28,07-02-2018 00:00
e1edd95bfd88243a6d6b774d8aefe535,5f7d5048f92d15f0ee1ff49d63175577,delivered,01-04-2018 14:44,02-04-2018 17:49,05-04-2018 00:16,17-04-2018 22:34,27-04-2018 00:00
4635218e99d9201bb178dca09cf1acda,2aba72f16ec519abfd9c2f5be6136e9e,delivered,11-04-2018 10:45,11-04-2018 11:10,13-04-2018 17:31,18-04-2018 14:32,04-05-2018 00:00
0a8d9ed968d08daf5ef8a5cbf0bbe833,031d6ed886ccf5805f9da926fbe0fba1,delivered,28-03-2018 12:37,30-03-2018 03:15,02-04-2018 20:05,12-04-2018 00:22,18-04-2018 00:00
15ea2ff54aafb487d482a527b120464b,2005627c4cb9a95f4babe067d2c37f8a,delivered,12-07-2018 17:59,14-07-2018 02:45,17-07-2018 13:46,25-07-2018 17:46,07-08-2018 00:00
0c6715b2f888887f2ab9c7d6e099d38b,fb0ae2ee2f5c745390ef3a22158cd253,delivered,05-11-2017 18:34,07-11-2017 07:30,08-11-2017 17:58,14-11-2017 16:12,30-11-2017 00:00
df6e092f573f96d98483fdcb900e05aa,4275fb04d6cdfc2fbec3b5876f12b5d4,delivered,12-02-2018 07:28,13-02-2018 07:27,14-02-2018 17:35,22-02-2018 04:24,06-03-2018 00:00
9862758b968333823975113b6a970ee8,1929bb2034a92f2dfd0d359dd69d02b1,delivered,16-05-2018 13:08,17-05-2018 02:15,17-05-2018 15:31,21-05-2018 23:33,01-06-2018 00:00
d65ec1b28617b16c0747b22c49a979a6,e1ba80d5d49d251337ef5275b6550336,delivered,11-07-2017 10:37,11-07-2017 10:50,12-07-2017 17:42,22-07-2017 15:44,11-08-2017 00:00
341f18e07d530efb44d8dc6753c10400,b5e8f9d5c96ed06fc4ee7132f45b45cd,delivered,05-05-2017 11:11,05-05-2017 11:25,11-05-2017 14:29,15-05-2017 13:43,30-05-2017 00:00
539dddb1ac06e5b2d492d27c95d05504,43bd79aef01361fa6eae728bf2919215,delivered,07-02-2018 14:16,07-02-2018 14:32,09-02-2018 20:58,27-02-2018 23:19,16-03-2018 00:00
94b35c859940ae8a53643992ee1ae7a0,b8d01a6da6524e16108fd83dcf98aca3,delivered,26-05-2017 09:19,27-05-2017 02:50,29-05-2017 15:50,05-06-2017 14:47,20-06-2017 00:00
af42bbea9252f168ff8d25072a1b9fb1,22a6db51b1357ce5f7a02fc19e677390,delivered,08-01-2018 20:16,09-01-2018 07:24,09-01-2018 23:04,15-01-2018 19:04,31-01-2018 00:00
ae78d443f07cc7da4cb961f34f1bc6a8,aa4c5b95810a5d4b1bf2cc56e7d76cd6,delivered,31-08-2017 20:47,01-09-2017 22:33,06-09-2017 23:42,02-10-2017 11:04,27-09-2017 00:00
e6c7c9a857844647e04396cb131c3b6d,5b96458c206829b9ccb7c7d27eabac68,delivered,29-04-2017 17:19,29-04-2017 17:30,03-05-2017 12:33,05-05-2017 12:18,29-05-2017 00:00
e2172f6d6406600e974895aa52e47b45,f4c3c108453bbf266180bac30e6c3a02,delivered,06-05-2017 21:09,06-05-2017 21:22,10-05-2017 09:54,17-05-2017 18:26,30-05-2017 00:00
152e3e1d1cd5a952b1f4049ff29ab695,729be0ad11a9af7df71af2e9697e513f,delivered,24-04-2018 18:40,25-04-2018 08:51,30-04-2018 06:23,04-05-2018 20:08,25-05-2018 00:00
71e22e2d99081d6dc07d9627bb85969e,0b6c2ee27dbe0bcbffd424f2ddedd222,delivered,24-01-2018 22:46,24-01-2018 22:56,25-01-2018 15:32,29-01-2018 16:58,19-02-2018 00:00
7888c674da87585ee031e3b68a377499,2456ee41820a5bbca27406a2105c4341,delivered,12-10-2017 19:00,12-10-2017 20:10,13-10-2017 16:03,24-10-2017 20:12,08-11-2017 00:00
6401cfe160d72392195bd6e311a582cd,8ba270702525761a8e15b588882f92a2,delivered,24-02-2018 17:49,24-02-2018 18:07,13-03-2018 01:12,24-03-2018 17:02,16-03-2018 00:00
b4a1c1abe13b0e2adafb21da024cef98,81aef10a9af8f93cbfbf20e884277260,delivered,02-10-2017 21:11,02-10-2017 21:28,04-10-2017 01:02,09-10-2017 16:50,24-10-2017 00:00
b654b7344f08cc73e20ed2c4f5855bd6,c9cb57b640e67ea0437a79903e2d2fcb,delivered,06-09-2017 13:08,07-09-2017 02:50,08-09-2017 16:28,09-09-2017 13:06,19-09-2017 00:00
7a45994c67017557c12bf0ef5061325f,1616db95afa279b3d462ab5a8ce7bc1d,delivered,13-11-2017 21:29,13-11-2017 21:47,16-11-2017 19:28,23-11-2017 20:32,27-11-2017 00:00
92a40ff0f53b250065933f8b42431911,04c81659bc6756aec0dea8a3fe320d7b,delivered,24-05-2017 21:02,24-05-2017 21:10,25-05-2017 14:00,09-06-2017 09:27,16-06-2017 00:00
fc4c7a86a9b56a2af04f2bb99cba3fe3,d1fd59e3414732c09402cb5aa70be0dd,delivered,12-08-2018 17:08,12-08-2018 17:24,13-08-2018 13:09,16-08-2018 20:48,23-08-2018 00:00
885935156ba43094f3ae95f3c14e0381,3885c59916b2b261205c303fe0a10abf,canceled,02-02-2018 16:06,06-02-2018 04:32,07-02-2018 20:48,,08-03-2018 00:00
c19e19a8551bdd68c5a4d75fb4c6f4fa,1c2f4342582fd039e9914d710576234f,delivered,24-01-2018 17:53,25-01-2018 02:57,30-01-2018 15:16,08-02-2018 16:18,23-02-2018 00:00
310436570f7bf5ca58ec0500d633aea8,1f05354f6eaada5453b292bee372b797,delivered,17-03-2018 15:49,17-03-2018 16:09,20-03-2018 18:40,03-04-2018 23:21,19-04-2018 00:00
1d6d061efdb6cb19fd5b0805b95624f5,74b53dcf048a885b1ecf63efc42acf54,delivered,05-12-2017 10:29,06-12-2017 02:35,12-12-2017 22:23,14-12-2017 18:51,21-12-2017 00:00
b91c737fed536d40ce17d84edd88fac7,c87ff79f95188fd3ca370993eaf04d7e,delivered,21-08-2017 12:52,22-08-2017 04:06,25-08-2017 13:41,31-08-2017 21:32,13-09-2017 00:00
97406fbd0681b611192617f872175edb,1f1af3c6a318a42d87f7ed888b090147,delivered,27-04-2018 01:10,27-04-2018 01:31,27-04-2018 14:22,02-05-2018 20:54,17-05-2018 00:00
a99d889887e1de4ac286fc3847455a97,f4b0f6dde0d7b89d73275a20797ab712,delivered,04-07-2018 12:51,05-07-2018 16:26,04-07-2018 14:43,06-07-2018 18:48,27-07-2018 00:00
3757a57cc9b1a53aef763138d192f7d4,3bb999062e7f14c42c2392ccf3e30e6c,delivered,25-06-2018 07:38,25-06-2018 07:58,26-06-2018 11:55,10-07-2018 19:50,23-07-2018 00:00
32032cfe80a0e36537d611ea2b9342e0,1400d3c9230622c965679dc35bf3d886,delivered,30-04-2018 21:19,01-05-2018 21:15,02-05-2018 15:58,07-05-2018 18:22,22-05-2018 00:00
38a86eb53c2309d6234fc9bad96331ac,82d98198f7fb1687858e03a5322e1621,canceled,18-08-2018 12:39,,,,29-08-2018 00:00
81896eba4fe92a3bb71bcf392296f77f,8d7f1f15ecebe2d314c4b8ad2121b697,delivered,26-11-2017 23:47,26-11-2017 23:56,01-12-2017 18:52,22-12-2017 17:17,20-12-2017 00:00
295f4fcdd903a38a61769f73799049c7,c61e8ab4b99e5f7ad74aa7d8bccd25e4,delivered,28-06-2018 21:05,28-06-2018 21:15,29-06-2018 14:07,06-07-2018 20:48,27-07-2018 00:00
eb331761cad75951ae1b5c9dd275cd22,596476030ef36305e6dc6d82812d9ea0,delivered,19-01-2018 19:23,19-01-2018 19:37,20-01-2018 17:54,26-01-2018 22:19,09-02-2018 00:00
ec7d41a108fc32e99d2826b74617bfcf,f264c34e0fdf350f49230e34796a997b,delivered,26-11-2017 18:01,26-11-2017 18:13,05-12-2017 00:39,09-12-2017 15:44,15-12-2017 00:00
c504f1f5fd54cc8398d57dc0da49de01,f5294fd3bc349e076861698912675c2e,canceled,09-07-2017 09:18,09-07-2017 09:30,,,10-08-2017 00:00
833fc6ff01b52b440d9aff75caf2caf7,8a7211caed65d95327c162a2b3504e95,delivered,24-11-2017 20:19,24-11-2017 23:32,27-11-2017 17:22,07-12-2017 23:08,14-12-2017 00:00
7c3797b7f047e4358a5b2f9b9cf2e927,2612be9fa1c54d759c1f40d7927d9bfb,delivered,25-07-2018 10:04,25-07-2018 10:24,25-07-2018 14:44,27-07-2018 17:15,09-08-2018 00:00
80a02feb35f630ff84f1c40179f58bf7,b2ea611fe31cd36edad1b142cea0a9ab,delivered,28-01-2018 09:53,28-01-2018 10:10,29-01-2018 17:18,05-02-2018 21:56,21-02-2018 00:00
0e8f35f2fcf52b21069856048a64a929,a3b59440d5de8981d49606ac1bc8a89c,delivered,03-07-2018 14:07,05-07-2018 16:21,04-07-2018 15:31,09-07-2018 19:32,31-07-2018 00:00
70eaa52116958c2e734172d6ed51015e,ab3e2234cc7f0a87910d05b6dfe9a70e,delivered,15-03-2018 14:17,16-03-2018 14:10,17-03-2018 00:33,27-03-2018 18:26,27-03-2018 00:00
bf955c3062582fe37befbfd4b0e4b820,9df53ace643387dad918d4a85f961eb1,delivered,23-04-2018 14:36,24-04-2018 18:51,25-04-2018 12:55,02-05-2018 16:08,25-05-2018 00:00
23de168770a4c66841ecb6f89ee67a37,c816e4e3436cb415372f7d43d2256b1d,delivered,11-12-2017 17:06,11-12-2017 17:17,12-12-2017 22:47,14-12-2017 19:27,28-12-2017 00:00
f67653f770ab2bb3b64ee6f3a863f37d,0a8063db2632efe502814c8917d7b4a6,delivered,02-04-2018 20:34,02-04-2018 20:49,04-04-2018 21:08,17-04-2018 18:32,27-04-2018 00:00
0b1652557b7b9bf7c885236e4798dd91,d12b97844cdb418736b09a98bd775fc3,delivered,07-04-2017 18:08,07-04-2017 18:22,11-04-2017 06:08,19-04-2017 14:21,07-06-2017 00:00
43831dba8cf4791c11ab2d6febf989e4,b4e58d7a8196ffe7232f0ee83cfb57f4,delivered,04-01-2018 19:32,04-01-2018 20:31,18-01-2018 21:18,23-01-2018 19:39,02-02-2018 00:00
884dd22244240995c8a18169c32be54d,746704bb5f6ca629195b6a5195014c50,delivered,28-09-2017 13:32,28-09-2017 13:49,05-10-2017 21:00,10-10-2017 22:38,23-10-2017 00:00
654c5ae02ab59fb154d128fc5d5418e4,28c6129715163112501f1ae6b4255df3,delivered,10-07-2018 11:08,10-07-2018 13:15,10-07-2018 15:36,14-07-2018 00:33,19-07-2018 00:00
88bf34949a5bb708a123dd12e80ed24d,7dc85f58cadcc624d2f05f6a2049dc04,delivered,03-07-2018 23:02,05-07-2018 16:26,04-07-2018 11:03,06-07-2018 13:18,27-07-2018 00:00
792d05bf62b6d307527fcda2643411f9,dfa6887fbd2d987e02484f94f47707a0,delivered,17-08-2017 14:09,18-08-2017 14:15,22-08-2017 10:33,24-08-2017 13:43,04-09-2017 00:00
8ef91ddbf590a5498f274ed05040950d,20bfe2a66f1d96324f86cc7b436ebe60,delivered,29-11-2017 10:12,29-11-2017 10:30,30-11-2017 16:59,02-12-2017 11:56,13-12-2017 00:00
52c41e4882172d2311d038615bf36d46,9805434ec0ad1e8f656a4a7b3fdda315,delivered,19-11-2017 09:13,19-11-2017 09:30,22-11-2017 21:28,28-11-2017 01:09,08-12-2017 00:00
a1706a33c76bfd77c2fa337f882b31b2,35b0436d8811d628c6cc361c0cacd2f9,delivered,19-08-2017 14:49,19-08-2017 15:05,21-08-2017 22:09,28-08-2017 16:10,25-09-2017 00:00
e2f9342700902ec06e33f82cf4d279d8,f2c6bafb2b716742adc5f365bd7b94e7,delivered,15-02-2017 09:50,15-02-2017 10:03,22-02-2017 07:51,24-02-2017 14:36,27-04-2017 00:00
ec2273b08115c75a986b4ac62ef029d5,c28eadd882fe42e52643083b54ad44bf,delivered,11-06-2018 11:17,11-06-2018 11:40,11-06-2018 15:23,18-06-2018 15:28,12-07-2018 00:00
cfb88f9053ce059b4de5d506ca4a2c5f,04acb20e159d994a8fffcea71f751785,delivered,24-11-2017 10:38,24-11-2017 12:13,28-11-2017 20:51,19-12-2017 16:48,20-12-2017 00:00
7fc4e29ecbfc8b635f7ffebeb5e68228,d4fd73b5eb04da7927786173ddbbea0a,delivered,19-09-2017 15:14,19-09-2017 15:25,20-09-2017 17:09,29-09-2017 01:48,05-10-2017 00:00
6611a632dd160c4990e284877626223d,c7c0e37ec67378f2ebf1512797ebc2d3,delivered,07-03-2018 16:10,07-03-2018 16:29,08-03-2018 17:38,20-03-2018 18:28,06-04-2018 00:00
0547acbb31f582333f75c3fca2652969,dbd72a02438012f5b026b90630aa8bbb,delivered,02-12-2017 20:45,02-12-2017 20:56,05-12-2017 22:35,12-12-2017 21:35,27-12-2017 00:00
0a0185b8b72cbf2290c3e4218300a61c,b9ad88365f35c931dbbbeab892857006,delivered,14-03-2017 22:08,14-03-2017 22:08,22-03-2017 08:17,24-03-2017 16:07,12-04-2017 00:00
74d428b82c929f4d7d307093206f3ddc,8943a94fe1ac9fb40704c0015b2db105,delivered,27-01-2018 06:38,29-01-2018 16:10,31-01-2018 00:48,02-02-2018 00:06,14-02-2018 00:00
62f6e27aa9ff86022436c5bdfabc33e6,208a7903419114bd010ef2f516d19b4d,delivered,20-07-2018 16:35,21-07-2018 04:05,25-07-2018 14:49,30-07-2018 16:34,17-08-2018 00:00
09ced678dfa43843d2f38c410def94aa,7ddf54360177b27382331360ba87ec83,delivered,05-08-2018 20:58,05-08-2018 21:10,06-08-2018 10:45,09-08-2018 11:14,22-08-2018 00:00
25005bc2e7ea41ec988bdd233a251703,f474f7edece022a5d767559d939fa0f1,delivered,17-08-2017 12:04,19-08-2017 02:15,22-08-2017 20:12,29-08-2017 15:38,11-09-2017 00:00
79a9149e58ce62bd439a996268d1c8f1,03203e8daf33389fbd94c31ce3161d6a,delivered,28-04-2017 00:12,28-04-2017 11:41,28-04-2017 08:37,10-05-2017 11:23,24-05-2017 00:00
9089ae7edd24a60e79f8bd277e3c654d,e74dabd665393795b170d61e57db6f92,delivered,02-01-2018 16:15,02-01-2018 16:30,04-01-2018 15:07,11-01-2018 21:18,05-02-2018 00:00
fe2a11e8a3b98effc469854cd38fafec,dd085b75561b10ccba395d6069f4d5ad,delivered,30-07-2017 22:16,30-07-2017 22:30,02-08-2017 16:51,15-08-2017 18:13,18-08-2017 00:00
f26c56be47dddb43c5b028ae9844d407,48197ad034682abaeaf6f049cefd1c36,delivered,20-08-2018 21:50,20-08-2018 22:10,21-08-2018 15:17,23-08-2018 23:18,31-08-2018 00:00
d3e50ea4c86a1cfb30aa36e3e388d021,d2e63fd501db865b3ecb38ad833375ff,delivered,04-07-2018 07:14,05-07-2018 16:21,04-07-2018 08:21,13-07-2018 00:27,16-08-2018 00:00
4a335c9b6c47353962fc6f0b1911eb03,fb6b2ffbd90d13121790ece0d783211d,delivered,18-06-2017 13:02,18-06-2017 13:15,20-06-2017 10:32,28-06-2017 12:13,11-07-2017 00:00
fee5a1127dde04aca98c3dd84e96d471,fba07e232b15cccc3eacff2e597905e9,delivered,29-09-2017 11:08,30-09-2017 11:14,04-10-2017 20:52,11-10-2017 19:45,23-10-2017 00:00
e0519f85bba56ba4bd2ec14a3c2c9d92,11fea740df095db33a9ced60fc8dd2d1,delivered,27-10-2017 12:18,27-10-2017 12:30,30-10-2017 18:44,31-10-2017 18:43,06-11-2017 00:00
229d0231b531443ecfe2a09572108c7b,fad73d5dfe5f793e62bf5a9035bbc5ba,delivered,01-08-2018 22:14,01-08-2018 22:30,02-08-2018 14:44,07-08-2018 18:06,15-08-2018 00:00
565db683020d918f5bf0a745784b44fb,43d8604045badbfc2adfcb39d4b20df4,delivered,24-02-2018 08:53,24-02-2018 09:07,26-02-2018 15:38,02-03-2018 18:48,21-03-2018 00:00
f40d3749a6d621bb95be74a8ce79e06f,3689abfed7e332a5cf585915310c0056,delivered,08-02-2017 12:53,08-02-2017 13:15,13-02-2017 08:17,21-02-2017 12:34,16-03-2017 00:00
a4c7457da912c852dfb94cca5f35603a,3dbe6001de7536eba33cf52dd52f8baa,delivered,12-02-2018 10:07,16-02-2018 07:55,16-02-2018 18:00,19-03-2018 19:04,09-03-2018 00:00
9b683f7f0507153adfb34ea74f6fb19c,5baf161a86ace9dd4f26c0183b4c99b5,delivered,19-06-2018 14:39,19-06-2018 14:57,20-06-2018 14:44,26-06-2018 20:06,11-07-2018 00:00
dbb7c264b7caf9353bda0d1eafc4322c,27804bad8cee21a69133c3f2535c792a,delivered,12-07-2018 09:03,12-07-2018 09:15,18-07-2018 12:31,02-08-2018 22:31,16-08-2018 00:00
a9c3f5f3721d134e94565756f8a60ef0,8ee32f5a8a3a795ac11b2100b4558dba,delivered,20-04-2018 15:31,24-04-2018 18:41,25-04-2018 13:38,02-05-2018 23:32,22-05-2018 00:00
bb82d1c94323c38a3d8124414a6a5ca5,3aac1b9595d8ad08680f3d00d5afc432,shipped,30-07-2017 17:09,02-08-2017 02:34,07-08-2017 12:32,,30-08-2017 00:00
54e5e62447690f816827f631866b0e4b,0e02c0e8cf169452961509c4425d3fec,delivered,18-07-2017 17:20,19-07-2017 03:55,19-07-2017 17:27,20-07-2017 19:04,31-07-2017 00:00
55128fafaf26a1f0fbf789f5e9fbb831,f9d405f30bf0a93bcf5de8eabf0fc4d2,delivered,02-04-2018 19:37,02-04-2018 19:48,03-04-2018 19:16,11-04-2018 21:12,10-05-2018 00:00
bea241908521f6f54df027602db8b967,7959c2921753d98c175c34e873e46b86,delivered,06-01-2018 09:26,06-01-2018 09:36,10-01-2018 21:04,15-01-2018 19:49,31-01-2018 00:00
e26c49bee8a495cdc21b67ab5b2d413e,a589bb2fc41fa5787691857cded23b5d,delivered,03-08-2017 22:50,05-08-2017 02:55,08-08-2017 19:17,15-08-2017 18:56,29-08-2017 00:00
02564f320004c61ebf621191f06365a9,29880b59222c463f415962d277f449df,delivered,18-02-2018 17:02,18-02-2018 18:06,22-02-2018 12:59,02-03-2018 17:03,09-03-2018 00:00
59b7819f031f8bb56e21aa5659649954,0ddd4e372a303683e410887a30e45d0b,delivered,31-01-2018 09:54,31-01-2018 13:48,02-02-2018 16:27,16-02-2018 23:23,02-03-2018 00:00
ef9a774a63ac7a8f256cd7dc7a52f03c,6432a068bc0de5b41b579c8c4c4b364d,delivered,04-01-2018 21:00,04-01-2018 21:09,05-01-2018 21:22,08-01-2018 18:45,22-01-2018 00:00
b60b122b336eaee3323565272f117bec,00146ad30454993879adaa91c518f68c,delivered,08-01-2018 20:40,08-01-2018 20:48,09-01-2018 23:39,16-01-2018 22:33,01-02-2018 00:00
9dfae5aba4d323439c2b9fa23b716259,19b32aff7804c35e85c7c26b2f51d7e7,delivered,07-05-2018 08:55,07-05-2018 16:33,08-05-2018 10:54,14-05-2018 15:13,24-05-2018 00:00
3c2b7c318c6f9e50ae7845af21566a14,8c1f31645750fe00183ca50e5ae0a3cc,delivered,29-09-2017 08:52,30-09-2017 02:36,02-10-2017 18:32,18-10-2017 20:18,26-10-2017 00:00
dec8174d065c241bf96331b867fe47ad,fa463b9aa6e30ba66238689fd0e2b1f6,delivered,28-09-2017 19:40,28-09-2017 19:56,29-09-2017 18:04,06-10-2017 23:36,25-10-2017 00:00
2e6e6de992c5567f41aa94497d505e77,e27c13a71b8c090c5df94f96471e7994,delivered,06-08-2018 02:58,06-08-2018 03:10,06-08-2018 15:43,13-08-2018 21:41,17-08-2018 00:00
cc8304651e8857627e56aca5207db748,5081063a33c7f6495635c86acf14c90d,delivered,06-02-2018 22:52,08-02-2018 07:49,09-02-2018 22:38,05-03-2018 20:13,12-03-2018 00:00
6f88df04acbbbb0f5c98ef28271d27ea,8801d26b088a761ce801a813bbe1c124,delivered,16-03-2018 14:10,16-03-2018 14:28,22-03-2018 11:18,02-04-2018 13:36,06-04-2018 00:00
72c43226251f106407afcfe2b2f2e247,acd83049e45a80aed321d7e6755669c6,delivered,10-10-2017 22:17,10-10-2017 22:28,11-10-2017 22:29,23-10-2017 18:13,30-10-2017 00:00
ff1581e08b3011021e7c7de592ddc81e,0f3c16514be9fe9bdb840983701d2ce6,delivered,21-03-2018 22:37,21-03-2018 22:50,22-03-2018 22:03,24-03-2018 00:52,03-04-2018 00:00
e2ba84b9fda1f36c6b2ae25097ef72e0,97de1f2c8777fcb7d6000cda55786124,delivered,27-02-2018 15:23,27-02-2018 15:35,02-03-2018 20:04,07-03-2018 23:03,29-03-2018 00:00
3755e498bba48053cdac758b05dfef7c,7c39396dbe338aaea1f5b19d509fc099,delivered,18-01-2018 19:59,19-01-2018 08:32,19-01-2018 21:38,20-01-2018 17:46,02-02-2018 00:00
e1da6a380c23eec0e20231c7b695f47e,225c6e6a5627029ce77a11c6d501eb6a,delivered,26-02-2018 14:12,28-02-2018 09:29,08-03-2018 20:41,11-04-2018 20:18,23-03-2018 00:00
159d78305b59e6a845e515f3a9e3f02f,f00a4a474cefac1bccc66ff62b005775,delivered,02-12-2017 00:25,02-12-2017 00:36,04-12-2017 19:07,07-12-2017 00:37,20-12-2017 00:00
d8e084f74fa06f591e326975ca18a905,1de6fba12e5abd0cc6bf19f9cb96a59c,delivered,22-07-2018 20:33,27-07-2018 23:30,25-07-2018 14:14,31-07-2018 17:37,23-08-2018 00:00
abed2a2ecd907630587f0062063d3df7,ff423802c40cadf7c338845c137fe304,delivered,22-06-2018 17:42,22-06-2018 17:59,25-06-2018 15:42,02-07-2018 21:05,05-07-2018 00:00
4aa95ac048b026918957d83319f5eca6,52a10e6a657afbd2032734f1e9af8428,delivered,07-02-2017 21:24,07-02-2017 21:31,09-02-2017 08:38,16-02-2017 12:12,08-03-2017 00:00
3284ccb8e44c6d500facdde27e67a175,5c1a9561b992127f29940b8a24a98cc4,delivered,26-11-2017 17:34,26-11-2017 17:54,29-11-2017 17:29,03-12-2017 14:04,15-12-2017 00:00
701b8d796304d25d93346f4f62a7eebc,556ab1ee7c3634931dbf4d769b6f6e6d,delivered,23-01-2018 20:45,24-01-2018 15:57,25-01-2018 20:33,02-02-2018 19:14,19-02-2018 00:00
8abad7f94ac09beb87ae2286a4964e7e,0abb39b16686366b86f96d6c014146cc,delivered,07-08-2018 20:19,07-08-2018 20:30,08-08-2018 16:37,10-08-2018 17:20,16-08-2018 00:00
18e82a9a005e7ca6f3811d4a46e1567d,16a31f43fe0b331d2e7a4d76574257eb,delivered,07-07-2018 14:45,07-07-2018 14:55,10-07-2018 12:38,21-07-2018 14:05,26-07-2018 00:00
4ab88da80ca7e44f4ef0a97cc756619c,fe52371de2f4b439db8a13ce74a64bc6,delivered,06-02-2018 09:20,06-02-2018 09:35,07-02-2018 15:19,15-02-2018 19:32,13-03-2018 00:00
f5f5e7dc064892b36f19ed8c2b40e1a9,46b9f01312b49da953d7cd077aa394ff,delivered,07-08-2018 16:35,07-08-2018 16:45,21-08-2018 05:37,29-08-2018 20:38,06-09-2018 00:00
c52b847a710480721b6c4def72048468,8345586f08b3fede926a66b367857e3e,delivered,13-12-2017 19:56,13-12-2017 20:08,15-12-2017 12:27,17-12-2017 18:55,02-01-2018 00:00
46184b89fda9079331dc0f7dceb061c6,44640723e9d720f96a002f2e671e79dc,delivered,06-07-2017 11:12,06-07-2017 11:25,06-07-2017 14:57,11-07-2017 20:36,03-08-2017 00:00
ce36799829f380bb23aa467649d173c5,9c4d6870133ed18936397f495df246c6,delivered,24-05-2018 19:04,25-05-2018 03:17,28-05-2018 13:05,07-06-2018 16:28,19-06-2018 00:00
b92195016ab44aa92f58ccdc17cf496c,031004fe0f92b09190fc8462ad2b4688,delivered,14-05-2018 12:47,14-05-2018 13:16,18-05-2018 15:12,22-05-2018 11:48,30-05-2018 00:00
5907e332dfb01556b0eff58839cc2f75,86c74e1a7c642fe8eb9e3c57c6b95c8d,delivered,05-01-2018 23:22,05-01-2018 23:35,08-01-2018 23:47,29-01-2018 20:22,08-02-2018 00:00
eb8871f7b0a4b2678e414a280b52349b,623de6c1e2801c6702b4f1d70b72777f,delivered,18-03-2018 19:47,18-03-2018 20:07,21-03-2018 21:05,24-03-2018 17:34,29-03-2018 00:00
b49fb5d1cf86975cf5a295431c278a33,919898139ad85605b36f05302f908a95,delivered,11-06-2018 18:18,12-06-2018 18:46,15-06-2018 14:27,20-06-2018 15:45,28-06-2018 00:00
58076d990830fefdf892853e25db27c8,cf7cf1913cabcd7ec3db1e6e9d02197e,delivered,05-01-2018 17:07,05-01-2018 17:16,08-01-2018 21:54,23-01-2018 13:43,02-02-2018 00:00
8a7096900fa8a063219b9edd1a9e5431,a0f578fe552521788131d5e9cb728e0b,delivered,19-06-2018 17:00,19-06-2018 17:26,20-06-2018 13:08,25-06-2018 20:41,17-07-2018 00:00
f01557208e34bd6c092c907754981421,a3a29adf6701f67bcd871855b7a739da,delivered,18-01-2018 23:40,18-01-2018 23:56,19-01-2018 23:07,22-01-2018 19:38,02-02-2018 00:00
9783d3dd1819fa6e14a26427b1989137,e79d2e40f41f804d567988796efc3c59,delivered,13-07-2017 11:23,13-07-2017 11:35,14-07-2017 16:22,18-07-2017 19:53,09-08-2017 00:00
346b2fb1fdc9e25b67e293bbd5fe9ec7,8e069736cdd121d166b7224578f3c332,delivered,24-06-2018 17:49,24-06-2018 18:15,25-06-2018 14:13,02-07-2018 19:41,07-08-2018 00:00
7d86c611496883136ac017bd88ffa64e,574128bafa81107ef762bae0b192168f,delivered,14-05-2018 12:37,14-05-2018 12:52,15-05-2018 11:51,21-05-2018 16:14,04-06-2018 00:00
13d45a0fb42d1b8691a1824859519e4e,63ac9058c1f1f1ec7f174e8d80d36ae9,delivered,22-09-2017 11:08,26-09-2017 04:07,29-09-2017 17:43,17-10-2017 20:12,19-10-2017 00:00
e77d85bec584c36b9558adc732947c76,117b1c66b1089ece5c2254144f37cfe6,delivered,02-03-2017 21:58,04-03-2017 02:25,07-03-2017 10:09,29-03-2017 15:22,29-03-2017 00:00
bcb0343717a9e0265e156e34c25c3dc0,40272bfc2f46fc530bb6eb75977b5a07,delivered,05-08-2017 14:55,05-08-2017 15:10,09-08-2017 18:03,11-08-2017 17:57,14-09-2017 00:00
4c52d492645b303b645e4d59b2f2af95,d1c2ecfce662c720c6fdd9d1ba419deb,delivered,12-04-2017 20:14,12-04-2017 20:25,13-04-2017 15:48,18-04-2017 15:17,04-05-2017 00:00
604970dd9342c16efde4207c42f38f2d,003e45472805afa1ee701d83284fa22b,delivered,11-06-2017 20:50,13-06-2017 04:02,19-06-2017 12:46,22-06-2017 15:38,07-07-2017 00:00
e5cc1da4553871faa7c23e0f4b4844b2,4fb4db0a6cdb200db3d8144c5cc328d3,delivered,04-06-2017 10:37,04-06-2017 13:02,05-06-2017 12:11,26-06-2017 17:35,28-06-2017 00:00
65c89cbb9f1da66608c81d78485e3cdc,1c44c6f25779bb001d8cb8eb362b58d8,delivered,24-07-2017 22:30,24-07-2017 22:43,28-07-2017 14:26,04-08-2017 19:02,15-08-2017 00:00
ce101239d4d3c22d02503fc803c73be6,dffad848e20daa8fddd888a94af8f71f,delivered,18-04-2018 11:06,19-04-2018 02:15,19-04-2018 22:26,23-05-2018 13:48,14-05-2018 00:00
dfbd932bdc2738f490b6969edb6f6919,aa820e5e82c2724e39fd639644077197,delivered,14-04-2018 16:20,14-04-2018 16:31,20-04-2018 00:59,20-04-2018 17:42,03-05-2018 00:00
d3d77ac289fa018592f73d730cbbdcd4,e3019141b5011bee27cabff1d47b8b8c,delivered,02-05-2017 13:43,02-05-2017 13:55,04-05-2017 12:32,22-05-2017 11:32,02-06-2017 00:00
d247ca22fce9ccacbc4adb556e4083f7,0a4ed5474727fc500c7ceced05c84129,delivered,13-11-2017 23:36,13-11-2017 23:46,30-11-2017 22:56,10-12-2017 10:41,01-12-2017 00:00
3e1e8c1cf1dfdbec245dc1d04ab27e38,f8213934e14cc83d7fc89f6397d4a058,delivered,02-04-2018 12:30,02-04-2018 12:48,04-04-2018 19:12,06-04-2018 18:42,18-04-2018 00:00
0a72bb193c65199cdd69574aac533a83,b885ff39577dedbe1fcf4682be87619e,delivered,21-05-2018 13:54,23-05-2018 02:38,23-05-2018 14:08,08-06-2018 23:39,12-06-2018 00:00
3ad6c429e788f917fc200d21941bcb36,9359da8be4a6070e86b408edc5b5ee6d,delivered,21-07-2018 14:43,21-07-2018 14:55,24-07-2018 15:32,26-07-2018 18:41,01-08-2018 00:00
585b27112176e2d9ca8a1fdbaa247c22,1832698a30f8a7d0e248204f4818ef51,delivered,19-07-2017 17:27,20-07-2017 06:43,20-07-2017 18:14,03-08-2017 21:43,10-08-2017 00:00
fe0054f00109b15deef50f097a792678,fb5050c5a9ca2923caaf504fce94ba0c,delivered,21-11-2017 11:04,23-11-2017 02:53,28-11-2017 15:58,04-12-2017 22:19,11-12-2017 00:00
7063584ebd960be71a883b756429f2e4,276bafdc3963a89aa3471c3d83a9db4e,delivered,30-08-2017 10:46,30-08-2017 11:04,01-09-2017 15:14,15-09-2017 19:31,21-09-2017 00:00
d37b53698d3839a94cb33273bb8c0241,e5a30eeaa4e287b87b1354d3d3fd4779,delivered,22-02-2018 09:43,22-02-2018 10:15,23-02-2018 18:19,06-03-2018 19:24,23-03-2018 00:00
6982e573fae66449ecdcb3381c5c75f9,fc4f8b704f1187abca2fbd5fabeec8dd,delivered,21-03-2017 21:40,21-03-2017 21:40,27-03-2017 12:07,06-04-2017 07:12,13-04-2017 00:00
63a529c7538a58649327440872ef8b2d,c634752b39f45cf4ea21793800be5de2,delivered,18-12-2017 18:37,18-12-2017 20:30,20-12-2017 19:23,27-12-2017 19:22,16-01-2018 00:00
ac5ff205bf10a5b08e09e552d693cf4c,d7f16c15e8f7db3c67cabac56e57ffea,delivered,27-02-2017 19:54,27-02-2017 20:05,02-03-2017 07:35,07-03-2017 10:11,22-03-2017 00:00
a9ef87f686349168d7b25621bac29d5e,0df186e89fa6f0d7724df6839ad18fe5,delivered,09-01-2018 10:47,10-01-2018 10:49,22-01-2018 20:58,31-01-2018 02:18,26-01-2018 00:00
a50e5978ea225733e3885163fe1d81bc,83360574567ca6b0026ea20ff0ab52c4,delivered,19-07-2017 15:14,19-07-2017 15:25,20-07-2017 20:29,26-07-2017 10:30,10-08-2017 00:00
b2a9ead363294c50ba001adc7b811756,91afedb8e47673f4190946478dcb74c2,delivered,19-04-2017 16:38,19-04-2017 16:45,20-04-2017 08:39,02-05-2017 17:43,15-05-2017 00:00
acdbc7396e191931c263db11af241d62,816fa7cf00e01aaf19c7ad215b049c9b,delivered,05-11-2017 19:54,07-11-2017 07:30,08-11-2017 16:22,04-12-2017 21:04,14-12-2017 00:00
1a0a41acfcd4a351ae9f002b942dce2c,365681813ec00a0106fd91f8e5cf5488,delivered,04-08-2017 21:01,04-08-2017 21:15,15-08-2017 21:42,22-08-2017 22:33,05-09-2017 00:00
c23b3b6e42c2d0fe2d6fad69e2b1f34f,ff0da136fbd35fb34d88d49e88dbff2a,delivered,21-01-2018 14:29,22-01-2018 13:51,23-01-2018 22:18,31-01-2018 16:42,01-03-2018 00:00
0713f1dd3cdb0f62e71d9a1f01c2bc0b,e1e49b430a59e70670e977664c8f2f8f,delivered,01-08-2017 07:31,03-08-2017 16:50,04-08-2017 19:19,10-08-2017 19:44,24-08-2017 00:00
e4a664fb766c91a75ec091362183c42f,cc3972519bcbe5e8a1ea0cb1c23a99de,delivered,26-11-2017 17:09,26-11-2017 17:32,27-11-2017 18:38,30-11-2017 01:38,11-12-2017 00:00
889f4a91a6dd40de2cff5139cf2da1e6,6bf3d65c15bc4af3f6d4415216be6cac,delivered,20-11-2017 11:45,20-11-2017 11:57,01-12-2017 19:27,20-12-2017 00:43,15-12-2017 00:00
e0abc00799a9dd05b315c62dd2573724,48baae4b0e2d00b9523c8753ce7d1eba,delivered,29-11-2017 12:24,01-12-2017 11:31,04-12-2017 18:38,12-12-2017 17:44,28-12-2017 00:00
be352bbad6d37a556d8ed5fc593bf248,4cad15d0f25fe2fee5f6b3dee45b8d4c,delivered,30-05-2018 18:01,31-05-2018 03:36,07-06-2018 14:23,13-06-2018 17:51,16-07-2018 00:00
c5a468ae781ffb0ec6d36ae89fe512b0,ed7ef682569428c1afaf73b39a2f602b,canceled,13-01-2017 11:06,,,,13-02-2017 00:00
917fa8f40024e6e7bd1533221767ff65,52c69dd752aab223542b1528dbe334ff,delivered,16-07-2017 13:01,16-07-2017 13:10,17-07-2017 18:12,23-07-2017 15:55,01-08-2017 00:00
5bebe39740e4434a58d1fead1a4d854d,caf13309f13b92c0b4e19259a74566fd,delivered,02-05-2018 11:09,02-05-2018 11:34,02-05-2018 14:39,18-05-2018 15:49,30-05-2018 00:00
e7c984c7684388a750178a7187b29cc4,46a6f3ff9a9f8c8786c705af91edcbb7,delivered,25-07-2017 17:26,25-07-2017 17:42,26-07-2017 17:19,31-07-2017 21:24,16-08-2017 00:00
8e2fa0b77725b0b8d060123e347344fd,9e3928ae9bc7270d367853ee9c9d546a,delivered,08-09-2017 09:22,08-09-2017 09:35,08-09-2017 16:57,14-09-2017 21:14,27-09-2017 00:00
71ea8340051d1eb026b7f104899eafe9,90c57a956687efce976e3a57c514e2c3,delivered,15-05-2017 13:34,17-05-2017 04:10,17-05-2017 16:25,22-05-2017 12:52,09-06-2017 00:00
8672c44699294d90098cc4ba2441d317,0cba07be7f89557dbdf43a0e58663ff9,delivered,16-06-2018 10:02,16-06-2018 10:17,18-06-2018 14:15,22-06-2018 18:38,13-07-2018 00:00
f49c0fbc31a71d739df8b7c13dd6ffd8,8c3bb1ec148b8d1c603c47a15c41faa9,delivered,15-02-2018 16:26,15-02-2018 16:46,16-02-2018 18:07,23-02-2018 20:48,07-03-2018 00:00
02dcfbe3274b16820a9fca74c156dc9a,568582be60824f5a39353bf7aafcffae,delivered,20-11-2017 13:53,21-11-2017 04:07,30-11-2017 00:17,05-12-2017 18:09,12-12-2017 00:00
61587185bfde7d7fc6a93030ddf4a57c,2befd838f726c482b5281c5f849b3cad,delivered,02-03-2018 23:19,06-03-2018 03:49,07-03-2018 20:33,20-03-2018 21:21,05-04-2018 00:00
d2a0cfdf8f3b718afce8a4b9d943614a,9c0b57c0b36a9d3ad9eef00e104a174a,delivered,26-03-2018 14:55,26-03-2018 15:10,27-03-2018 20:04,05-04-2018 18:18,16-04-2018 00:00
eadb5d6bcbc31439d1d6706a39dba007,a0dfdd6ee456f770e2055649347bab2a,delivered,29-03-2017 00:42,29-03-2017 01:15,30-03-2017 08:48,17-04-2017 08:43,09-05-2017 00:00
076d991923ee938761994a4255f5c5da,9a22acb51c785b2f42ec2fe871ea3bd2,delivered,11-12-2017 09:13,11-12-2017 09:30,14-12-2017 18:59,29-12-2017 21:39,08-01-2018 00:00
c19151387b76297886c53149367cac4d,d359f457faaab88afbd4ba5df49bb13d,delivered,09-11-2017 00:27,09-11-2017 02:30,09-11-2017 22:42,22-11-2017 21:41,29-11-2017 00:00
5427a9679337de4d57c9c59275f5336f,6ae72afe4d8eb041cfa5a2cffa052a44,delivered,21-10-2017 21:53,21-10-2017 22:05,23-10-2017 22:13,01-11-2017 18:03,13-11-2017 00:00
18c48366114e65c415b2c19448f7c146,a7bfe37a3126d9f69b7388135be12f1e,delivered,21-09-2017 20:55,21-09-2017 22:45,25-09-2017 18:25,03-10-2017 17:58,24-10-2017 00:00
957ba0861ba82e4446aa2f105b7f794b,7092109e11d8fc05620830ac48b5c8a1,delivered,16-08-2018 11:28,16-08-2018 11:43,17-08-2018 12:40,24-08-2018 09:41,31-08-2018 00:00
53366f56110f65cb92e10f720b3679a5,fd7272ee66a9a2d9dd0f622d17a1c665,delivered,24-11-2017 15:08,24-11-2017 17:54,27-11-2017 16:32,07-12-2017 22:34,14-12-2017 00:00
f9a4431b06162517b2bc2fbaf8f9645a,c18b64a465c9f5309872862fe7e84ca6,delivered,02-06-2018 11:03,02-06-2018 11:15,11-06-2018 14:08,14-06-2018 19:08,17-07-2018 00:00
3243b3ca1a31c24c748cf2227dc29eb5,3fa60642dafff211589344025adaf9a8,delivered,02-03-2018 09:39,03-03-2018 02:49,15-03-2018 17:55,21-03-2018 18:19,10-04-2018 00:00
f2f949c0ccde761a4485b5535eae0467,7955dc8ce73a68fe390f4e5c54e855ba,delivered,13-11-2017 21:54,13-11-2017 22:10,16-11-2017 13:21,24-11-2017 20:32,06-12-2017 00:00
03171e00c28f7c3e5c779c2c1009a458,7c08087045374bb1d3d72120ba4f1cc6,delivered,10-08-2017 14:54,10-08-2017 15:10,23-08-2017 18:17,25-08-2017 16:41,01-09-2017 00:00
ee0ad0da72450479a221d3130c63afd1,6d636ad9408d138208ac81d6107fe6a5,delivered,24-11-2017 21:22,25-11-2017 00:18,27-11-2017 18:58,20-12-2017 23:29,20-12-2017 00:00
6353efc1d0d95c4b6b631151651307d3,e799ee9277f49b60fdf907d4535a9203,delivered,30-07-2017 08:44,30-07-2017 09:03,01-08-2017 17:03,08-08-2017 19:48,30-08-2017 00:00
b4a53c6fa9bc78adf59983a160f5470f,cd0ea36f631ecc18f4a781beb4799b43,delivered,03-05-2018 19:06,03-05-2018 19:15,09-05-2018 15:48,29-05-2018 15:14,28-05-2018 00:00
5855ed67c59c23f410f190aabae43591,cb85674de3108f718d4b6b608ee2f0da,delivered,08-09-2017 12:55,08-09-2017 13:05,11-09-2017 22:42,15-09-2017 21:55,02-10-2017 00:00
d184a50b5e40af5b04c71ea71a0f6637,bdccda5ccefdbb3e41596cd2577e26ce,delivered,12-02-2017 15:12,12-02-2017 15:22,13-02-2017 14:05,22-02-2017 14:21,20-03-2017 00:00
cd2e4d6d0b853db1cad25cd418d04ae3,a12c7d650184df118001b3cebaf3b150,delivered,03-02-2018 16:17,03-02-2018 16:29,07-02-2018 21:16,14-02-2018 18:05,01-03-2018 00:00
09d062f6e1122b61b5ebf287cfd6be11,aa3d6e1aec530b8994b66bb129ac2bf3,delivered,17-10-2017 10:42,18-10-2017 03:06,18-10-2017 19:52,24-10-2017 18:09,10-11-2017 00:00
6391ac0460dbc859a6788e18dc821698,08be5d1f213ea37487f2698ca4b2be07,delivered,27-06-2017 23:44,29-06-2017 02:45,29-06-2017 14:13,04-07-2017 15:47,24-07-2017 00:00
ffc184f2119c6fd4140dcfb518bf4734,6f87e0dbbc2f842ebfe72a589cef6e9e,delivered,22-10-2017 18:50,22-10-2017 19:07,24-10-2017 16:36,26-10-2017 19:35,03-11-2017 00:00
e644e459ff4f578d335168f365b77e6c,a8baa0000f9a034bef9676f8e5572817,delivered,29-04-2018 13:15,29-04-2018 13:34,02-05-2018 08:33,08-05-2018 18:03,29-05-2018 00:00
29b179123b9eda65690278842d2c364b,3529b1799213dbe52624799994675efe,delivered,11-08-2018 19:01,11-08-2018 19:10,13-08-2018 15:03,18-08-2018 13:41,30-08-2018 00:00
6e18b903d38ac38420a6d094ebaebb50,98a788a392a4d1018115c93781479b8c,delivered,28-03-2018 15:42,30-03-2018 03:26,02-04-2018 18:58,09-04-2018 20:51,18-04-2018 00:00
06a05e46d787299f6277bfcb590f2ef5,4c05603dd6bd8a1afa59f2684620ffd4,delivered,10-01-2018 23:47,10-01-2018 23:55,16-01-2018 19:38,03-02-2018 15:18,29-01-2018 00:00
307593389c72a7dc51e1c7a57565a0b3,e470e314e6a0a2c4047969fe6e787eed,delivered,13-05-2017 15:28,13-05-2017 15:35,16-05-2017 16:02,25-05-2017 10:24,07-06-2017 00:00
00fdb72e467da6f3b000b19b368a6cf6,299735fa1daa3e83ee1048309d22f9da,delivered,24-10-2017 21:31,24-10-2017 21:49,27-10-2017 20:47,31-10-2017 22:18,24-11-2017 00:00
63b0abee9c82e79c3b6e860d070f2c62,b51ecad2f840841fc7f24a4aca209f01,delivered,28-08-2017 21:45,28-08-2017 21:55,31-08-2017 19:26,09-09-2017 17:05,19-09-2017 00:00
a393492a87f42dc60b9b63b4ec2f6480,1dd36c847541e6a8d0017dd3113eb201,delivered,09-01-2018 20:28,09-01-2018 21:32,13-01-2018 02:07,22-01-2018 22:25,02-02-2018 00:00
0c892a79e462e31570b88739be67f32d,946f35bd37b2438f7f2d68da8ed3b963,delivered,24-03-2017 15:02,24-03-2017 15:15,27-03-2017 14:04,04-04-2017 05:49,17-04-2017 00:00
93bc6f18eba5e96c71ba3d04e1e8f5d4,a8a04bb88243eb391fc0964aaaf1d79d,delivered,12-03-2018 20:55,14-03-2018 03:48,15-03-2018 20:18,06-04-2018 17:20,02-04-2018 00:00
6e8762ed90dc2ba796c568273539cd77,f704f5612200fcc94627abfc094464bf,delivered,20-03-2018 21:32,20-03-2018 21:48,21-03-2018 22:11,11-04-2018 21:19,13-04-2018 00:00
768828d19a7b67c4c5aa1e38def296dc,0bd1e9072528aad3d346e72102bee4f5,delivered,04-03-2017 18:33,04-03-2017 18:45,07-03-2017 07:37,10-03-2017 15:12,30-03-2017 00:00
6a3c03b4d8dd9b6cf04b7c09c5cf6627,a31ddccc8903093ba9f48791e0733d7b,delivered,05-12-2017 08:48,05-12-2017 11:03,19-12-2017 22:28,10-01-2018 19:57,02-01-2018 00:00
dc281ba54d58f3a819966dc9c879241b,4e513a51bf088b776864a966b91fd79c,delivered,18-11-2017 18:52,18-11-2017 19:06,20-11-2017 14:36,21-11-2017 19:41,01-12-2017 00:00
57e27e0f4ce02fc858627e4c46e51e9d,0277bd798b42071cb092b1795dbae947,delivered,03-04-2018 19:04,03-04-2018 19:15,04-04-2018 20:39,12-04-2018 20:58,11-05-2018 00:00
aab068ce8be8648dba3e07ee803db1d8,bc3c6f4b68fb4a5115f293e428469a6d,delivered,07-12-2017 16:17,07-12-2017 16:34,08-12-2017 19:24,09-12-2017 17:09,26-12-2017 00:00
a028a53499d56225d417f0561ea2c1a8,a4d021990afaaa8e7c8c41f9fe72d7ed,delivered,19-01-2018 16:33,19-01-2018 16:59,23-01-2018 12:13,02-02-2018 13:09,14-02-2018 00:00
5d025adca7f94a2bdfd06c914a9bc601,16b792424429f7c1c708a83acba00014,delivered,12-10-2017 02:31,12-10-2017 03:20,13-10-2017 22:53,17-10-2017 18:28,25-10-2017 00:00
148eb002be64ecda1789c28234f82c49,c17683cfec7fd02fa5928ac868ee233d,delivered,22-03-2018 09:28,24-03-2018 02:11,26-03-2018 21:08,03-04-2018 19:04,20-04-2018 00:00
a5b93054fbbf75a89a10d7fddb18afe7,02b5dad4111669d799b6697ddbbfcf3b,delivered,06-04-2017 10:52,06-04-2017 11:05,07-04-2017 14:58,08-05-2017 12:02,10-05-2017 00:00
d2ed05c6bf17b1e0dc17dde0cc4768a8,daefa855bea4e5eac9ccfa3267b10b34,delivered,01-02-2018 11:42,01-02-2018 11:55,02-02-2018 19:18,05-02-2018 19:14,19-02-2018 00:00
a601d022409232a8c75200e448dfb843,6b77feae2a3a39a0b0385e67ff194277,delivered,09-08-2017 13:27,09-08-2017 13:44,10-08-2017 16:59,21-08-2017 21:57,03-10-2017 00:00
b033a34245ae159e80dd599b3c5cb92f,cd9844b06a03c881a223281b601ed8eb,delivered,30-01-2017 19:25,30-01-2017 20:33,09-02-2017 15:38,13-02-2017 10:15,17-03-2017 00:00
cb6a022cd5d0c3242f698327ac4bcd97,899b712f06e7b29eecd343b85cfe9136,delivered,25-11-2017 18:33,25-11-2017 18:51,28-11-2017 20:18,14-12-2017 15:16,19-12-2017 00:00
c88921a6cbda2e9973f9cfbd4e771d20,dc29649b0a10811a1a7e96a23c537999,delivered,24-03-2017 15:02,24-03-2017 15:15,28-03-2017 08:33,04-04-2017 15:52,12-04-2017 00:00
e538294b03594e142f0d6a209bd662c0,46416291de65eb2dd91cda1ca214cc5e,delivered,06-04-2018 14:11,10-04-2018 03:55,10-04-2018 20:32,18-04-2018 21:02,30-04-2018 00:00
f91eb2806b28dec82d98c3973af406c5,f5610a33e73e71de93a930d78aa9084d,delivered,21-06-2018 16:29,21-06-2018 17:58,22-06-2018 15:20,28-06-2018 13:47,17-07-2018 00:00
6045586df3b03485018e77a6a16bf689,236ba35fd1ff094313a131337c5141b0,delivered,18-03-2018 17:34,18-03-2018 17:50,21-03-2018 21:09,04-04-2018 18:23,17-04-2018 00:00
2ee77ee9cd8288db14b7af33ba98c163,196f17bb795d8e0ce677230cc1781059,delivered,20-10-2017 13:15,20-10-2017 13:28,20-10-2017 20:22,21-10-2017 15:43,01-11-2017 00:00
7e2680945c22bf90f075339750b45ce2,7b33f0adecab294ca2fa60029f662a5a,delivered,25-11-2017 12:01,25-11-2017 12:13,29-11-2017 20:36,20-12-2017 17:58,20-12-2017 00:00
2343345152ce9ee61f54b2dae18561c1,59cb919cf0144e77dc645ec6d6d1c803,delivered,20-06-2018 10:57,20-06-2018 11:26,20-06-2018 13:51,27-06-2018 13:38,20-07-2018 00:00
38ece426df6061a1672fecbd2cd3001f,ae71451a12e82001865a77949127781d,delivered,27-01-2018 19:06,30-01-2018 03:47,31-01-2018 00:55,08-02-2018 17:58,02-03-2018 00:00
2f921a8c1d6f7937df5c7fb0468f6f07,0576e04c11f1cca61cc2975f5fd83179,delivered,07-02-2018 11:21,07-02-2018 11:32,07-02-2018 21:18,08-02-2018 19:30,23-02-2018 00:00
02e440cd2d735b66f2c859ecd1ec44bd,b88b46011ba920177266af7a03a3496e,delivered,24-11-2017 00:07,24-11-2017 00:56,05-12-2017 02:04,14-12-2017 12:48,14-12-2017 00:00
03a579c0699b16c6fc6d5db022a6e85a,649107d090eab6138e15dcd83260d2f1,delivered,30-11-2017 19:56,01-12-2017 09:31,04-12-2017 12:39,05-12-2017 19:32,18-12-2017 00:00
4119f9ae0b1ceaaa966616d6a3ba616b,93c3f15b475d3800c0c2e1606edb0d97,delivered,30-07-2018 14:00,31-07-2018 06:35,31-07-2018 19:02,02-08-2018 00:38,03-08-2018 00:00
123a6b2b8763ca40782c8252e63fdbca,2f3d217d111ad7e1c8e3cb02145d7000,delivered,15-05-2017 17:13,17-05-2017 04:02,22-05-2017 15:49,30-05-2017 15:27,06-06-2017 00:00
a6840c3c8bb056af9cce2e2ea459769a,49c62562aa524f7e52c41008a9f187d3,delivered,08-03-2018 16:21,09-03-2018 03:00,14-03-2018 01:28,16-03-2018 20:02,26-03-2018 00:00
c0b2c20ed167622980ba4586d4f60168,39d06b1f324058984a562362a55f9b1f,delivered,22-03-2018 20:38,22-03-2018 20:50,23-03-2018 17:48,07-05-2018 12:31,23-04-2018 00:00
1e041fe00fff13b851ee7e11516481fe,246ddb2dd49eae53ce1695190d61fc24,delivered,19-06-2017 08:15,20-06-2017 11:30,22-06-2017 15:16,30-06-2017 07:33,13-07-2017 00:00
d036b12f69efa48855cbfa30a2db23c6,6f92b4743d86893a143f00c26ed3ad3b,delivered,28-07-2017 05:34,28-07-2017 06:40,28-07-2017 17:45,29-07-2017 14:53,10-08-2017 00:00
730e2dc2bec23dbf9b0594dc01b26ec3,8105703f93b22552cc54833b05568660,delivered,12-08-2018 14:52,12-08-2018 15:05,14-08-2018 16:53,22-08-2018 00:48,20-08-2018 00:00
fc0b65a691066447aa542589d2b3566d,d94b953a8b998d55e2adb0edfdb6302a,delivered,10-01-2018 19:19,10-01-2018 19:34,15-01-2018 16:51,24-01-2018 22:58,08-02-2018 00:00
4412d97cb2093633afa85f11db46316c,71901689c5f3e5adc27b1dd16b33f0b8,delivered,22-05-2018 13:43,23-05-2018 02:55,23-05-2018 12:50,06-06-2018 20:11,13-07-2018 00:00
73925631ba33c322f310fa0a01283e76,bdeebe7a66f7c942b84dc2d2a5daa9e3,delivered,09-08-2018 19:36,09-08-2018 19:45,10-08-2018 13:07,14-08-2018 22:22,15-08-2018 00:00
cd2d1270c05b7eea6c1be319b78ce73f,57c68f8620a15638c2f55a4b44e11a86,delivered,08-09-2017 16:59,08-09-2017 17:15,12-09-2017 17:46,20-09-2017 14:34,04-10-2017 00:00
4b2b77264527954aba5aa02bd8afe5a4,075b3879780bd73864fd08b5ac8ebe93,delivered,21-02-2018 11:43,21-02-2018 12:28,23-02-2018 01:13,28-02-2018 00:37,07-03-2018 00:00
9e8039eae702d759bca1fe0fcd1209b0,aea25e66618809a200e86b82ab569218,delivered,08-08-2018 14:40,08-08-2018 14:50,09-08-2018 10:01,15-08-2018 17:46,22-08-2018 00:00
37a5c08042eaea80dc32392059927a0b,ae4945beb3e981428eab8092d246360b,delivered,04-07-2018 20:58,05-07-2018 16:30,10-07-2018 15:42,12-07-2018 18:11,23-07-2018 00:00
8dcdf2ba21745811aaad2fd3ebfc0360,a380a86d2b46332db9750f4d27e2e44b,delivered,04-07-2018 03:04,05-07-2018 16:08,05-07-2018 13:43,30-07-2018 15:03,16-08-2018 00:00
b1ecd983532111f5d15d7181158aa6a2,4880cb1a078711d62ada178adf0defb7,delivered,29-11-2017 10:07,29-11-2017 10:18,29-11-2017 20:19,02-12-2017 19:09,13-12-2017 00:00
e9edb54bb4120f4f69c7b036cedbc5a6,e954ac715512f2a20e640cedf80486b5,delivered,08-06-2018 08:26,09-06-2018 02:57,13-06-2018 15:44,19-06-2018 01:25,17-07-2018 00:00
30fe7e22e29acb5403700c7834e57677,7dc011917bd7a6da7bc0756a34ad7c73,delivered,19-02-2018 23:10,20-02-2018 00:15,20-02-2018 23:06,27-02-2018 17:48,12-03-2018 00:00
1bd5bd49d4ceee72802ca053b906c640,a1b77a1ac055c9f9393f4d0fb36cba85,delivered,15-08-2017 21:23,15-08-2017 23:24,17-08-2017 14:44,21-08-2017 18:54,04-09-2017 00:00
cf76d482b013f8af6dc046a3001c1c4f,04eafb40a16989307464f27f1fed8907,delivered,04-07-2018 13:08,05-07-2018 16:25,06-07-2018 09:09,12-07-2018 20:26,06-08-2018 00:00
8aedd66eae5f4f4537a5eb29f68c2dfa,7dbec27f30126b986adc8caa927f7e76,delivered,24-11-2017 21:32,25-11-2017 00:19,27-11-2017 16:09,30-11-2017 20:27,08-12-2017 00:00
9d859f31704188d939d713b4fe19550d,a64531a31e0a79a337b2d6611160ca76,delivered,16-05-2018 13:24,16-05-2018 13:59,21-05-2018 14:49,22-05-2018 19:25,28-05-2018 00:00
34348b2239b330ce8b290422982e54dd,310c955156a6bd3565e12e49c4d2444c,delivered,11-04-2018 12:56,13-04-2018 02:11,19-04-2018 20:56,20-04-2018 21:11,30-04-2018 00:00
603e15b90edc4dbafc68def34a24d4a7,50a60363567e35381870faeee394c06d,delivered,03-02-2017 11:05,03-02-2017 11:21,06-02-2017 10:16,23-02-2017 10:18,06-03-2017 00:00
a77e640490c0930838454624780038b5,5a788e14ce834cd141d015eff188781d,delivered,06-11-2017 11:53,07-11-2017 07:30,08-11-2017 20:48,30-11-2017 23:07,04-12-2017 00:00
8d74231228bdbc2e89fc0125abfc1c87,7fbd8c5e77db87df8cac3b514a39b16b,delivered,06-08-2017 03:21,06-08-2017 04:20,07-08-2017 13:27,10-08-2017 22:08,29-08-2017 00:00
c8285f7942cfcfb6542f0d7b54b36359,d99da7c51eda5585210a61d54fd1994c,delivered,23-11-2017 22:16,23-11-2017 22:28,30-11-2017 19:39,13-12-2017 22:42,22-12-2017 00:00
9bc7a53b5ab2e7a8e227e321292e5b61,28e8368c2fc3fe3745b999054ec07212,delivered,03-03-2017 18:23,04-03-2017 02:24,06-03-2017 08:43,14-03-2017 10:19,24-03-2017 00:00
4865bde237624673cb82058b4d23327d,86e12fd59aa9f06ed8c9fd7b1e36c139,delivered,30-08-2017 14:19,30-08-2017 14:30,31-08-2017 19:04,05-09-2017 23:51,18-09-2017 00:00
ac61010b8d348d62726ebfe687b026f6,c84b87889fc766cdf27534805e07f502,invoiced,26-05-2017 15:26,26-05-2017 15:42,,,19-06-2017 00:00
7cfbcf0f0e692bccbf7d7a4c997e80fd,65c9e0808cb89c7417c7ed4ad2d78fe3,delivered,15-09-2017 21:27,15-09-2017 21:44,19-09-2017 18:04,25-09-2017 19:42,05-10-2017 00:00
547e498e91ae72271cccb2278a3b28d7,5cc63059ba2d74d18396284cbef18014,delivered,12-10-2017 10:06,12-10-2017 10:21,26-10-2017 20:33,31-10-2017 23:23,07-11-2017 00:00
05e8a1fd3d354369a3de6e7230a3651f,6fc1bac3e55ec9c69f1f65253026ffdb,unavailable,16-02-2018 16:54,16-02-2018 17:10,,,12-03-2018 00:00
f22592e01ddc0711e6794f900fa5e787,78e0bd1572a022c1bd703a141a5257c5,delivered,25-03-2018 16:19,25-03-2018 16:35,02-04-2018 23:22,20-04-2018 00:58,25-04-2018 00:00
90d730c8aa5c3196dbffefecf4f5202d,4d6db368ed8b18835ba4c89edaeaac6b,delivered,19-07-2018 14:16,19-07-2018 14:25,20-07-2018 12:16,26-07-2018 19:48,09-08-2018 00:00
179b8db66f5362945c237b68bc358a77,a1344b860cab384242be3c0ba0a5e4cd,delivered,30-01-2017 20:26,30-01-2017 21:35,31-01-2017 09:39,13-02-2017 17:19,09-03-2017 00:00
80a2138300fc2c1c5101d5bb2252973b,167f719870c8451d651436b6e8cd3f97,delivered,11-12-2017 09:10,11-12-2017 09:18,16-12-2017 01:07,19-12-2017 19:58,02-01-2018 00:00
bc9a4a9c385277a723b04b122fe58e0c,2b628f30ef83c278e5a911d9d78293ef,delivered,14-07-2018 18:14,17-07-2018 04:32,17-07-2018 11:18,23-07-2018 17:58,20-08-2018 00:00
d3310038bbf991ce02501a51022f5283,5db1604d37be97a2b413c219be3b8c0e,delivered,30-07-2018 14:26,30-07-2018 14:44,21-08-2018 13:03,28-08-2018 01:07,23-08-2018 00:00
2dd5bcfb8c66b22a80ffe45078eb2a99,eb55392e91ca4fb066e8c3d099400dd1,unavailable,06-03-2017 21:31,06-03-2017 21:45,,,29-03-2017 00:00
e66785759d87e2a80e8cc70ddd861f36,4b5dadfae21195ed5199f650ebc1fb36,delivered,31-07-2018 11:38,31-07-2018 12:31,01-08-2018 09:39,06-08-2018 14:43,13-08-2018 00:00
a54f35a6dfb350a13c6410aa276e52d8,b9d66a7e824f738db300bab9fb4f5ee0,delivered,10-11-2017 10:35,10-11-2017 10:47,14-11-2017 16:38,18-11-2017 17:06,30-11-2017 00:00
4340cfd191c9dc16061684e4575fb151,55761211ed951c99bab19617dad3e33b,delivered,19-04-2018 22:27,19-04-2018 22:53,24-04-2018 17:16,05-05-2018 01:34,21-05-2018 00:00
29d0a6fb5e4342bc5bd0cd7ac3bb98f3,2dee80b74900bb89a1ecc3e97bcda6b3,delivered,30-11-2017 10:18,01-12-2017 11:31,11-12-2017 23:21,12-01-2018 21:07,02-01-2018 00:00
013a98b3a668bcef05b98898177f6923,60c23b4f05e926f24472f5ae2ec6b89c,delivered,11-08-2018 23:17,11-08-2018 23:30,13-08-2018 14:06,17-08-2018 14:38,17-09-2018 00:00
b403900b01526c3787b22a9485d9e493,fe4ead29b81e8ee884cf0660c17fde40,delivered,06-06-2017 13:17,06-06-2017 13:45,07-06-2017 15:21,12-06-2017 15:34,20-06-2017 00:00
d1b4fc9a8c1207433519a8ec52e2d03f,f9a6bf8bc89af704ecd48975eff11800,canceled,08-05-2018 10:05,08-05-2018 10:31,,,16-05-2018 00:00
41699eafe0014fb781dbe9c918179979,f83ce896b3dc52b9fa77aa1110cd90d6,delivered,09-12-2017 18:48,09-12-2017 18:55,12-12-2017 00:53,13-12-2017 12:33,28-12-2017 00:00
1bc4cbfa417cbf64682ad0f639f9e58c,d7c47b2b00ac1ab4163de1707a3b3ae3,delivered,25-06-2018 09:02,27-06-2018 07:55,29-06-2018 16:04,04-07-2018 15:38,18-07-2018 00:00
e9df66519c360c741bedc488149685e9,813d879c483a0aba3c6aa0c9622c585c,delivered,16-03-2018 09:13,17-03-2018 02:40,29-03-2018 01:11,10-04-2018 19:58,05-04-2018 00:00
bbf8658c763a5e7e4d2be2e05b39fd42,42a809e06ea3d25526dc83a485d31d38,delivered,29-06-2018 19:37,29-06-2018 19:50,02-07-2018 11:06,20-07-2018 15:48,26-07-2018 00:00
74a11d53ff594d7838a43abf53f0bd32,30c5050c8a97268851a49140d59f68a9,delivered,10-04-2018 08:13,11-04-2018 05:50,13-04-2018 21:04,20-04-2018 20:48,16-05-2018 00:00
430227c0d7f4c842813ccd5e0801e17d,2d5d432f3d019335618910f2def0fbb8,delivered,11-05-2018 13:30,15-05-2018 04:52,16-05-2018 14:29,23-05-2018 21:33,12-06-2018 00:00
904194f416371c5ccc2bf141308220ab,9eda2878f66c83472193962f437167b6,delivered,28-04-2018 18:51,01-05-2018 06:13,03-05-2018 04:36,03-05-2018 17:48,14-05-2018 00:00
98826cd8a97e41725b525e492a8d7571,4415b9cc1e718722dd4bf4a79ccb08e0,delivered,20-05-2017 15:38,20-05-2017 15:50,24-05-2017 12:37,29-05-2017 14:48,13-06-2017 00:00
ec5a2741ddf2c8ff2c0b076c8743dd19,ca8b8f1ad4393c8be0507096d49bfdd8,delivered,28-07-2018 19:55,28-07-2018 20:10,30-07-2018 12:33,06-08-2018 16:37,20-08-2018 00:00
0188ca1fe398161f0f310fec985ac155,c2b33cff8fe4c4d8eb300547e5e5208e,delivered,28-06-2018 10:56,30-06-2018 02:52,03-07-2018 11:06,06-07-2018 20:58,19-07-2018 00:00
ee4f89a4d2cea2a4910f24c491696af1,31c3c57318baea8904c0855e7b05e955,delivered,02-04-2018 12:49,04-04-2018 03:29,04-04-2018 18:11,27-04-2018 18:36,24-04-2018 00:00
990c6c497b9bf2f36f61e2e51eb007a6,eafb79051e59ba4934b1ca0452fc6720,delivered,24-04-2017 16:45,26-04-2017 09:36,03-05-2017 12:33,10-05-2017 16:25,15-05-2017 00:00
57f7d38e9b80b8fdd307367f7c212311,53f9dd88885b2ae949d68db6810f64f9,delivered,19-06-2017 12:15,21-06-2017 02:32,22-06-2017 14:51,28-06-2017 11:49,13-07-2017 00:00
a51e2c85edcbee98d40ffd0bb3af875e,b75e423743f56708f69a46829cf28ee2,delivered,23-03-2018 09:52,27-03-2018 04:08,28-03-2018 00:38,28-03-2018 17:29,05-04-2018 00:00
0d24d62857c1f2d00801a3512dce5d1f,4eba4e54a08ee98d9031561c10c499c5,delivered,19-07-2018 10:49,20-07-2018 04:55,20-07-2018 10:26,26-07-2018 12:46,10-08-2018 00:00
66810815fe0a68f5501d8cbe1472779d,c7ec40da7b433a48b43ed2c2db0101e8,delivered,12-01-2018 23:31,13-01-2018 00:31,15-01-2018 23:19,26-01-2018 23:46,07-02-2018 00:00
f24e66cdbbf1d7e24f946efbc3b47bb3,11e6a06de4b661603476106fa2903210,delivered,29-01-2018 21:34,29-01-2018 21:51,05-02-2018 19:22,17-02-2018 15:48,12-03-2018 00:00
f7247b9bfe84eb166ffc3c5fce94be54,e5fc30927b884e68ac195810ca12597a,delivered,17-10-2017 22:15,19-10-2017 02:49,20-10-2017 19:53,01-11-2017 16:52,09-11-2017 00:00
a0241e2ae203d766eea6aeed90b91cf3,d6d9d6597150c9bfe2d6c2e8df580169,delivered,04-03-2018 20:20,04-03-2018 20:30,09-03-2018 23:03,28-03-2018 18:46,09-04-2018 00:00
d70442bc5e3cb7438da497cc6a210f80,10a79ef2783cae3d8d678e85fde235ac,delivered,29-08-2018 10:22,29-08-2018 10:35,29-08-2018 19:57,30-08-2018 16:03,04-09-2018 00:00
83351d37493926bef518c18c8ece3a9f,bb2fe4792c031d30447e25a2f70bbdd8,delivered,22-07-2018 18:57,23-07-2018 12:32,23-07-2018 15:44,01-08-2018 18:58,06-08-2018 00:00
f70e76f6dd9c492ad50ec1a3ce4e46a2,39119bb2242505507abf7a9d42f89401,delivered,28-01-2018 23:13,28-01-2018 23:30,31-01-2018 00:04,05-02-2018 14:34,23-02-2018 00:00
6baa74b5e9e0e10bd29d85347ff1c226,60ac1fbce4541493ab02d9a8b10871c9,delivered,07-05-2017 19:46,07-05-2017 20:02,10-05-2017 17:05,23-05-2017 17:56,14-06-2017 00:00
36b7b9c89099230dbecdcde16e84c1cd,03e454af33e93cda33e1b22175ab8361,delivered,27-03-2018 18:22,27-03-2018 18:35,28-03-2018 21:51,03-04-2018 14:51,27-04-2018 00:00
c14191a30c0d8aae8951561cd85a7485,8cca079a61c78c1cc7a1a9ef4a6121e5,delivered,19-08-2018 22:10,20-08-2018 13:30,21-08-2018 14:40,23-08-2018 03:14,30-08-2018 00:00
d43e09377465273d9e75ee7a51a6445a,2d1cc6fa6d845ab8b3389a26d9c63b29,delivered,25-05-2017 16:20,25-05-2017 16:30,26-05-2017 14:28,05-06-2017 12:18,19-06-2017 00:00
1147614ede9ce51acd3fc449b86114e3,726f28d51b162c746e14553241df9de8,delivered,23-07-2018 15:46,23-07-2018 16:46,24-07-2018 09:05,27-07-2018 19:12,08-08-2018 00:00
2377613b828f1d12f44e8ee282dcd85d,053145877b75927544b098ed35dde2e7,delivered,12-10-2017 01:05,12-10-2017 01:26,19-10-2017 22:15,31-10-2017 18:04,17-11-2017 00:00
4e8ccb7e52d788ba5787160a8bf84b60,9a7a96ae72427d119a20b935bb0cdc1b,delivered,10-02-2017 09:20,10-02-2017 09:30,10-02-2017 09:58,24-02-2017 13:53,23-03-2017 00:00
4c4590c53b8582812e4bf510d3e55e58,8943a36516635e4916eb25668432071e,delivered,16-07-2017 22:47,16-07-2017 23:03,18-07-2017 20:12,17-08-2017 18:55,18-08-2017 00:00
3bc59ba58cb8e8524859be6a6f4159ad,d29e34e0b9e141455f908dc011d564af,delivered,13-03-2017 17:47,13-03-2017 17:47,15-03-2017 15:08,21-03-2017 08:22,05-04-2017 00:00
440210629ba4e9e0358429778cefe8b0,3d8d6040155a88249b41c00fde1e7629,delivered,10-05-2018 08:48,11-05-2018 12:17,21-05-2018 23:10,25-05-2018 21:18,22-05-2018 00:00
eb752d7dd31fae34db80457d17e72ad0,acf35fc5626ae167e8e2089a15cc517b,delivered,06-06-2018 04:14,06-06-2018 04:30,11-06-2018 13:34,18-06-2018 23:23,12-07-2018 00:00
d02a0111cedc20a548cb065955e04968,6f9bb1cf1aa360acd1a96aadeb478989,delivered,14-11-2017 09:22,14-11-2017 09:35,24-11-2017 22:51,01-12-2017 22:10,13-12-2017 00:00
af7845bf2d70a696a4f4f31b4e6c5a81,8abaaa8223a3e5974fdd567bb01088f4,delivered,08-04-2018 14:03,08-04-2018 14:15,09-04-2018 19:22,10-04-2018 20:34,19-04-2018 00:00
dfda82f701815b8d9306b1343ca3e2bd,eb48ab464500f361c68e031087e573cd,delivered,15-05-2018 11:33,15-05-2018 12:15,15-05-2018 14:20,18-05-2018 15:05,08-06-2018 00:00
dd129706fb900252b1e9193815d80970,33c6aa3b05c08606ea259d5adf89f296,delivered,22-02-2017 09:47,23-02-2017 02:42,24-02-2017 09:52,06-03-2017 12:38,22-03-2017 00:00
fd3c2f37b535d300e61e63b029edfd20,20994cde97d1b4009a539595342ce5e5,delivered,07-09-2017 22:30,08-09-2017 22:35,12-09-2017 18:07,19-09-2017 19:08,03-10-2017 00:00
43f6604e77ce6433e7d68dd86db73b45,ff1201e402a4b1a1bfae1d0abf857014,delivered,11-05-2018 18:25,11-05-2018 18:35,18-05-2018 17:21,13-06-2018 14:28,06-06-2018 00:00
0645ff0009ebb4d475c7e9d30520dd21,087f9b43add509b918c1152191f2d243,delivered,10-11-2017 20:39,10-11-2017 20:50,14-11-2017 16:24,18-11-2017 16:33,01-12-2017 00:00
c8682e224367b603f0ac144e77fabe14,af1d8655ed6152d15b718ceb2f7c397c,delivered,11-06-2018 11:03,11-06-2018 11:15,11-06-2018 14:59,12-06-2018 18:47,20-06-2018 00:00
e1bf461767c45a8f0abf0a641e6bd449,965d83ab80a4b9913126a2856bb81e3c,delivered,15-05-2017 16:02,15-05-2017 16:10,17-05-2017 11:20,24-05-2017 14:18,08-06-2017 00:00
23e66af5124d410917df9e4afff7ed82,7946266bbd22c1ad0a83eb65059b7fd6,delivered,12-10-2017 10:35,12-10-2017 11:20,13-10-2017 20:36,17-10-2017 21:17,31-10-2017 00:00
6ed4a347a81d5ceb3f8da510c318b5ec,02033fca76b4af0eda65418e673b5a57,delivered,26-01-2018 10:59,26-01-2018 11:14,01-02-2018 00:56,02-02-2018 17:52,14-02-2018 00:00
bfff22b563631e997a4a22dd4b87abc2,c4781eecc0840edcc02c29277533004c,delivered,02-04-2018 14:08,02-04-2018 14:30,03-04-2018 20:05,09-04-2018 20:32,19-04-2018 00:00
aba2813708fd104d3fa9f14fde9cd30f,a7e1b44cb7bae930f068ee314e172ef9,delivered,05-02-2018 01:06,05-02-2018 01:29,06-02-2018 17:13,14-02-2018 19:46,01-03-2018 00:00
69379af9891c9ba98d3262eb100ea809,d788b6fd55fac4cb266bb00e519c4b87,delivered,10-03-2018 11:24,13-03-2018 03:55,14-03-2018 22:58,03-04-2018 01:51,28-03-2018 00:00
bbe32ce108f0fa16e209fbaee6005f2b,9fd4ec1d165657c3cd5ea945678c0686,delivered,06-01-2018 13:40,06-01-2018 13:48,08-02-2018 13:22,17-02-2018 16:33,13-03-2018 00:00
cef3c3045c93eee043b5f3df78466d5b,00daf19c19d0fa15a86284fa7293b5ac,delivered,10-06-2018 15:01,10-06-2018 15:15,12-06-2018 14:10,19-06-2018 20:32,04-07-2018 00:00
afb41fa922afaed3105a1700fed64c35,f6bb64a35eee41a5e4ab974cb8de2ff4,delivered,26-09-2017 17:20,27-09-2017 10:07,27-09-2017 16:19,04-10-2017 20:27,18-10-2017 00:00
2812dbf450ac5dd26b952cfc6db60529,8dd74bc7874323d7948b25debd8488c4,delivered,27-08-2018 17:24,27-08-2018 17:35,28-08-2018 10:13,29-08-2018 14:18,05-09-2018 00:00
733f26eccfda637ff829bb51444ac13b,23c9a4af50b6e7ca6d5843acb4632f71,delivered,27-12-2017 16:02,29-12-2017 02:08,02-01-2018 17:49,10-01-2018 17:40,02-02-2018 00:00
537f17846f5373310e18e7bcc734c39d,3afc233bc5275efc139bd46d8bc5e30c,delivered,20-03-2018 10:20,21-03-2018 02:48,21-03-2018 20:44,28-03-2018 21:11,06-04-2018 00:00
343348b1e29e9fa9e7b6ab1027f9177d,017395cf7b4c0be4fa72650f0a8184ed,delivered,21-02-2017 17:11,21-02-2017 17:25,24-02-2017 13:29,09-03-2017 10:36,28-03-2017 00:00
768697bea3da93c033aa064d821579e2,fea8050983c42f7907b0150e1a2751da,delivered,04-09-2017 09:26,06-09-2017 02:55,06-09-2017 13:29,15-09-2017 16:02,27-09-2017 00:00
148a81c053082ad749e6ab0997a0f25a,46fc1f33e4e97ab4be79119b48a4e910,delivered,21-06-2018 15:13,26-06-2018 04:59,27-06-2018 13:03,30-06-2018 21:10,13-07-2018 00:00
6ece326e25f193d084e3dc092bbdd93b,3f63878c497f2703038d3eb23f8516b0,delivered,06-10-2016 20:15,06-10-2016 20:50,21-10-2016 16:17,24-10-2016 16:17,30-11-2016 00:00
d651bd9a58b10af4a1a7fe2873ef8058,d6148957a1cd01ebafb44c1f9a5ef949,delivered,25-11-2017 23:17,25-11-2017 23:33,27-11-2017 21:11,29-11-2017 21:55,21-12-2017 00:00
e21bb5b2af087339bd3614d77a0053a1,0495900bb9a59da4d1b972ff829fb60d,delivered,20-07-2018 01:00,20-07-2018 01:10,20-07-2018 14:03,25-07-2018 21:55,07-08-2018 00:00
df23e811bccb321eb67f120f96955445,412ef0bba96a560e2811cda36c9cc55e,delivered,24-11-2017 10:28,24-11-2017 12:34,24-11-2017 21:54,05-12-2017 18:46,19-12-2017 00:00
a71cbf13e7dfa5a074740c8a1efc5a9a,dfb27a0b09b7c683f49366048c42f62e,delivered,05-04-2017 14:29,06-04-2017 02:43,06-04-2017 15:07,08-04-2017 01:18,26-04-2017 00:00
e3c93a72c954974ce7fb82a5f97d8b89,7b9c3a194ea44dca8cbf2148b8185ed5,delivered,17-02-2017 22:34,17-02-2017 22:45,20-02-2017 13:40,23-02-2017 14:54,16-03-2017 00:00
5935b70a1cae39b66d05db3bcfa4a144,5ec74474854dde59f02205d0bd68abc1,delivered,05-04-2018 08:41,05-04-2018 08:55,05-04-2018 19:08,07-04-2018 17:22,27-04-2018 00:00
9c63f9900d02e4981d36f0a782075043,26c8098256a9f305d2d7238204f5642f,delivered,07-06-2018 08:36,09-06-2018 03:13,12-06-2018 14:09,19-06-2018 19:12,27-07-2018 00:00
7af07887f8840085ae4b65cb52f4af29,5dafa582b0cccfe3f6e80a91ef94a083,delivered,08-07-2018 11:10,10-07-2018 17:05,11-07-2018 18:01,23-07-2018 21:44,27-07-2018 00:00
c61956e742b7b9e644a1f4ed0f6f941d,f2f5754aa54743f8b50ad65876ebffc7,delivered,05-06-2017 16:53,05-06-2017 17:05,06-06-2017 11:52,09-06-2017 12:18,29-06-2017 00:00
0b8a99d7c60d2f4d09e094e974261cb2,c56653683d08517b6f91a3309c03542b,delivered,16-07-2018 17:00,17-07-2018 04:41,17-07-2018 13:52,24-07-2018 20:16,08-08-2018 00:00
308a27c02747a7b997944034c014302d,38e584a08f477bf894151834aad7cdc6,delivered,02-05-2017 21:57,03-05-2017 15:31,09-05-2017 09:06,15-05-2017 15:08,29-05-2017 00:00
df1b3a108a46e8bea6a2469a6dd24863,e59c7666a82f1475981e22547a7f6c9f,delivered,19-12-2017 12:35,19-12-2017 12:48,26-12-2017 18:23,03-01-2018 14:24,12-01-2018 00:00
ac710ab76d5651200cb6082f2c294d29,978d898c9286d9d5dc9dbfcc0e0128a7,delivered,23-02-2018 05:29,23-02-2018 05:48,24-02-2018 01:13,07-03-2018 19:51,16-03-2018 00:00
5a1d6c279780f202dc9a64d0ebbf1097,b82342c1221c839ac1f7ba340ab90063,delivered,31-01-2018 13:32,02-02-2018 02:35,03-02-2018 07:55,05-02-2018 16:08,16-02-2018 00:00
6a1ac461a015123f2d4daef591933747,b19151cf03d1ee88b38e392fac8acc62,delivered,07-12-2017 15:57,08-12-2017 02:53,18-12-2017 13:06,28-12-2017 19:52,12-01-2018 00:00
c458e938207913709f5c0cedb195defd,227a79ef99a0af837f323596c76bcac2,delivered,03-09-2017 13:39,06-09-2017 08:45,06-09-2017 16:38,14-09-2017 23:19,21-09-2017 00:00
86c8daa5f37e9b3e6b4cd745c6ed0a61,d78b8b875530da5becdcfbdcbf78293b,delivered,24-01-2018 14:23,24-01-2018 15:38,30-01-2018 03:03,06-02-2018 21:47,16-02-2018 00:00
ab4b37a7cd1397e63f4b25586d5bfe9f,668d9e858c63aa58d80b8edcf3ffd9c5,delivered,06-08-2018 16:59,08-08-2018 04:35,08-08-2018 14:53,14-08-2018 18:58,15-08-2018 00:00
740878f3c8a802a2617e3879ea2d4f86,be4f0ebdda2ce97a95f0f2b9a6a28c76,delivered,28-02-2017 18:47,28-02-2017 19:19,03-03-2017 18:51,15-03-2017 12:51,22-03-2017 00:00
722d538cc82ebbe96084de19ed6f7fad,041f3b81b454fafa2803d20e5c79372f,delivered,15-01-2018 13:56,16-01-2018 13:50,20-01-2018 00:32,31-01-2018 16:44,14-02-2018 00:00
059cd34e948c8025e660c89c0de2d792,4d73737f27246fd7094751652d0ee963,delivered,07-03-2018 19:01,07-03-2018 19:15,08-03-2018 21:27,21-03-2018 15:48,28-03-2018 00:00
3c7bbd575f4e18f9fb416be0cb30840b,492465ef3d63cce9b19ee76f52ac8037,delivered,23-03-2018 22:20,23-03-2018 22:30,27-03-2018 00:06,29-03-2018 20:03,11-04-2018 00:00
82ba6dcd4e23b3992eecd5bcae999c30,a725b21d848e46f074496c1c791c8fda,delivered,31-01-2018 00:08,31-01-2018 12:31,31-01-2018 21:38,05-02-2018 21:48,22-02-2018 00:00
fab521689278ba031dbcb0dadb19207e,cadc94710615d9314120ae1c88de0cc8,shipped,11-02-2018 10:30,11-02-2018 10:48,14-02-2018 19:16,,06-03-2018 00:00
6846e1d90448721938d666c3a9e66bdd,3de66df13ed430902d7e393832a5b25e,delivered,07-12-2017 00:03,07-12-2017 00:31,07-12-2017 21:12,10-12-2017 15:12,26-12-2017 00:00
35b6b0272ca66bd5fef6d110463c40cc,f3d0d413e08a7ccc43e6ca09a8d79cdd,delivered,09-05-2018 12:24,09-05-2018 12:35,16-05-2018 13:44,09-06-2018 17:28,01-06-2018 00:00
6720f247b0f2c3d495cc9da6001abdd7,d2916272dda3cfb2e305349c2b106213,delivered,30-03-2018 15:47,03-04-2018 05:10,11-04-2018 16:04,19-04-2018 16:03,18-04-2018 00:00
340e1daf0ffd056453544ca71b501098,41629f77198c3f777c7704b91f5effe4,delivered,25-03-2017 20:39,25-03-2017 20:50,27-03-2017 14:15,31-03-2017 14:12,18-04-2017 00:00
0b5588f04551d90ee148462bb65dfddf,48c6a2ca13657875d84b5c3b2271fdba,delivered,18-07-2018 00:08,18-07-2018 00:21,23-07-2018 13:18,03-08-2018 14:54,09-08-2018 00:00
23b757203bd90a6deafcd069bdcb1fde,a5e1ac55465102e83e7ab0fa7e6b777a,delivered,07-10-2017 10:55,10-10-2017 03:56,10-10-2017 17:39,13-10-2017 19:24,25-10-2017 00:00
61450e6c8f56d52e46a198e57df7d731,3c86b40ba68ad7d3be35a10ae5696954,delivered,29-11-2017 07:40,29-11-2017 07:50,29-11-2017 17:17,15-12-2017 20:26,26-12-2017 00:00
008819c6d5f6da6fa5cd9d50ca927cf4,f453853c7750dfea2b35f2a89382003e,delivered,04-08-2018 21:40,04-08-2018 21:50,06-08-2018 13:34,07-08-2018 20:12,09-08-2018 00:00
efac22dd2be7399535968466224f162d,996ff76de5c41d5364a85263137689da,delivered,01-05-2018 19:14,01-05-2018 19:33,02-05-2018 13:43,08-06-2018 12:58,24-05-2018 00:00
b526245df7becef98d5b08c6350cc53e,c2928a50aecf1bc4776082b13225e4da,delivered,15-01-2018 18:00,15-01-2018 18:11,17-01-2018 13:09,24-01-2018 21:48,05-02-2018 00:00
8193af9e3c0361af46d8c6665c838753,61b73212382d130d7e2abe6a92e72339,delivered,02-08-2017 11:31,02-08-2017 11:45,02-08-2017 18:07,10-08-2017 17:17,28-08-2017 00:00
88f2694778564f2ef3f8dadb6b3584f4,831ec4e836ed0a619b75fc0646a9a9e5,delivered,11-04-2018 07:47,12-04-2018 07:29,13-04-2018 19:20,04-05-2018 10:22,11-05-2018 00:00
92b4d74d8984ddfd468fba03281fec49,7282e7e28bca4c8d52bee1bef2b4dcd4,delivered,16-04-2018 11:52,17-04-2018 12:30,17-04-2018 21:43,03-05-2018 21:49,14-05-2018 00:00
f313336cf2b038a3ef433d8e48aec4d5,632fb46531120e455250be499e52ae03,delivered,18-05-2018 19:17,19-05-2018 03:12,22-05-2018 06:21,23-05-2018 17:32,01-06-2018 00:00
cba3ba41fc11892527457b4be8d57308,278e24ee5b70133385be317b0b070d0d,delivered,28-05-2017 22:52,30-05-2017 04:50,31-05-2017 08:17,02-06-2017 13:29,05-07-2017 00:00
3783fa21a4b027e3da0b6b3db6e1dc3f,b4ed1c11c23a299162324b493730eb52,delivered,19-06-2018 17:32,19-06-2018 18:03,25-06-2018 13:57,26-06-2018 20:27,04-07-2018 00:00
98a82341c3a895d022fd7ba18f16e7a2,1d99b48c0fe6d0bc50feebecdc88cbc2,delivered,28-05-2017 14:44,28-05-2017 14:55,05-06-2017 15:56,07-06-2017 13:54,20-06-2017 00:00
b10b1c5fd2464a235e121d6ff79280d1,b43fe7987e4423b1b85f21e29d9a12d6,delivered,21-08-2018 20:18,21-08-2018 20:30,22-08-2018 08:09,28-08-2018 08:08,11-09-2018 00:00
c8519a6f2d214cfedb5803e64f8dab15,b053f034b9a230fabfaace6e7cdec183,delivered,08-08-2018 15:04,09-08-2018 03:44,09-08-2018 16:08,15-08-2018 17:42,28-08-2018 00:00
bc235dc48cca3cbf2b7de10a83341903,252b958390acc3aba9cea6278deab103,delivered,08-02-2018 07:40,08-02-2018 07:55,09-02-2018 00:15,22-02-2018 22:34,12-03-2018 00:00
13ab17b37091a5b804cd161a52292c05,b2292c9e56f5a986542be6214034ee2f,delivered,23-01-2018 14:54,23-01-2018 15:12,26-01-2018 16:21,29-01-2018 12:12,07-02-2018 00:00
f025be07a93a64e2f8fa6c84849f4d48,48fffb192bb8e8fa44be4e821bc2ef35,delivered,12-07-2018 16:56,12-07-2018 17:10,18-07-2018 14:29,23-07-2018 19:22,27-07-2018 00:00
97e22a7b438827d5a86bc1a9f92d8c83,cfed44a643330d0984539ec92412055f,delivered,12-01-2018 20:00,12-01-2018 20:08,15-01-2018 18:27,31-01-2018 19:13,16-02-2018 00:00
a2a0ebaf8a4f82631541cb03b5363bf8,3c9e44b8d3fb692a1d44e273f3e7fec3,delivered,14-08-2018 11:31,14-08-2018 11:45,15-08-2018 13:28,20-08-2018 12:48,27-08-2018 00:00
27b3b422cdb2f9f358214ae1b74c1365,cdd36e03e9beb7bf2acb965044e3c3a3,delivered,23-07-2018 13:26,23-07-2018 15:32,24-07-2018 14:01,31-07-2018 09:38,21-08-2018 00:00
088f428b537f8a80e52118e3e409ed50,5013591eb92232185ff3486218d55057,delivered,27-08-2017 21:04,27-08-2017 21:10,28-08-2017 19:42,01-09-2017 14:28,19-09-2017 00:00
21265f499055fc933501ce3a66c1ef9a,0e0baf7742b23bc2ca9d12425f4d5928,delivered,01-10-2017 14:39,01-10-2017 14:56,02-10-2017 18:31,05-10-2017 19:48,24-10-2017 00:00
9b951f6f81b73f9ee291b9735e6fe993,8c709144446a29976affde2dcfe063af,delivered,28-09-2017 17:34,29-09-2017 02:14,29-09-2017 17:33,20-10-2017 18:02,03-11-2017 00:00
4cfaef0e608d086a42b2ab2d089419fb,4f928b8251b656808a61dc113d912888,delivered,28-11-2017 19:24,28-11-2017 19:35,06-12-2017 12:09,21-12-2017 15:03,21-12-2017 00:00
299924bc222337ced037752aa8327ea7,800b8e27cc9f087414d14c84561a6ef6,delivered,16-11-2017 21:48,16-11-2017 22:13,21-11-2017 15:12,30-11-2017 00:38,05-12-2017 00:00
c5012f56f488e3d08eb8140afb31342c,a496197b052f8c9228c351cb52a2a402,delivered,19-08-2018 14:10,20-08-2018 12:09,20-08-2018 16:35,21-08-2018 15:56,30-08-2018 00:00
b2c72ea40cb81ddf115a20b5e8fd1618,349d5c55df18e3153b8f38dadf34204c,shipped,20-06-2017 16:13,20-06-2017 16:25,21-06-2017 18:22,,12-07-2017 00:00
b89d9a223208fad0bb7f6e161b4d43c9,9a2abd31e22fe634141b8aad28fbe154,delivered,13-08-2018 12:43,14-08-2018 13:04,15-08-2018 14:09,17-08-2018 20:51,30-08-2018 00:00
d2f452ea9e0c96f9005879a9fe3e3cba,3ae25ab4ec3b54812811a7b61c4c4649,delivered,04-10-2017 10:56,06-10-2017 02:14,06-10-2017 17:52,17-10-2017 15:03,06-11-2017 00:00
f0078813a9228a17d09c7ff50fcf7d96,edd2787d516e0d0b6a61d132fa2d6f4e,delivered,20-04-2018 14:18,24-04-2018 19:26,25-04-2018 10:46,27-04-2018 20:32,18-05-2018 00:00
217f784e30b599df959cb81522d68f73,61ca21aafb7110bf6cd2078f01d7a6e5,delivered,18-12-2017 21:38,22-12-2017 12:11,26-12-2017 16:54,03-01-2018 18:29,12-01-2018 00:00
f354616598afd38e38fd8535d22a79f6,db359b7948ea66f46655176af4214978,delivered,02-02-2018 20:15,02-02-2018 20:30,05-02-2018 16:38,06-02-2018 21:28,26-02-2018 00:00
da877e58cc1ec4929dd9f252bb5bdc82,52d21531d72b0c08474f9d7c92bbb12d,delivered,10-06-2018 20:02,10-06-2018 20:17,11-06-2018 12:32,19-06-2018 13:44,03-07-2018 00:00
f4660b7c97cbe88dc80816c67548c5ee,910e75746f7d748a58424e3c66dde8ab,delivered,19-09-2017 16:44,19-09-2017 16:55,20-09-2017 20:44,22-09-2017 15:08,09-10-2017 00:00
e58f5be3f92e03a392967e08cd6647cd,27f95d7b4a63f96982ee5301a310333d,delivered,13-04-2018 08:27,13-04-2018 08:50,19-04-2018 14:19,08-05-2018 00:48,14-05-2018 00:00
7cc49d0a2e133481a59d0980dce7680e,bc15d2c3779a64b89af7055528ec55c7,delivered,26-10-2017 21:52,26-10-2017 22:06,01-11-2017 19:13,07-11-2017 21:47,16-11-2017 00:00
5051a95bc31ec72f803d5df48c2a695b,eb285763921cb3b806e3d925bf3ca94d,delivered,13-06-2018 18:06,13-06-2018 18:24,14-06-2018 14:00,03-07-2018 18:04,02-08-2018 00:00
56c68bdc0271f13c3037a5bb26d520ad,28b19e4aa3b8984663064c407ca727ff,delivered,22-06-2017 22:44,22-06-2017 22:55,26-06-2017 08:49,02-07-2017 10:07,12-07-2017 00:00
7b048e5d7912932ce90120efc3f332ac,929f29371db3b343d53e200d3f2d2fd6,delivered,20-06-2018 22:36,21-06-2018 01:17,21-06-2018 14:27,22-06-2018 21:53,03-07-2018 00:00
7dd12269fb63d70af90a488dc5e90876,7906f3450eef90b1c63e50b38e0a7862,delivered,07-04-2018 18:51,07-04-2018 19:08,09-04-2018 20:36,17-04-2018 02:46,04-05-2018 00:00
e9ef734824864148c2c98d40fa9dcc7f,0bd601a41ab5cd6262b57cbb2bcf0f2e,delivered,01-05-2018 10:57,01-05-2018 11:17,03-05-2018 14:41,09-05-2018 19:12,28-05-2018 00:00
65f72c812ba4ca1ebb3c3558c69d5693,b9e05b51f388a0fbeee7caa11813f044,delivered,06-03-2017 08:02,06-03-2017 08:10,07-03-2017 07:37,09-03-2017 10:12,28-03-2017 00:00
cf511b6f35ecd9bc09d2c35ae9d0cfc7,fbd3895c5f12c58d91cfb71241f3f5cc,delivered,21-06-2018 19:41,21-06-2018 19:58,25-06-2018 09:17,30-06-2018 12:37,24-07-2018 00:00
905bd749100612f28936959483361129,95fa98658683be343be03b8135d89ce2,delivered,26-11-2017 12:40,28-11-2017 03:38,01-12-2017 01:24,12-12-2017 22:47,20-12-2017 00:00
773ecfb47260922193611c913a702942,345c52fd455ccfd8077644b600840ad7,delivered,22-01-2018 12:45,22-01-2018 14:54,23-01-2018 18:48,30-01-2018 12:00,15-02-2018 00:00
e0f5cf952d89f08c137a437a70f1a561,4a200e2fddc4d6a7f398610e59cc47c8,delivered,22-06-2018 19:21,25-06-2018 10:55,25-06-2018 13:28,12-07-2018 14:41,24-07-2018 00:00
5f259af82fc248ddda092d4abe371ff1,45c20449fa0e246600a384e74176e43d,delivered,30-06-2017 21:48,30-06-2017 22:03,04-07-2017 15:26,11-07-2017 17:13,24-07-2017 00:00
0ab7fb08086d4af9141453c91878ed7a,000379cdec625522490c315e70c7a9fb,delivered,02-04-2018 13:42,04-04-2018 03:10,04-04-2018 18:11,13-04-2018 20:21,18-04-2018 00:00
dab23a46abb860b6b4816df41eacd610,52239878c74211b0fd1a56a264763761,delivered,08-08-2018 15:42,08-08-2018 15:55,08-08-2018 14:56,11-08-2018 17:04,17-08-2018 00:00
03a85a6adb776ffefc4a8d7f845b10a4,641f77a2bb1d1380cff2e60afd691c07,delivered,12-06-2018 00:41,12-06-2018 11:00,22-06-2018 14:10,04-07-2018 19:12,27-07-2018 00:00
454004e3ce41f39124b8d2fc835a9117,c59c75806862d36137d6aaf84f2a5679,delivered,04-04-2018 22:46,04-04-2018 23:09,07-04-2018 01:27,20-04-2018 18:28,08-05-2018 00:00
ed5d7387a2587321c48d376aaea806d3,e8394ccdbf6a65e416cfdda573a8dda1,delivered,06-08-2018 13:52,06-08-2018 14:05,10-08-2018 19:54,13-08-2018 23:38,30-08-2018 00:00
ac49c1eb805c27f524f4798a3142d439,f679fa8e9a81de8ac956abac047e5a20,delivered,18-06-2018 08:28,18-06-2018 09:01,19-06-2018 12:28,22-06-2018 22:51,12-07-2018 00:00
6b06756efe3332c1b68920df3c2d5864,25b18c96dd859f9163ddfaf961cbb476,delivered,26-07-2018 16:16,26-07-2018 16:30,27-07-2018 10:26,31-07-2018 17:08,24-08-2018 00:00
55b2169192a2e853a9d21b2b4cd05cd0,b53b8224d279e3ab3d92983481d81b31,delivered,20-03-2018 15:12,21-03-2018 02:51,21-03-2018 19:04,26-03-2018 14:46,06-04-2018 00:00
3c6f2c25e0bc1279d17395ec365ea14c,4da838ac0a5e78523963ae590a05ef43,delivered,27-01-2017 10:52,31-01-2017 04:32,31-01-2017 10:19,02-02-2017 16:57,21-02-2017 00:00
7c1bc8447c240b37b3ce9222a1daf420,2b397d1f1e5a1bbdd4471805066a0cc5,delivered,07-11-2017 15:52,07-11-2017 16:07,09-11-2017 19:07,20-11-2017 17:28,06-12-2017 00:00
bcc74496281fa806f6939a8d8f80f232,7d891db7cb060922fcc19a04f6a90a72,delivered,20-04-2018 14:27,24-04-2018 19:02,23-04-2018 19:13,25-04-2018 20:24,18-05-2018 00:00
dcfdf4c257739648a81742a5ea7f8a07,264cfae73963c9e7444cd4ecb6bf63fe,delivered,19-04-2018 23:24,24-04-2018 18:22,24-04-2018 11:06,28-04-2018 11:36,08-06-2018 00:00
3641f9fa33b23a96ddef8d28f440d8db,cdf31148c659090167c2868425d2a72f,delivered,27-03-2018 08:10,27-03-2018 08:25,27-03-2018 21:59,19-04-2018 21:42,23-04-2018 00:00
8d7e588f9edf5e801cf455bf1961cffb,4f828355a45997653584184482dd1c2a,delivered,19-06-2018 14:01,19-06-2018 14:17,21-06-2018 13:01,29-06-2018 21:08,13-07-2018 00:00
1e7bb5d072b8543a1c42507c4b5583eb,daac60ed0587e8455cbfa9799d658f27,delivered,26-01-2018 16:47,26-01-2018 17:22,29-01-2018 23:29,31-01-2018 19:59,09-02-2018 00:00
dde3f065ba9416ef2eb1e9987a28ac59,944539610a067aa2b23935a72f94c768,delivered,26-03-2018 18:21,27-03-2018 03:55,04-04-2018 21:44,09-04-2018 20:56,12-04-2018 00:00
fe850e3531d2e102d8d58b4403fe8069,4abd79f956c83d2c78b65fab142c9d39,delivered,25-07-2018 09:36,26-07-2018 05:35,26-07-2018 11:06,01-08-2018 18:02,13-08-2018 00:00
cc999e83cbddd8f4961651258b551003,7b49c9e88dd17d69f6604c5bab0f1291,delivered,23-02-2018 12:20,23-02-2018 12:35,26-02-2018 22:19,28-02-2018 14:08,15-03-2018 00:00
e04d6a25eb8f61739c0ab02a8dd7b188,6e2fa0e671b3cac0d560309dd68d43fd,delivered,29-04-2018 22:56,29-04-2018 23:10,30-04-2018 11:04,09-05-2018 19:31,24-05-2018 00:00
4acc7f665ca9273b5848f19cde62b6d8,d31d061fd03b0640264b81e82fd163bd,delivered,12-06-2018 22:21,12-06-2018 23:41,14-06-2018 13:31,22-06-2018 18:38,13-07-2018 00:00
28339865523dbb50062d7e3a07aeb27c,c4514503f0b309217a1aad0eaa9ea965,delivered,10-11-2017 17:54,10-11-2017 18:07,14-11-2017 21:48,23-11-2017 18:17,12-12-2017 00:00
c000c9de28e2436553f200d0faf8eb97,e1bad92b722b5c4d529acd7eaedae6e9,delivered,05-11-2017 22:21,05-11-2017 22:30,07-11-2017 21:03,21-11-2017 23:21,05-12-2017 00:00
4f5045d7a7d322ba928da791f6d5c9f4,af51c0b5fcb9ff4bdc3e48e8d73446d4,delivered,05-07-2017 20:55,05-07-2017 21:05,07-07-2017 13:31,11-07-2017 17:12,25-07-2017 00:00
173cd9df6006351e8e5151ea0f400bd3,1ca3ceea5509315ab830a64aaf0f3a62,delivered,02-01-2018 17:33,02-01-2018 17:49,04-01-2018 14:55,09-01-2018 16:45,18-01-2018 00:00
48ad27781313137346ab40ec8685194a,91536449b9940d1e7af89bc3857369f4,delivered,16-08-2017 10:08,16-08-2017 10:30,17-08-2017 13:47,28-08-2017 12:24,08-09-2017 00:00
088833da9e3a3578817cee729d4e0a97,9a69f3a16bd6b1a50dfdbccd74e97757,delivered,26-12-2017 14:14,26-12-2017 14:28,27-12-2017 19:39,03-01-2018 19:33,19-01-2018 00:00
5642f00882c2ab59e001778dc483135f,6d3daf88dad3c59f48f9ec367fc43a78,delivered,09-02-2018 21:41,09-02-2018 21:50,16-02-2018 21:04,23-03-2018 20:34,07-03-2018 00:00
509f828e4a4b823e3b6d282400e52add,63ac3cb0a6469bc8d6d2f635a01e2f59,delivered,24-04-2017 13:03,24-04-2017 13:22,24-04-2017 16:24,17-05-2017 15:22,15-05-2017 00:00
2640b5421e2a450c8276a27da5ea7d2f,f8b6903b805687276fb7542e9416a3ba,delivered,27-08-2017 20:47,29-08-2017 09:25,01-09-2017 17:04,12-09-2017 17:55,26-09-2017 00:00
cec79ef92819a9f1f2009e1d8cf26db8,84e58051c35730ef23c796204fe91d08,delivered,13-09-2017 12:24,13-09-2017 12:35,14-09-2017 18:22,20-09-2017 19:29,09-10-2017 00:00
45ea696753b4d93fb0cffe87c816a064,9285b668f2790b3dd021861390bbc676,delivered,12-08-2018 21:19,12-08-2018 21:30,15-08-2018 14:31,20-08-2018 17:12,18-09-2018 00:00
32934ee250c2eb4a72f61dd37e4f5a81,796790170a4dcafd7af4dc575f28aa73,delivered,11-06-2018 15:05,11-06-2018 15:20,15-06-2018 13:36,16-06-2018 18:08,25-06-2018 00:00
203a378a78cc26ef2e1bfd90a6d48a29,7076e8afd996949ee319e1a6f2f8d5b4,delivered,28-09-2017 20:19,28-09-2017 20:28,29-09-2017 21:24,07-10-2017 11:37,20-10-2017 00:00
5933eca8bf39eb9b770be4f92e295796,2ab7b208d37e7ab8d90ec19522e2cf48,delivered,17-12-2017 13:11,19-12-2017 13:32,19-12-2017 22:54,25-01-2018 23:06,17-01-2018 00:00
e8fe7a9b7a9155171dbcc7e3728950b9,f0aba5723a12e77d8cf791532e415151,delivered,10-05-2018 09:32,11-05-2018 03:50,11-05-2018 14:17,23-05-2018 18:42,04-06-2018 00:00
4e9cb71601575577f2208d3aedf933cc,41c7fdc3e0906b20e2da08c152c397f6,delivered,10-07-2018 20:36,10-07-2018 20:50,18-07-2018 13:01,26-07-2018 21:44,17-08-2018 00:00
7b4dfba3da6058deea685e1475eee769,40c400e1b92a5e4b7186354235e6397f,delivered,06-02-2018 20:51,06-02-2018 21:10,07-02-2018 20:12,08-02-2018 17:58,22-02-2018 00:00
bae6f9f2cc261de0a62c483184fde7f4,c6fef243fbcf36131ef6e6fdc4d42a2f,delivered,16-02-2018 17:05,16-02-2018 17:15,21-02-2018 18:58,08-03-2018 18:13,08-03-2018 00:00
8f858c47e49820f3f6c7a8bf4d68d490,add16938f937555f63ef16e52371d3ff,delivered,16-07-2018 16:23,16-07-2018 16:35,18-07-2018 17:04,23-07-2018 13:20,06-08-2018 00:00
521b27020c398e2a652901b3414c2f26,cebb25bccadd1098bb5f90c345cf3125,delivered,27-11-2017 12:10,28-11-2017 03:43,29-11-2017 20:09,05-12-2017 20:58,11-12-2017 00:00
4f8c4fa99a873ffb8452acc0e0c9c515,6ab61c668f2cc0bf964afc5666bf4cc3,delivered,30-10-2017 20:39,31-10-2017 03:55,31-10-2017 18:15,10-11-2017 16:19,17-11-2017 00:00
f4c87e038db78ef275deab58f19e5bd2,083106a67c25249c79074ab4459fc8c5,delivered,06-08-2018 17:54,06-08-2018 18:10,08-08-2018 12:29,13-08-2018 19:44,15-08-2018 00:00
cc4687e4e102c1c8c606a5a0a8e475db,079e85f42f5af80c74240b97b7a4dee1,delivered,31-10-2017 20:13,01-11-2017 20:25,03-11-2017 22:25,16-11-2017 19:37,06-12-2017 00:00
4c69caaf7766dffd15ca30055af00da3,63ddcbd0ffc6bcc1b74065b95cb10548,delivered,03-04-2018 17:24,03-04-2018 17:35,05-04-2018 21:18,06-04-2018 19:47,13-04-2018 00:00
ef8a28cbda55a7be3821379b081e419e,058f7261062495732fb3c35b0dc6e662,delivered,10-05-2018 12:31,10-05-2018 12:56,28-05-2018 11:11,29-05-2018 12:08,04-06-2018 00:00
c6b325de61bc1dce75b9b7f1f1501dcf,842fa7ff89518c879323a772d0dbd3ce,delivered,31-05-2017 09:19,31-05-2017 09:30,31-05-2017 09:54,01-06-2017 13:27,13-06-2017 00:00
4e94d143ec7303c9e8095b6432bb3859,7db89c45b494054165b374d2b7510731,delivered,14-01-2018 17:17,16-01-2018 03:38,16-01-2018 19:15,30-01-2018 19:21,20-02-2018 00:00
6e970ac8488781fb447ff2c2859168bf,eb033b491e53ad18899061e9e19f25b2,delivered,22-01-2018 10:12,22-01-2018 14:53,24-01-2018 14:36,26-01-2018 17:22,06-02-2018 00:00
abb281f6fc9e025d48c27cbe5ae13c24,ea1875bf521c8ae175fbf16abd1298dc,delivered,16-06-2018 20:11,16-06-2018 20:36,18-06-2018 07:47,20-06-2018 17:28,05-07-2018 00:00
ec3bdf0a23bf186cbcc4708cbd0245b2,80c5a8a72a0e717fbf9633153eb9e3df,delivered,28-02-2018 12:50,01-03-2018 12:55,02-03-2018 01:09,15-03-2018 23:13,21-03-2018 00:00
cf13217e932cace18f417b9d0a7564f8,c57e02ddca9c4621fedcf5727ac8743f,delivered,03-04-2017 21:40,03-04-2017 21:50,12-04-2017 11:55,20-04-2017 09:39,28-04-2017 00:00
8d032d2c8478f7aedda32fc2d5014954,36a1b010890ea2e12107fe6ff24cb7bb,delivered,12-10-2017 10:40,12-10-2017 10:56,19-10-2017 17:28,23-10-2017 18:04,03-11-2017 00:00
6ac9e7249ef5df977218e8251e151355,030be3271231e6f5df0157331c60f0e9,delivered,16-10-2017 13:01,16-10-2017 13:14,17-10-2017 14:24,19-10-2017 20:21,27-10-2017 00:00
979ec1f1f7bc95046f69f31d87b948d6,cb3a230ca25e27dfc3e5209786bd29a9,delivered,16-01-2018 13:15,16-01-2018 13:30,16-01-2018 21:22,19-01-2018 19:08,06-02-2018 00:00
511d690ed216be4320cc7ad3174a2292,106f3a5c822e52bc9578d692032ad772,shipped,14-12-2017 11:51,15-12-2017 15:35,18-12-2017 18:21,,09-01-2018 00:00
3a73856e2f2c866a815c475a95832765,09e2826379ca2fed821563c9049a0a77,delivered,12-04-2018 18:06,14-04-2018 02:15,16-04-2018 19:08,24-04-2018 18:59,10-05-2018 00:00
6c589cce00692bb7fbd49d0eac280b17,fcf170ce0cbc74bfbc925f787a53940e,delivered,07-08-2017 14:11,09-08-2017 02:55,11-08-2017 20:19,17-08-2017 18:30,31-08-2017 00:00
49cb71f6609cd6b341acb1cb3ea392b1,4244638de4f86270a82f7210afd70d0a,delivered,22-10-2017 21:02,22-10-2017 21:14,27-10-2017 18:53,31-10-2017 14:55,10-11-2017 00:00
b8edc6668eb315d1b730348cac5e9520,491c7eaffec418db9bead95dffa95df8,delivered,16-02-2018 17:15,16-02-2018 17:31,19-02-2018 23:56,28-02-2018 19:39,14-03-2018 00:00
6644b958e462843a07ad11798437125f,ccc28b057579c48422b6181c30dfe12c,delivered,20-12-2017 19:06,20-12-2017 19:15,22-12-2017 14:13,27-12-2017 14:03,15-01-2018 00:00
cfe5649887c20d8a27d7a9a2302a9d9b,7c9e2de99b4d853ad2849bf211810bcf,delivered,04-12-2017 15:12,04-12-2017 17:22,12-12-2017 00:25,26-12-2017 22:25,04-01-2018 00:00
b85004b6486df47906bcc088f0be3092,f8e0c380e596aec3ed26012824a1aa93,delivered,26-03-2017 20:55,26-03-2017 21:05,28-03-2017 12:33,03-04-2017 18:17,13-04-2017 00:00
adf1d1f9f725c103056bae5f78d77513,e7aa8f71ce6a66684f90103ab313cfd1,delivered,13-10-2017 15:32,17-10-2017 03:56,19-10-2017 15:48,25-10-2017 21:04,31-10-2017 00:00
6509ed1f01a321d9ae4958d09ef2038e,9a7d77512acc59e1d535fad1db9e3f85,delivered,19-08-2017 23:35,22-08-2017 04:27,22-08-2017 20:23,24-08-2017 18:52,11-09-2017 00:00
2d99133897553f4c8ac31ec3ab36fe67,a3eac38bfaffe2975cd0e424ec86a556,delivered,06-08-2017 19:22,06-08-2017 19:35,07-08-2017 15:17,14-08-2017 22:56,25-08-2017 00:00
27bee06c27de3976958f786390f2d31f,43214f27fade5559699e2b5687236333,delivered,15-03-2018 12:33,15-03-2018 12:49,19-03-2018 22:05,20-03-2018 23:11,27-03-2018 00:00
30cd92bf673cad5ee8cbc69432e5b951,0a31417edc59c78d19a6553b5a6328a7,shipped,21-10-2017 14:06,21-10-2017 14:25,23-10-2017 22:34,,14-11-2017 00:00
d43198c2d47efb581c5c8c0e2676a7de,7abae3fa545cee17000026ebfca8eabc,delivered,11-02-2018 13:27,11-02-2018 13:40,21-02-2018 23:07,14-03-2018 21:53,15-03-2018 00:00
456be31c2b2f9d2c2af2e828084a8511,534a35b633f86d450cc51643df986b20,delivered,07-05-2018 14:48,07-05-2018 16:53,08-05-2018 16:51,10-05-2018 23:48,18-05-2018 00:00
b70e6b353379423761497f0d95376da2,ab9a07d930e7adf06ad5602f6aa8c35f,delivered,08-08-2017 18:41,09-08-2017 07:10,10-08-2017 14:03,16-08-2017 16:37,28-08-2017 00:00
0df7ce137bbb12afe0a4e2643c6c43ee,38938c4aa7efccf83e6679291c4d1004,delivered,12-01-2018 09:24,12-01-2018 09:35,12-01-2018 22:27,24-01-2018 15:09,06-02-2018 00:00
a3b0b8da6ce0a4eea99959dcc1924395,0d8011db3d6ba2c418b5b9884dc6feb4,delivered,08-06-2017 20:32,10-06-2017 02:45,12-06-2017 15:53,19-06-2017 16:21,03-07-2017 00:00
8a16ff3cd34e92ae56b0bdcb66dc56e3,596c43277318c607391f4e4124fe579e,delivered,18-07-2018 10:05,18-07-2018 10:22,19-07-2018 19:15,20-07-2018 23:04,27-07-2018 00:00
943f6c7b262e40ec0526ff87156fb401,6588dbadeec34a7c4372ab86dc7dec94,delivered,04-08-2018 17:00,06-08-2018 21:04,10-08-2018 14:36,20-08-2018 13:54,27-08-2018 00:00
3d07c92da0c50282dac7ad3bcf564679,a074fea93d83172d9a71ffca68feea12,delivered,17-08-2017 01:47,19-08-2017 02:26,22-08-2017 09:10,04-09-2017 22:04,15-09-2017 00:00
645d89884725deda9a632a1cd0658149,3ae18fc6a0dc28c2f6d1529288fed153,delivered,29-07-2017 13:21,29-07-2017 13:36,31-07-2017 19:12,02-08-2017 23:56,22-08-2017 00:00
8b45f2717caaaa9636af55943f235b33,184d1cab9ddaf65a2f455daf134e9c01,delivered,09-08-2018 11:21,10-08-2018 17:25,13-08-2018 15:19,24-08-2018 21:46,28-08-2018 00:00
daf610999defe00407d9c3178f42b819,064e2cb3bff15053eb0e4afc471e7f2c,delivered,01-02-2018 17:45,01-02-2018 18:31,06-02-2018 22:17,07-02-2018 20:44,23-02-2018 00:00
554ecc3c2cd2aa5e836523bcf915260a,74ae1af0e124761bfd3049f666889ca3,delivered,10-03-2017 10:01,10-03-2017 10:01,14-03-2017 03:52,22-03-2017 14:44,31-03-2017 00:00
5ab209cc906b44b6ba9238171f46f263,48a07f5ffeff2244f934f7ee1c414100,delivered,14-09-2017 08:57,14-09-2017 09:05,14-09-2017 17:54,19-09-2017 18:49,03-10-2017 00:00
ffbcdac3da2c2f23b699666818b0d38c,fe67d071eefb7f48949cbe89515cd672,delivered,19-06-2018 18:38,19-06-2018 18:56,20-06-2018 10:46,28-06-2018 17:36,19-07-2018 00:00
371a9794bafb1204f585018715ed6065,8b4ffff3de1d179a7bce3dfcf4f1c910,delivered,23-08-2017 05:29,23-08-2017 05:45,23-08-2017 20:03,25-08-2017 19:37,15-09-2017 00:00
64b30be5c86952908e3b2ab4de5c7770,ced7ebd9a7c49bef8dd5506fb0b8647a,delivered,18-07-2018 22:05,18-07-2018 22:22,19-07-2018 11:50,24-07-2018 21:36,03-08-2018 00:00
2be4ffd7d4cce421234db66149a7f749,0bf1d9ed15689a889e24bfa49096a1ef,delivered,16-08-2017 16:24,16-08-2017 17:44,18-08-2017 13:15,19-08-2017 12:08,29-08-2017 00:00
083dcb43c3410ea112ed46dc5e8f6674,b76530b7e66b27cd664ee26efcb0c7dd,delivered,01-12-2017 20:51,01-12-2017 21:24,04-12-2017 18:17,14-12-2017 22:15,04-01-2018 00:00
4c309580256bd11b9a9135a26a1a966b,83f80dacec9b7214a86e64d568bc76d1,delivered,12-01-2018 11:32,12-01-2018 11:48,16-01-2018 16:13,22-01-2018 17:21,07-02-2018 00:00
d79151b701d6eba29bef6aceabc6ada9,6740924d90598652d4d7fa400dc6cb9a,delivered,24-03-2018 17:18,24-03-2018 17:30,26-03-2018 19:31,28-03-2018 23:28,26-04-2018 00:00
8ab67a33f5086c5971aca4569c4067a9,e4ff0e986267ae80bf791de3896f9b4e,delivered,20-01-2018 23:34,23-01-2018 03:37,23-01-2018 23:44,21-02-2018 20:54,21-02-2018 00:00
4fad81538268bbfafe6e20730ec0c4fb,e0768121fd873c695316861281d5dc40,delivered,10-04-2018 10:34,10-04-2018 10:50,11-04-2018 19:46,17-04-2018 17:32,26-04-2018 00:00
44c6a1e50425d53433d3d47e8026f4a6,45bb6f326b5ac217492d09cea88bf4e6,delivered,05-05-2018 19:24,05-05-2018 19:35,11-05-2018 08:43,19-05-2018 10:56,05-06-2018 00:00
af4d478ab583f7d5a1c2eb0313ae763d,d75654891902c3b820abd3545048c592,delivered,08-05-2018 17:22,08-05-2018 17:35,09-05-2018 15:23,10-05-2018 23:46,17-05-2018 00:00
5627e8c82351e621a4f63476e69f3103,4732a17fe217bd7bf543a5b668b27de2,delivered,18-05-2017 12:41,18-05-2017 13:10,18-05-2017 13:39,29-05-2017 16:46,09-06-2017 00:00
0982c70ab125dee2e64f27e5aa2b4fb8,79c672ef1735d58585e076fb896276b3,delivered,15-02-2018 18:26,17-02-2018 03:47,20-02-2018 10:39,21-02-2018 21:24,02-03-2018 00:00
46aed1a9166babaebbe7af749841b024,7ee49fee1a5d3c3c30f39ca51b1b367e,delivered,04-12-2017 21:01,05-12-2017 08:30,05-12-2017 22:57,12-12-2017 22:09,02-01-2018 00:00
5cd1e199b5a1a3c27407766b2788851c,446e5d4f61445564a962e11953a4d5ec,delivered,14-06-2018 19:21,14-06-2018 19:37,21-06-2018 05:31,27-06-2018 17:52,18-07-2018 00:00
bdf1e2d7d2e18e7b0a623550d2202ea7,e314b1b0829d37e817b515fd2a5e194b,delivered,13-05-2018 15:27,13-05-2018 15:52,15-05-2018 07:49,23-05-2018 11:42,13-06-2018 00:00
22ce839b4cf363dd05a5cde6a91e53de,7638ebb9a062fb69f8646c668dd5e3d6,delivered,20-06-2018 15:27,20-06-2018 16:01,21-06-2018 12:05,26-06-2018 19:41,13-07-2018 00:00
088858a852d62de0c175c9cc4bc0ddb6,c49ddc57f4de85a5c7694bf37f9b525d,delivered,13-05-2018 13:35,13-05-2018 13:52,15-05-2018 09:06,17-05-2018 21:19,28-05-2018 00:00
281f583b66b67f63c1917c691644c22a,5feb8ef6c9e1b2ccd51d363f014c491d,delivered,02-04-2018 19:57,02-04-2018 20:10,04-04-2018 02:41,17-04-2018 12:24,25-04-2018 00:00
6af5a09bae161896af1bd1d4a83a39ce,765c5a44d2bee479336e965c39e85f13,delivered,12-06-2018 15:01,12-06-2018 15:46,15-06-2018 09:14,21-06-2018 12:26,16-07-2018 00:00
eab1323931616e5f3e93993cdc621291,01a2c54f25845c02bff35dbbb7d32c77,delivered,26-04-2017 21:02,26-04-2017 21:15,28-04-2017 14:01,08-05-2017 16:13,06-06-2017 00:00
b552f6623b3b474d4cff0a44146cd120,bf16ebb1ed47bce228a5b9f57fd4ff82,delivered,16-01-2018 22:08,18-01-2018 02:11,19-01-2018 21:32,24-01-2018 20:09,06-02-2018 00:00
c7a9de0ea61229818bdab21f76b0e804,21f377bcfd473f018492b826540d36ef,shipped,25-11-2017 19:48,25-11-2017 19:56,27-11-2017 23:20,,19-12-2017 00:00
e102b2494339fab55c3daf18187409a6,91202e3985d66cef5918e07b66764944,delivered,20-07-2017 13:35,20-07-2017 13:50,26-07-2017 19:20,18-08-2017 18:46,11-08-2017 00:00
55b2e390d5d80ada31ad1b795ebeb087,055e117cce871c681f903f52d7a866d4,delivered,26-01-2017 00:20,26-01-2017 00:30,26-01-2017 11:53,07-02-2017 16:31,14-03-2017 00:00
16244699615d84f02399e1b0e88468b2,da94b6d4f10776be847cd1869a2c677d,delivered,01-04-2017 17:11,01-04-2017 17:22,07-04-2017 13:22,19-04-2017 14:45,26-04-2017 00:00
bee6725f139fe39335cd3462ac55ffd8,7c3458230604625116a1504a7de10094,delivered,01-12-2017 18:40,02-12-2017 02:51,13-12-2017 17:35,22-12-2017 17:39,04-01-2018 00:00
ecc4c3f49c7e63c6fc8b2036fd78a185,f975bf6848e2b14caf976bece4dac690,delivered,01-02-2018 22:12,01-02-2018 22:29,03-02-2018 00:41,03-02-2018 14:48,19-02-2018 00:00
73435a60acd2fe1260eb7bb6587465ed,d5eb02a8c975623581be64cdfc05d1ce,delivered,01-03-2017 22:05,01-03-2017 22:22,02-03-2017 10:25,08-03-2017 15:31,27-03-2017 00:00
a7ddbf4f5ef6befd9d3569b1c34a9605,21c8877e6b8dde1b62754d08036ffd1d,delivered,20-02-2017 20:20,20-02-2017 21:25,21-02-2017 09:19,06-03-2017 12:38,29-03-2017 00:00
087c44ddc65697d4a3a2af9234c5a22b,75de575b1ac67f10d725383d4ae0b0ae,delivered,08-04-2018 20:12,08-04-2018 20:30,10-04-2018 14:48,19-04-2018 13:14,08-05-2018 00:00
